-- phpMyAdmin SQL Dump
-- version 5.1.1
-- https://www.phpmyadmin.net/
--
-- Host: 127.0.0.1
-- Generation Time: Apr 02, 2024 at 01:27 PM
-- Server version: 10.4.22-MariaDB
-- PHP Version: 8.1.2

SET SQL_MODE = "NO_AUTO_VALUE_ON_ZERO";
START TRANSACTION;
SET time_zone = "+00:00";


/*!40101 SET @OLD_CHARACTER_SET_CLIENT=@@CHARACTER_SET_CLIENT */;
/*!40101 SET @OLD_CHARACTER_SET_RESULTS=@@CHARACTER_SET_RESULTS */;
/*!40101 SET @OLD_COLLATION_CONNECTION=@@COLLATION_CONNECTION */;
/*!40101 SET NAMES utf8mb4 */;

--
-- Database: `calceri`
--

-- --------------------------------------------------------

--
-- Table structure for table `enseignant`
--

CREATE TABLE `enseignant` (
  `id` int(11) NOT NULL,
  `username` varchar(511) DEFAULT NULL,
  `password` varchar(255) DEFAULT NULL,
  `email` varchar(255) DEFAULT NULL
) ENGINE=InnoDB DEFAULT CHARSET=utf8mb4;

--
-- Dumping data for table `enseignant`
--

INSERT INTO `enseignant` (`id`, `username`, `password`, `email`) VALUES
(1, 'FREDOUILLE Corinne', 'okay', 'FREDOUILLE Corinne@alumni.univ-avignon.fr'),
(2, 'PUY CAZCARRA Emmanuel', NULL, 'PUY CAZCARRA Emmanuel@alumni.univ-avignon.fr'),
(3, 'NABITZ Sophie', NULL, 'NABITZ Sophie@alumni.univ-avignon.fr'),
(4, 'FREDOUILLE Corinne, JABAIAN Bassam', NULL, 'FREDOUILLE Corinne, JABAIAN Bassam@alumni.univ-avignon.fr'),
(5, 'JABAIAN Bassam', NULL, 'JABAIAN Bassam@alumni.univ-avignon.fr'),
(6, 'REY Carole', NULL, 'REY Carole@alumni.univ-avignon.fr'),
(7, 'MARTIN Yannis', NULL, 'MARTIN Yannis@alumni.univ-avignon.fr'),
(8, 'MARTIN Yannis, PUY CAZCARRA Emmanuel', NULL, 'MARTIN Yannis, PUY CAZCARRA Emmanuel@alumni.univ-avignon.fr'),
(9, 'COSTA Jean-pierre', NULL, 'COSTA Jean-pierre@alumni.univ-avignon.fr'),
(10, 'LABRAK Yanis', NULL, 'LABRAK Yanis@alumni.univ-avignon.fr'),
(11, 'PELERIN Aurelien', NULL, 'PELERIN Aurelien@alumni.univ-avignon.fr'),
(12, 'ROUVIER Mickael', NULL, 'ROUVIER Mickael@alumni.univ-avignon.fr'),
(13, 'HADDAD Majed, VERNET Mathilde', NULL, 'HADDAD Majed, VERNET Mathilde@alumni.univ-avignon.fr'),
(14, 'BROCHARD Marc', NULL, 'BROCHARD Marc@alumni.univ-avignon.fr'),
(15, 'LEFEVRE Fabrice', NULL, 'LEFEVRE Fabrice@alumni.univ-avignon.fr'),
(16, 'BENSLIMANE Abderrahim, BONASTRE Jean-Francois, FIGUEIREDO Rosa, FREDOUILLE Corinne, GOZLAN Philippe, HADDAD Majed, HAYEL Yezekael, HUET Stephane, JIMENEZ Tania, JOURLIN Pierre, LEFEVRE Fabrice, MORCHID Mohamed, NOCERA Pascal, PUY CAZCARRA Emmanuel, TORRES MORENO Juan manuel, VERNET Mathilde', NULL, 'BENSLIMANE Abderrahim, BONASTRE Jean-Francois, FIGUEIREDO Rosa, FREDOUILLE Corinne, GOZLAN Philippe, HADDAD Majed, HAYEL Yezekael, HUET Stephane, JIMENEZ Tania, JOURLIN Pierre, LEFEVRE Fabrice, MORCHID Mohamed, NOCERA Pascal, PUY CAZCARRA Emmanuel, TORRES'),
(17, 'MORCHID Mohamed', NULL, 'MORCHID Mohamed@alumni.univ-avignon.fr'),
(18, 'FERREIRA Emmanuel', NULL, 'FERREIRA Emmanuel@alumni.univ-avignon.fr'),
(19, 'SALAS Daniel', NULL, 'SALAS Daniel@alumni.univ-avignon.fr'),
(20, 'BONNEFOY Ludovic', NULL, 'BONNEFOY Ludovic@alumni.univ-avignon.fr'),
(21, 'RONDIN Lilian', 'okay', 'RONDIN Lilian@alumni.univ-avignon.fr'),
(22, 'CARIAS Patrick', NULL, 'CARIAS Patrick@alumni.univ-avignon.fr'),
(23, 'CECILLON Noe', NULL, 'CECILLON Noe@alumni.univ-avignon.fr'),
(24, 'AMALVY Arthur', 'okay', 'AMALVY Arthur@alumni.univ-avignon.fr'),
(25, '', NULL, '@alumni.univ-avignon.fr'),
(26, 'ATER MASTER INFO', NULL, 'ATER MASTER INFO@alumni.univ-avignon.fr'),
(27, 'HUET Stephane', NULL, 'HUET Stephane@alumni.univ-avignon.fr'),
(28, 'DHAUSSY Timothee', NULL, 'DHAUSSY Timothee@alumni.univ-avignon.fr'),
(29, 'BENSLIMANE Abderrahim, LABATUT Vincent, ROUVIER Mickael', NULL, 'BENSLIMANE Abderrahim, LABATUT Vincent, ROUVIER Mickael@alumni.univ-avignon.fr'),
(30, 'FIGUEIREDO Rosa, VERNET Mathilde', NULL, 'FIGUEIREDO Rosa, VERNET Mathilde@alumni.univ-avignon.fr'),
(31, 'BENSLIMANE Abderrahim, FIGUEIREDO Rosa, HUET Stephane, JABAIAN Bassam, LABATUT Vincent, MATROUF Driss, ROUVIER Mickael, SPRIET Thierry', NULL, 'BENSLIMANE Abderrahim, FIGUEIREDO Rosa, HUET Stephane, JABAIAN Bassam, LABATUT Vincent, MATROUF Driss, ROUVIER Mickael, SPRIET Thierry@alumni.univ-avignon.fr'),
(32, 'BENSLIMANE Abderrahim, COSTA Jean-pierre, DE PELLEGRINI Francesco, ELAZOUZI Rachid, ESTEVE Yannick, FIGUEIREDO Rosa, FREDOUILLE Corinne, GILLES Philippe, GOZLAN Philippe, GUEYE Serigne, HADDAD Majed, HAYEL Yezekael, HUET Stephane, JABAIAN Bassam, JOURLIN Pierre, LABATUT Vincent, LEFEVRE Fabrice, MATROUF Driss, NOCERA Pascal, ROUVIER Mickael, SPRIET Thierry, TORRES MORENO Juan manuel, VERNET Mathilde, ZHOU Fen', NULL, 'BENSLIMANE Abderrahim, COSTA Jean-pierre, DE PELLEGRINI Francesco, ELAZOUZI Rachid, ESTEVE Yannick, FIGUEIREDO Rosa, FREDOUILLE Corinne, GILLES Philippe, GOZLAN Philippe, GUEYE Serigne, HADDAD Majed, HAYEL Yezekael, HUET Stephane, JABAIAN Bassam, JOURLIN '),
(33, 'BENSLIMANE Abderrahim, ROUVIER Mickael', NULL, 'BENSLIMANE Abderrahim, ROUVIER Mickael@alumni.univ-avignon.fr'),
(34, 'BEILLON Jennifer, HUET Stephane', NULL, 'BEILLON Jennifer, HUET Stephane@alumni.univ-avignon.fr'),
(35, 'FIGUEIREDO Rosa', NULL, 'FIGUEIREDO Rosa@alumni.univ-avignon.fr'),
(36, 'LEFEVRE Fabrice, TORRES MORENO Juan manuel', NULL, 'LEFEVRE Fabrice, TORRES MORENO Juan manuel@alumni.univ-avignon.fr'),
(37, 'HADDAD Majed, LEFEVRE Fabrice', NULL, 'HADDAD Majed, LEFEVRE Fabrice@alumni.univ-avignon.fr'),
(38, 'LABATUT Vincent', NULL, 'LABATUT Vincent@alumni.univ-avignon.fr'),
(39, 'GUEYE Serigne', NULL, 'GUEYE Serigne@alumni.univ-avignon.fr'),
(40, 'MDHAFFAR Salima', NULL, 'MDHAFFAR Salima@alumni.univ-avignon.fr'),
(41, 'VERNET Mathilde', NULL, 'VERNET Mathilde@alumni.univ-avignon.fr'),
(42, 'TORRES MORENO Juan manuel', NULL, 'TORRES MORENO Juan manuel@alumni.univ-avignon.fr'),
(43, 'HAYEL Yezekael', NULL, 'HAYEL Yezekael@alumni.univ-avignon.fr'),
(44, 'ESTEVE Yannick', NULL, 'ESTEVE Yannick@alumni.univ-avignon.fr'),
(45, 'test', 'test', 'test@test.com');

-- --------------------------------------------------------

--
-- Table structure for table `etudiant`
--

CREATE TABLE `etudiant` (
  `id` int(11) NOT NULL,
  `username` varchar(50) DEFAULT NULL,
  `password` varchar(255) DEFAULT NULL,
  `formation_id` int(11) DEFAULT NULL
) ENGINE=InnoDB DEFAULT CHARSET=utf8mb4;

--
-- Dumping data for table `etudiant`
--

INSERT INTO `etudiant` (`id`, `username`, `password`, `formation_id`) VALUES
(1, 'uapv2400431', 'Ibrahim', 1);

-- --------------------------------------------------------

--
-- Table structure for table `formation`
--

CREATE TABLE `formation` (
  `id` int(11) NOT NULL,
  `nom` varchar(255) DEFAULT NULL
) ENGINE=InnoDB DEFAULT CHARSET=utf8mb4;

--
-- Dumping data for table `formation`
--

INSERT INTO `formation` (`id`, `nom`) VALUES
(1, 'ILSEN-CLA'),
(2, 'ILSEN-ALT'),
(3, 'AI-CLA'),
(4, 'AI-ALT');

-- --------------------------------------------------------

--
-- Table structure for table `matiere`
--

CREATE TABLE `matiere` (
  `id` int(11) NOT NULL,
  `nom` varchar(255) DEFAULT NULL
) ENGINE=InnoDB DEFAULT CHARSET=utf8mb4;

--
-- Dumping data for table `matiere`
--

INSERT INTO `matiere` (`id`, `nom`) VALUES
(1, 'Reservation de salles'),
(2, 'UCE 1 ARCHITECTURES CLOUD ET'),
(3, 'UCE 2 ARCHITECTURES WEB'),
(4, 'UCE 1 ANGLAIS (ORIENTE ENTREP'),
(5, 'UCE 2 MANAGEMENT PAR LES PROC'),
(6, 'UCE 3 GESTION DE PROJET'),
(7, 'UCE 4 APPLICATION DE MSI'),
(8, 'UCE 1 DESIGN PATTERN AVANCE'),
(9, 'UCE 2 PROGRAMMATION PARALLELE'),
(10, 'UCE 3 URBANISATION'),
(11, 'UCE 4 APPLICATION DE CONCEPTI'),
(12, 'UCE 1 PROJET'),
(13, 'UCE 2 INSERTION PROFESSIONNEL'),
(14, 'UCE 1 VEILLE TECHNOLOGIQUE'),
(15, 'UE PROJET 2'),
(16, 'UCE 4 APPLICATION ARCHITECTUR'),
(17, 'UCE 1 TECHNIQUES DE TEST'),
(18, 'UCE 1 SERVEURS D\'APPLICATION'),
(19, 'UCE 2 MIDDLEWARE'),
(20, 'UCE 3 APPLICATIONS ORIENTEES'),
(21, 'UCE 2 ANGLAIS (ORIENTE TECHNI'),
(22, 'UCE 2 PROTOTYPAGE ET INTERFAC'),
(23, 'UCE 3 PROCESSUS DU DEVELOPPEM'),
(24, 'Rentree specifique'),
(25, 'UCE 1 INTRODUCTION A L\'INTELL'),
(26, 'UCE 2 APPRENTISSAGE NON-SUPER'),
(27, 'UCE 3 OPTIMISATION NON-LINEAI'),
(28, 'UCE 4 TRAITEMENT AUTOMATIQUE'),
(29, 'UCE 2 APPROCHES NEURONALES'),
(30, 'UCE 1 MODELES STOCHASTIQUES'),
(31, 'UCE 3 APPLICATION IA');

-- --------------------------------------------------------

--
-- Table structure for table `memo`
--

CREATE TABLE `memo` (
  `id` int(11) NOT NULL,
  `description` text DEFAULT NULL
) ENGINE=InnoDB DEFAULT CHARSET=utf8mb4;

--
-- Dumping data for table `memo`
--

INSERT INTO `memo` (`id`, `description`) VALUES
(1, 'reunion de rentree des alternants'),
(2, ''),
(3, 'Evaluation'),
(4, 'Presentation des projets de M1 classiques'),
(5, '2eme rencontre intermediaire des projets de M1 classiques'),
(6, '1ere rencontre intermediaire des projets de M1 classiques'),
(7, 'NE PAS DEPLACER'),
(8, 'SOUTENANCE'),
(9, 'Soutenances de projet Master CERI'),
(10, '1ere rencontre'),
(11, 'TP3'),
(12, 'TP4'),
(13, 'TP2'),
(14, 'TP6'),
(15, 'TP1'),
(16, 'TP5'),
(17, 'TP7'),
(18, 'TP8'),
(19, 'TP9'),
(20, 'TP10'),
(21, '2eme rencontre'),
(22, 'entreprise'),
(23, 'Reunion alternance mi-semestre'),
(24, 'Reunion mi-semestre alternance'),
(25, 'reunion de rentree du master informatique'),
(26, 'reunion d\'information Ada Lovelace'),
(27, 'ceremonie de remise des diplômes'),
(28, 'soutenance alternance'),
(29, 'Entretiens individuels'),
(30, 'salon alternance 2024'),
(31, 'semaine femmes en sciences'),
(32, 'Voyage scolaire'),
(33, 'VISIO'),
(34, 'QCM'),
(35, 'Seminaire de recherche LIA - CMI UNIQUEMENT'),
(36, 'AGORA - CMI UNIQUEMENT'),
(37, 'Seminaire recherche LIA - CMI UNIQUEMENT'),
(38, 'Presentation de l\'alternance'),
(39, 'Informations pratiques sur l\'alternance');

-- --------------------------------------------------------

--
-- Table structure for table `salle`
--

CREATE TABLE `salle` (
  `id` int(11) NOT NULL,
  `nom` varchar(255) DEFAULT NULL,
  `disponible` tinyint(1) DEFAULT NULL
) ENGINE=InnoDB DEFAULT CHARSET=utf8mb4;

--
-- Dumping data for table `salle`
--

INSERT INTO `salle` (`id`, `nom`, `disponible`) VALUES
(1, 'Amphi Ada', NULL),
(2, 'Amphi Blaise', NULL),
(3, 'CISCO = C 133 reseaux', NULL),
(4, 'Stat 2 = Info - C 136', NULL),
(5, 'Stat 3 = Info - C 135', NULL),
(6, 'S3 = C 036', NULL),
(7, 'S5 = C 024', NULL),
(8, 'S4 = C 034', NULL),
(9, 'S2 = C 040', NULL),
(10, 'S6 = C 022', NULL),
(11, 'Stat 1 = Info - C 137', NULL),
(12, 'Stat9 = Info - C 026', NULL),
(13, 'Stat 5 = Info - C 130', NULL),
(14, 'Stat 6 = Info - C 129', NULL),
(15, 'Stat 5 = Info - C 130, Stat 6 = Info - C 129', NULL),
(16, 'Stat 8 = Info - C 127, Stat9 = Info - C 026', NULL),
(17, 'Stat 4 = Info - C 131', NULL),
(18, 'Stat 6 = Info - C 129, Stat 7 = Info - C 128', NULL),
(19, 'Stat 1 = Info - C 137, Stat 2 = Info - C 136', NULL),
(20, 'S7 = C 032', NULL),
(21, 'Stat 8 = Info - C 127', NULL),
(22, 'RES = C 132 Reseaux', NULL),
(23, 'CERI, Stat 2 = Info - C 136, Stat 3 = Info - C 135', NULL),
(24, 'AGRB020 ( HDMI ), AGRB021 ( HDMI ), AGRB022 ( HDMI ), AGRB023 ( HDMI )', NULL),
(25, 'S2 = C 040, S3 = C 036, S4 = C 034, S7 = C 032', NULL),
(26, 'Stat 7 = Info - C 128', NULL),
(27, 'S2 BIS = C 038', NULL),
(28, '', NULL),
(29, 'Amphi Ada, Amphi Blaise, S1 = C 042 Nodes, S2 = C 040, S2 BIS = C 038, S3 = C 036, S4 = C 034, S5 = C 024, S6 = C 022, S7 = C 032, S8 = C 030', NULL),
(30, 'S5 = C 024, S6 = C 022', NULL),
(31, 'Amphi Ada, Amphi Blaise, S1 = C 042 Nodes, S2 = C 040, S2 BIS = C 038, S3 = C 036, S4 = C 034, S5 = C 024, S6 = C 022, S7 = C 032, S8 = C 030, Stat 1 = Info - C 137, Stat 6 = Info - C 129, Stat 7 = Info - C 128', NULL),
(32, 'Stat 1 = Info - C 137, Stat 2 = Info - C 136, Stat 7 = Info - C 128', NULL),
(33, 'S1 = C 042 Nodes', NULL),
(34, 'S8 = C 030', NULL);

-- --------------------------------------------------------

--
-- Table structure for table `seance`
--

CREATE TABLE `seance` (
  `uid` varchar(50) NOT NULL,
  `dtStart` datetime DEFAULT NULL,
  `dtEnd` datetime DEFAULT NULL,
  `matiere_id` int(11) DEFAULT NULL,
  `enseignant_id` int(11) DEFAULT NULL,
  `salle_id` int(11) DEFAULT NULL,
  `formation_id` int(11) DEFAULT NULL,
  `type_id` int(11) DEFAULT NULL,
  `memo_id` int(11) DEFAULT NULL
) ENGINE=InnoDB DEFAULT CHARSET=utf8mb4;

--
-- Dumping data for table `seance`
--

INSERT INTO `seance` (`uid`, `dtStart`, `dtEnd`, `matiere_id`, `enseignant_id`, `salle_id`, `formation_id`, `type_id`, `memo_id`) VALUES
('Cours-20569-29-M1-IA-IL-ALT-Index-Education', '2024-01-09 16:00:00', '2024-01-09 19:00:00', 6, 9, 2, 4, 4, 2),
('Cours-20569-29-M1-IA-IL-CLA-Index-Education', '2024-01-09 16:00:00', '2024-01-09 19:00:00', 6, 9, 2, 3, 4, 2),
('Cours-20569-29-M1-ILSEN-cla-Gr1-Index-Education', '2024-01-09 16:00:00', '2024-01-09 19:00:00', 6, 9, 2, 1, 4, 2),
('Cours-20588-29-M1-IA-IL-ALT-Index-Education', '2024-01-09 11:30:00', '2024-01-09 13:00:00', 6, 9, 1, 4, 2, 2),
('Cours-20588-29-M1-IA-IL-CLA-Index-Education', '2024-01-09 11:30:00', '2024-01-09 13:00:00', 6, 9, 1, 3, 2, 2),
('Cours-20588-29-M1-ILSEN-cla-Gr1-Index-Education', '2024-01-09 11:30:00', '2024-01-09 13:00:00', 6, 9, 1, 1, 2, 2),
('Cours-20601-16-M1-ILSEN-cla-Gr1-Index-Education', '2023-10-09 13:30:00', '2023-10-09 16:30:00', 9, 11, 21, 1, 3, 2),
('Cours-20602-20-M1-IA-IL-ALT-Index-Education', '2023-11-10 08:30:00', '2023-11-10 11:30:00', 9, 12, 4, 4, 3, 2),
('Cours-2543-14-M1-IA-IL-ALT-Index-Education', '2023-09-25 07:00:00', '2023-09-25 18:00:00', 1, 25, 28, 4, 1, 22),
('Cours-2543-14-M1-ILSEN-alt-GR1-Index-Education', '2023-09-25 07:00:00', '2023-09-25 18:00:00', 1, 25, 28, 2, 1, 22),
('Cours-2543-15-M1-IA-IL-ALT-Index-Education', '2023-10-02 07:00:00', '2023-10-02 18:00:00', 1, 25, 28, 4, 1, 22),
('Cours-2543-15-M1-ILSEN-alt-GR1-Index-Education', '2023-10-02 07:00:00', '2023-10-02 18:00:00', 1, 25, 28, 2, 1, 22),
('Cours-2543-18-M1-IA-IL-ALT-Index-Education', '2023-10-23 07:00:00', '2023-10-23 18:00:00', 1, 25, 28, 4, 1, 22),
('Cours-2543-18-M1-ILSEN-alt-GR1-Index-Education', '2023-10-23 07:00:00', '2023-10-23 18:00:00', 1, 25, 28, 2, 1, 22),
('Cours-2543-19-M1-IA-IL-ALT-Index-Education', '2023-10-30 08:00:00', '2023-10-30 19:00:00', 1, 25, 28, 4, 1, 22),
('Cours-2543-19-M1-ILSEN-alt-GR1-Index-Education', '2023-10-30 08:00:00', '2023-10-30 19:00:00', 1, 25, 28, 2, 1, 22),
('Cours-2543-22-M1-IA-IL-ALT-Index-Education', '2023-11-20 08:00:00', '2023-11-20 19:00:00', 1, 25, 28, 4, 1, 22),
('Cours-2543-22-M1-ILSEN-alt-GR1-Index-Education', '2023-11-20 08:00:00', '2023-11-20 19:00:00', 1, 25, 28, 2, 1, 22),
('Cours-2543-23-M1-IA-IL-ALT-Index-Education', '2023-11-27 08:00:00', '2023-11-27 19:00:00', 1, 25, 28, 4, 1, 22),
('Cours-2543-23-M1-ILSEN-alt-GR1-Index-Education', '2023-11-27 08:00:00', '2023-11-27 19:00:00', 1, 25, 28, 2, 1, 22),
('Cours-2543-30-M1-IA-IL-ALT-Index-Education', '2024-01-15 08:00:00', '2024-01-15 19:00:00', 1, 25, 28, 4, 1, 22),
('Cours-2543-30-M1-ILSEN-alt-GR1-Index-Education', '2024-01-15 08:00:00', '2024-01-15 19:00:00', 1, 25, 28, 2, 1, 22),
('Cours-2543-31-M1-IA-IL-ALT-Index-Education', '2024-01-22 08:00:00', '2024-01-22 19:00:00', 1, 25, 28, 4, 1, 22),
('Cours-2543-31-M1-ILSEN-alt-GR1-Index-Education', '2024-01-22 08:00:00', '2024-01-22 19:00:00', 1, 25, 28, 2, 1, 22),
('Cours-2543-35-M1-IA-IL-ALT-Index-Education', '2024-02-19 08:00:00', '2024-02-19 19:00:00', 1, 25, 28, 4, 1, 22),
('Cours-2543-35-M1-ILSEN-alt-GR1-Index-Education', '2024-02-19 08:00:00', '2024-02-19 19:00:00', 1, 25, 28, 2, 1, 22),
('Cours-2543-36-M1-IA-IL-ALT-Index-Education', '2024-02-26 08:00:00', '2024-02-26 19:00:00', 1, 25, 28, 4, 1, 22),
('Cours-2543-36-M1-ILSEN-alt-GR1-Index-Education', '2024-02-26 08:00:00', '2024-02-26 19:00:00', 1, 25, 28, 2, 1, 22),
('Cours-2543-40-M1-IA-IL-ALT-Index-Education', '2024-03-25 08:00:00', '2024-03-25 19:00:00', 1, 25, 28, 4, 1, 22),
('Cours-2543-40-M1-ILSEN-alt-GR1-Index-Education', '2024-03-25 08:00:00', '2024-03-25 19:00:00', 1, 25, 28, 2, 1, 22),
('Cours-2543-44-M1-IA-IL-ALT-Index-Education', '2024-04-22 07:00:00', '2024-04-22 18:00:00', 1, 25, 28, 4, 1, 22),
('Cours-2543-44-M1-ILSEN-alt-GR1-Index-Education', '2024-04-22 07:00:00', '2024-04-22 18:00:00', 1, 25, 28, 2, 1, 22),
('Cours-2543-45-M1-IA-IL-ALT-Index-Education', '2024-04-29 07:00:00', '2024-04-29 18:00:00', 1, 25, 28, 4, 1, 22),
('Cours-2543-45-M1-ILSEN-alt-GR1-Index-Education', '2024-04-29 07:00:00', '2024-04-29 18:00:00', 1, 25, 28, 2, 1, 22),
('Cours-2543-46-M1-IA-IL-ALT-Index-Education', '2024-05-06 07:00:00', '2024-05-06 18:00:00', 1, 25, 28, 4, 1, 22),
('Cours-2543-46-M1-ILSEN-alt-GR1-Index-Education', '2024-05-06 07:00:00', '2024-05-06 18:00:00', 1, 25, 28, 2, 1, 22),
('Cours-2543-49-M1-IA-IL-ALT-Index-Education', '2024-05-27 07:00:00', '2024-05-27 18:00:00', 1, 25, 28, 4, 1, 22),
('Cours-2543-49-M1-ILSEN-alt-GR1-Index-Education', '2024-05-27 07:00:00', '2024-05-27 18:00:00', 1, 25, 28, 2, 1, 22),
('Cours-2543-50-M1-IA-IL-ALT-Index-Education', '2024-06-03 07:00:00', '2024-06-03 18:00:00', 1, 25, 28, 4, 1, 22),
('Cours-2543-50-M1-ILSEN-alt-GR1-Index-Education', '2024-06-03 07:00:00', '2024-06-03 18:00:00', 1, 25, 28, 2, 1, 22),
('Cours-2543-51-M1-IA-IL-ALT-Index-Education', '2024-06-10 07:00:00', '2024-06-10 18:00:00', 1, 25, 28, 4, 1, 22),
('Cours-2543-51-M1-ILSEN-alt-GR1-Index-Education', '2024-06-10 07:00:00', '2024-06-10 18:00:00', 1, 25, 28, 2, 1, 22),
('Cours-2543-52-M1-IA-IL-ALT-Index-Education', '2024-06-17 07:00:00', '2024-06-17 18:00:00', 1, 25, 28, 4, 1, 22),
('Cours-2543-52-M1-ILSEN-alt-GR1-Index-Education', '2024-06-17 07:00:00', '2024-06-17 18:00:00', 1, 25, 28, 2, 1, 22),
('Cours-2543-53-M1-IA-IL-ALT-Index-Education', '2024-06-24 07:00:00', '2024-06-24 18:00:00', 1, 25, 28, 4, 1, 22),
('Cours-2543-53-M1-ILSEN-alt-GR1-Index-Education', '2024-06-24 07:00:00', '2024-06-24 18:00:00', 1, 25, 28, 2, 1, 22),
('Cours-2543-54-M1-IA-IL-ALT-Index-Education', '2024-07-01 07:00:00', '2024-07-01 18:00:00', 1, 25, 28, 4, 1, 22),
('Cours-2543-54-M1-ILSEN-alt-GR1-Index-Education', '2024-07-01 07:00:00', '2024-07-01 18:00:00', 1, 25, 28, 2, 1, 22),
('Cours-2548-14-M1-IA-IL-ALT-Index-Education', '2023-09-26 07:00:00', '2023-09-26 18:00:00', 1, 25, 28, 4, 1, 22),
('Cours-2548-14-M1-ILSEN-alt-GR1-Index-Education', '2023-09-26 07:00:00', '2023-09-26 18:00:00', 1, 25, 28, 2, 1, 22),
('Cours-2548-15-M1-IA-IL-ALT-Index-Education', '2023-10-03 07:00:00', '2023-10-03 18:00:00', 1, 25, 28, 4, 1, 22),
('Cours-2548-15-M1-ILSEN-alt-GR1-Index-Education', '2023-10-03 07:00:00', '2023-10-03 18:00:00', 1, 25, 28, 2, 1, 22),
('Cours-2548-18-M1-IA-IL-ALT-Index-Education', '2023-10-24 07:00:00', '2023-10-24 18:00:00', 1, 25, 28, 4, 1, 22),
('Cours-2548-18-M1-ILSEN-alt-GR1-Index-Education', '2023-10-24 07:00:00', '2023-10-24 18:00:00', 1, 25, 28, 2, 1, 22),
('Cours-2548-19-M1-IA-IL-ALT-Index-Education', '2023-10-31 08:00:00', '2023-10-31 19:00:00', 1, 25, 28, 4, 1, 22),
('Cours-2548-19-M1-ILSEN-alt-GR1-Index-Education', '2023-10-31 08:00:00', '2023-10-31 19:00:00', 1, 25, 28, 2, 1, 22),
('Cours-2548-22-M1-IA-IL-ALT-Index-Education', '2023-11-21 08:00:00', '2023-11-21 19:00:00', 1, 25, 28, 4, 1, 22),
('Cours-2548-22-M1-ILSEN-alt-GR1-Index-Education', '2023-11-21 08:00:00', '2023-11-21 19:00:00', 1, 25, 28, 2, 1, 22),
('Cours-2548-23-M1-IA-IL-ALT-Index-Education', '2023-11-28 08:00:00', '2023-11-28 19:00:00', 1, 25, 28, 4, 1, 22),
('Cours-2548-23-M1-ILSEN-alt-GR1-Index-Education', '2023-11-28 08:00:00', '2023-11-28 19:00:00', 1, 25, 28, 2, 1, 22),
('Cours-2548-27-M1-IA-IL-ALT-Index-Education', '2023-12-26 08:00:00', '2023-12-26 19:00:00', 1, 25, 28, 4, 1, 22),
('Cours-2548-27-M1-ILSEN-alt-GR1-Index-Education', '2023-12-26 08:00:00', '2023-12-26 19:00:00', 1, 25, 28, 2, 1, 22),
('Cours-2548-28-M1-IA-IL-ALT-Index-Education', '2024-01-02 08:00:00', '2024-01-02 19:00:00', 1, 25, 28, 4, 1, 22),
('Cours-2548-28-M1-ILSEN-alt-GR1-Index-Education', '2024-01-02 08:00:00', '2024-01-02 19:00:00', 1, 25, 28, 2, 1, 22),
('Cours-2548-30-M1-IA-IL-ALT-Index-Education', '2024-01-16 08:00:00', '2024-01-16 19:00:00', 1, 25, 28, 4, 1, 22),
('Cours-2548-30-M1-ILSEN-alt-GR1-Index-Education', '2024-01-16 08:00:00', '2024-01-16 19:00:00', 1, 25, 28, 2, 1, 22),
('Cours-2548-31-M1-IA-IL-ALT-Index-Education', '2024-01-23 08:00:00', '2024-01-23 19:00:00', 1, 25, 28, 4, 1, 22),
('Cours-2548-31-M1-ILSEN-alt-GR1-Index-Education', '2024-01-23 08:00:00', '2024-01-23 19:00:00', 1, 25, 28, 2, 1, 22),
('Cours-2548-35-M1-IA-IL-ALT-Index-Education', '2024-02-20 08:00:00', '2024-02-20 19:00:00', 1, 25, 28, 4, 1, 22),
('Cours-2548-35-M1-ILSEN-alt-GR1-Index-Education', '2024-02-20 08:00:00', '2024-02-20 19:00:00', 1, 25, 28, 2, 1, 22),
('Cours-2548-36-M1-IA-IL-ALT-Index-Education', '2024-02-27 08:00:00', '2024-02-27 19:00:00', 1, 25, 28, 4, 1, 22),
('Cours-2548-36-M1-ILSEN-alt-GR1-Index-Education', '2024-02-27 08:00:00', '2024-02-27 19:00:00', 1, 25, 28, 2, 1, 22),
('Cours-2548-40-M1-IA-IL-ALT-Index-Education', '2024-03-26 08:00:00', '2024-03-26 19:00:00', 1, 25, 28, 4, 1, 22),
('Cours-2548-40-M1-ILSEN-alt-GR1-Index-Education', '2024-03-26 08:00:00', '2024-03-26 19:00:00', 1, 25, 28, 2, 1, 22),
('Cours-2548-41-M1-IA-IL-ALT-Index-Education', '2024-04-02 07:00:00', '2024-04-02 18:00:00', 1, 25, 28, 4, 1, 22),
('Cours-2548-41-M1-ILSEN-alt-GR1-Index-Education', '2024-04-02 07:00:00', '2024-04-02 18:00:00', 1, 25, 28, 2, 1, 22),
('Cours-2548-44-M1-IA-IL-ALT-Index-Education', '2024-04-23 07:00:00', '2024-04-23 18:00:00', 1, 25, 28, 4, 1, 22),
('Cours-2548-44-M1-ILSEN-alt-GR1-Index-Education', '2024-04-23 07:00:00', '2024-04-23 18:00:00', 1, 25, 28, 2, 1, 22),
('Cours-2548-45-M1-IA-IL-ALT-Index-Education', '2024-04-30 07:00:00', '2024-04-30 18:00:00', 1, 25, 28, 4, 1, 22),
('Cours-2548-45-M1-ILSEN-alt-GR1-Index-Education', '2024-04-30 07:00:00', '2024-04-30 18:00:00', 1, 25, 28, 2, 1, 22),
('Cours-2548-46-M1-IA-IL-ALT-Index-Education', '2024-05-07 07:00:00', '2024-05-07 18:00:00', 1, 25, 28, 4, 1, 22),
('Cours-2548-46-M1-ILSEN-alt-GR1-Index-Education', '2024-05-07 07:00:00', '2024-05-07 18:00:00', 1, 25, 28, 2, 1, 22),
('Cours-2548-48-M1-IA-IL-ALT-Index-Education', '2024-05-21 07:00:00', '2024-05-21 18:00:00', 1, 25, 28, 4, 1, 22),
('Cours-2548-49-M1-IA-IL-ALT-Index-Education', '2024-05-28 07:00:00', '2024-05-28 18:00:00', 1, 25, 28, 4, 1, 22),
('Cours-2548-49-M1-ILSEN-alt-GR1-Index-Education', '2024-05-28 07:00:00', '2024-05-28 18:00:00', 1, 25, 28, 2, 1, 22),
('Cours-2548-50-M1-IA-IL-ALT-Index-Education', '2024-06-04 07:00:00', '2024-06-04 18:00:00', 1, 25, 28, 4, 1, 22),
('Cours-2548-50-M1-ILSEN-alt-GR1-Index-Education', '2024-06-04 07:00:00', '2024-06-04 18:00:00', 1, 25, 28, 2, 1, 22),
('Cours-2548-51-M1-IA-IL-ALT-Index-Education', '2024-06-11 07:00:00', '2024-06-11 18:00:00', 1, 25, 28, 4, 1, 22),
('Cours-2548-51-M1-ILSEN-alt-GR1-Index-Education', '2024-06-11 07:00:00', '2024-06-11 18:00:00', 1, 25, 28, 2, 1, 22),
('Cours-2548-52-M1-IA-IL-ALT-Index-Education', '2024-06-18 07:00:00', '2024-06-18 18:00:00', 1, 25, 28, 4, 1, 22),
('Cours-2548-52-M1-ILSEN-alt-GR1-Index-Education', '2024-06-18 07:00:00', '2024-06-18 18:00:00', 1, 25, 28, 2, 1, 22),
('Cours-2548-53-M1-IA-IL-ALT-Index-Education', '2024-06-25 07:00:00', '2024-06-25 18:00:00', 1, 25, 28, 4, 1, 22),
('Cours-2548-53-M1-ILSEN-alt-GR1-Index-Education', '2024-06-25 07:00:00', '2024-06-25 18:00:00', 1, 25, 28, 2, 1, 22),
('Cours-2548-54-M1-IA-IL-ALT-Index-Education', '2024-07-02 07:00:00', '2024-07-02 18:00:00', 1, 25, 28, 4, 1, 22),
('Cours-2548-54-M1-ILSEN-alt-GR1-Index-Education', '2024-07-02 07:00:00', '2024-07-02 18:00:00', 1, 25, 28, 2, 1, 22),
('Cours-2552-14-M1-IA-IL-ALT-Index-Education', '2023-09-28 07:00:00', '2023-09-28 18:00:00', 1, 25, 28, 4, 1, 22),
('Cours-2552-14-M1-ILSEN-alt-GR1-Index-Education', '2023-09-28 07:00:00', '2023-09-28 18:00:00', 1, 25, 28, 2, 1, 22),
('Cours-2552-15-M1-IA-IL-ALT-Index-Education', '2023-10-05 07:00:00', '2023-10-05 18:00:00', 1, 25, 28, 4, 1, 22),
('Cours-2552-15-M1-ILSEN-alt-GR1-Index-Education', '2023-10-05 07:00:00', '2023-10-05 18:00:00', 1, 25, 28, 2, 1, 22),
('Cours-2552-18-M1-IA-IL-ALT-Index-Education', '2023-10-26 07:00:00', '2023-10-26 18:00:00', 1, 25, 28, 4, 1, 22),
('Cours-2552-18-M1-ILSEN-alt-GR1-Index-Education', '2023-10-26 07:00:00', '2023-10-26 18:00:00', 1, 25, 28, 2, 1, 22),
('Cours-2552-22-M1-IA-IL-ALT-Index-Education', '2023-11-23 08:00:00', '2023-11-23 19:00:00', 1, 25, 28, 4, 1, 22),
('Cours-2552-22-M1-ILSEN-alt-GR1-Index-Education', '2023-11-23 08:00:00', '2023-11-23 19:00:00', 1, 25, 28, 2, 1, 22),
('Cours-2552-23-M1-IA-IL-ALT-Index-Education', '2023-11-30 08:00:00', '2023-11-30 19:00:00', 1, 25, 28, 4, 1, 22),
('Cours-2552-23-M1-ILSEN-alt-GR1-Index-Education', '2023-11-30 08:00:00', '2023-11-30 19:00:00', 1, 25, 28, 2, 1, 22),
('Cours-2552-27-M1-IA-IL-ALT-Index-Education', '2023-12-28 08:00:00', '2023-12-28 19:00:00', 1, 25, 28, 4, 1, 22),
('Cours-2552-27-M1-ILSEN-alt-GR1-Index-Education', '2023-12-28 08:00:00', '2023-12-28 19:00:00', 1, 25, 28, 2, 1, 22),
('Cours-2552-28-M1-IA-IL-ALT-Index-Education', '2024-01-04 08:00:00', '2024-01-04 19:00:00', 1, 25, 28, 4, 1, 22),
('Cours-2552-28-M1-ILSEN-alt-GR1-Index-Education', '2024-01-04 08:00:00', '2024-01-04 19:00:00', 1, 25, 28, 2, 1, 22),
('Cours-2552-30-M1-IA-IL-ALT-Index-Education', '2024-01-18 08:00:00', '2024-01-18 19:00:00', 1, 25, 28, 4, 1, 22),
('Cours-2552-30-M1-ILSEN-alt-GR1-Index-Education', '2024-01-18 08:00:00', '2024-01-18 19:00:00', 1, 25, 28, 2, 1, 22),
('Cours-2552-31-M1-IA-IL-ALT-Index-Education', '2024-01-25 08:00:00', '2024-01-25 19:00:00', 1, 25, 28, 4, 1, 22),
('Cours-2552-31-M1-ILSEN-alt-GR1-Index-Education', '2024-01-25 08:00:00', '2024-01-25 19:00:00', 1, 25, 28, 2, 1, 22),
('Cours-2552-35-M1-IA-IL-ALT-Index-Education', '2024-02-22 08:00:00', '2024-02-22 19:00:00', 1, 25, 28, 4, 1, 22),
('Cours-2552-35-M1-ILSEN-alt-GR1-Index-Education', '2024-02-22 08:00:00', '2024-02-22 19:00:00', 1, 25, 28, 2, 1, 22),
('Cours-2552-36-M1-IA-IL-ALT-Index-Education', '2024-02-29 08:00:00', '2024-02-29 19:00:00', 1, 25, 28, 4, 1, 22),
('Cours-2552-36-M1-ILSEN-alt-GR1-Index-Education', '2024-02-29 08:00:00', '2024-02-29 19:00:00', 1, 25, 28, 2, 1, 22),
('Cours-2552-40-M1-IA-IL-ALT-Index-Education', '2024-03-28 08:00:00', '2024-03-28 19:00:00', 1, 25, 28, 4, 1, 22),
('Cours-2552-40-M1-ILSEN-alt-GR1-Index-Education', '2024-03-28 08:00:00', '2024-03-28 19:00:00', 1, 25, 28, 2, 1, 22),
('Cours-2552-41-M1-IA-IL-ALT-Index-Education', '2024-04-04 07:00:00', '2024-04-04 18:00:00', 1, 25, 28, 4, 1, 22),
('Cours-2552-41-M1-ILSEN-alt-GR1-Index-Education', '2024-04-04 07:00:00', '2024-04-04 18:00:00', 1, 25, 28, 2, 1, 22),
('Cours-2552-44-M1-IA-IL-ALT-Index-Education', '2024-04-25 07:00:00', '2024-04-25 18:00:00', 1, 25, 28, 4, 1, 22),
('Cours-2552-44-M1-ILSEN-alt-GR1-Index-Education', '2024-04-25 07:00:00', '2024-04-25 18:00:00', 1, 25, 28, 2, 1, 22),
('Cours-2552-48-M1-IA-IL-ALT-Index-Education', '2024-05-23 07:00:00', '2024-05-23 18:00:00', 1, 25, 28, 4, 1, 22),
('Cours-2552-49-M1-IA-IL-ALT-Index-Education', '2024-05-30 07:00:00', '2024-05-30 18:00:00', 1, 25, 28, 4, 1, 22),
('Cours-2552-49-M1-ILSEN-alt-GR1-Index-Education', '2024-05-30 07:00:00', '2024-05-30 18:00:00', 1, 25, 28, 2, 1, 22),
('Cours-2552-50-M1-IA-IL-ALT-Index-Education', '2024-06-06 07:00:00', '2024-06-06 18:00:00', 1, 25, 28, 4, 1, 22),
('Cours-2552-50-M1-ILSEN-alt-GR1-Index-Education', '2024-06-06 07:00:00', '2024-06-06 18:00:00', 1, 25, 28, 2, 1, 22),
('Cours-2552-51-M1-IA-IL-ALT-Index-Education', '2024-06-13 07:00:00', '2024-06-13 18:00:00', 1, 25, 28, 4, 1, 22),
('Cours-2552-51-M1-ILSEN-alt-GR1-Index-Education', '2024-06-13 07:00:00', '2024-06-13 18:00:00', 1, 25, 28, 2, 1, 22),
('Cours-2552-52-M1-IA-IL-ALT-Index-Education', '2024-06-20 07:00:00', '2024-06-20 18:00:00', 1, 25, 28, 4, 1, 22),
('Cours-2552-52-M1-ILSEN-alt-GR1-Index-Education', '2024-06-20 07:00:00', '2024-06-20 18:00:00', 1, 25, 28, 2, 1, 22),
('Cours-2552-53-M1-IA-IL-ALT-Index-Education', '2024-06-27 07:00:00', '2024-06-27 18:00:00', 1, 25, 28, 4, 1, 22),
('Cours-2552-53-M1-ILSEN-alt-GR1-Index-Education', '2024-06-27 07:00:00', '2024-06-27 18:00:00', 1, 25, 28, 2, 1, 22),
('Cours-2552-54-M1-IA-IL-ALT-Index-Education', '2024-07-04 07:00:00', '2024-07-04 18:00:00', 1, 25, 28, 4, 1, 22),
('Cours-2552-54-M1-ILSEN-alt-GR1-Index-Education', '2024-07-04 07:00:00', '2024-07-04 18:00:00', 1, 25, 28, 2, 1, 22),
('Cours-2553-14-M1-IA-IL-ALT-Index-Education', '2023-09-29 07:00:00', '2023-09-29 18:00:00', 1, 25, 28, 4, 1, 22),
('Cours-2553-14-M1-ILSEN-alt-GR1-Index-Education', '2023-09-29 07:00:00', '2023-09-29 18:00:00', 1, 25, 28, 2, 1, 22),
('Cours-2553-15-M1-IA-IL-ALT-Index-Education', '2023-10-06 07:00:00', '2023-10-06 18:00:00', 1, 25, 28, 4, 1, 22),
('Cours-2553-15-M1-ILSEN-alt-GR1-Index-Education', '2023-10-06 07:00:00', '2023-10-06 18:00:00', 1, 25, 28, 2, 1, 22),
('Cours-2553-18-M1-IA-IL-ALT-Index-Education', '2023-10-27 07:00:00', '2023-10-27 18:00:00', 1, 25, 28, 4, 1, 22),
('Cours-2553-18-M1-ILSEN-alt-GR1-Index-Education', '2023-10-27 07:00:00', '2023-10-27 18:00:00', 1, 25, 28, 2, 1, 22),
('Cours-2553-22-M1-IA-IL-ALT-Index-Education', '2023-11-24 08:00:00', '2023-11-24 19:00:00', 1, 25, 28, 4, 1, 22),
('Cours-2553-22-M1-ILSEN-alt-GR1-Index-Education', '2023-11-24 08:00:00', '2023-11-24 19:00:00', 1, 25, 28, 2, 1, 22),
('Cours-2553-23-M1-IA-IL-ALT-Index-Education', '2023-12-01 08:00:00', '2023-12-01 19:00:00', 1, 25, 28, 4, 1, 22),
('Cours-2553-23-M1-ILSEN-alt-GR1-Index-Education', '2023-12-01 08:00:00', '2023-12-01 19:00:00', 1, 25, 28, 2, 1, 22),
('Cours-2553-27-M1-IA-IL-ALT-Index-Education', '2023-12-29 08:00:00', '2023-12-29 19:00:00', 1, 25, 28, 4, 1, 22),
('Cours-2553-27-M1-ILSEN-alt-GR1-Index-Education', '2023-12-29 08:00:00', '2023-12-29 19:00:00', 1, 25, 28, 2, 1, 22),
('Cours-2553-28-M1-IA-IL-ALT-Index-Education', '2024-01-05 08:00:00', '2024-01-05 19:00:00', 1, 25, 28, 4, 1, 22),
('Cours-2553-28-M1-ILSEN-alt-GR1-Index-Education', '2024-01-05 08:00:00', '2024-01-05 19:00:00', 1, 25, 28, 2, 1, 22),
('Cours-2553-30-M1-IA-IL-ALT-Index-Education', '2024-01-19 08:00:00', '2024-01-19 19:00:00', 1, 25, 28, 4, 1, 22),
('Cours-2553-30-M1-ILSEN-alt-GR1-Index-Education', '2024-01-19 08:00:00', '2024-01-19 19:00:00', 1, 25, 28, 2, 1, 22),
('Cours-2553-31-M1-IA-IL-ALT-Index-Education', '2024-01-26 08:00:00', '2024-01-26 19:00:00', 1, 25, 28, 4, 1, 22),
('Cours-2553-31-M1-ILSEN-alt-GR1-Index-Education', '2024-01-26 08:00:00', '2024-01-26 19:00:00', 1, 25, 28, 2, 1, 22),
('Cours-2553-35-M1-IA-IL-ALT-Index-Education', '2024-02-23 08:00:00', '2024-02-23 19:00:00', 1, 25, 28, 4, 1, 22),
('Cours-2553-35-M1-ILSEN-alt-GR1-Index-Education', '2024-02-23 08:00:00', '2024-02-23 19:00:00', 1, 25, 28, 2, 1, 22),
('Cours-2553-36-M1-IA-IL-ALT-Index-Education', '2024-03-01 08:00:00', '2024-03-01 19:00:00', 1, 25, 28, 4, 1, 22),
('Cours-2553-36-M1-ILSEN-alt-GR1-Index-Education', '2024-03-01 08:00:00', '2024-03-01 19:00:00', 1, 25, 28, 2, 1, 22),
('Cours-2553-40-M1-IA-IL-ALT-Index-Education', '2024-03-29 08:00:00', '2024-03-29 19:00:00', 1, 25, 28, 4, 1, 22),
('Cours-2553-40-M1-ILSEN-alt-GR1-Index-Education', '2024-03-29 08:00:00', '2024-03-29 19:00:00', 1, 25, 28, 2, 1, 22),
('Cours-2553-41-M1-IA-IL-ALT-Index-Education', '2024-04-05 07:00:00', '2024-04-05 18:00:00', 1, 25, 28, 4, 1, 22),
('Cours-2553-41-M1-ILSEN-alt-GR1-Index-Education', '2024-04-05 07:00:00', '2024-04-05 18:00:00', 1, 25, 28, 2, 1, 22),
('Cours-2553-44-M1-IA-IL-ALT-Index-Education', '2024-04-26 07:00:00', '2024-04-26 18:00:00', 1, 25, 28, 4, 1, 22),
('Cours-2553-44-M1-ILSEN-alt-GR1-Index-Education', '2024-04-26 07:00:00', '2024-04-26 18:00:00', 1, 25, 28, 2, 1, 22),
('Cours-2553-48-M1-IA-IL-ALT-Index-Education', '2024-05-24 07:00:00', '2024-05-24 18:00:00', 1, 25, 28, 4, 1, 22),
('Cours-2553-49-M1-IA-IL-ALT-Index-Education', '2024-05-31 07:00:00', '2024-05-31 18:00:00', 1, 25, 28, 4, 1, 22),
('Cours-2553-49-M1-ILSEN-alt-GR1-Index-Education', '2024-05-31 07:00:00', '2024-05-31 18:00:00', 1, 25, 28, 2, 1, 22),
('Cours-2553-50-M1-IA-IL-ALT-Index-Education', '2024-06-07 07:00:00', '2024-06-07 18:00:00', 1, 25, 28, 4, 1, 22),
('Cours-2553-50-M1-ILSEN-alt-GR1-Index-Education', '2024-06-07 07:00:00', '2024-06-07 18:00:00', 1, 25, 28, 2, 1, 22),
('Cours-2553-51-M1-IA-IL-ALT-Index-Education', '2024-06-14 07:00:00', '2024-06-14 18:00:00', 1, 25, 28, 4, 1, 22),
('Cours-2553-51-M1-ILSEN-alt-GR1-Index-Education', '2024-06-14 07:00:00', '2024-06-14 18:00:00', 1, 25, 28, 2, 1, 22),
('Cours-2553-52-M1-IA-IL-ALT-Index-Education', '2024-06-21 07:00:00', '2024-06-21 18:00:00', 1, 25, 28, 4, 1, 22),
('Cours-2553-52-M1-ILSEN-alt-GR1-Index-Education', '2024-06-21 07:00:00', '2024-06-21 18:00:00', 1, 25, 28, 2, 1, 22),
('Cours-2553-53-M1-IA-IL-ALT-Index-Education', '2024-06-28 07:00:00', '2024-06-28 18:00:00', 1, 25, 28, 4, 1, 22),
('Cours-2553-53-M1-ILSEN-alt-GR1-Index-Education', '2024-06-28 07:00:00', '2024-06-28 18:00:00', 1, 25, 28, 2, 1, 22),
('Cours-2553-54-M1-IA-IL-ALT-Index-Education', '2024-07-05 07:00:00', '2024-07-05 18:00:00', 1, 25, 28, 4, 1, 22),
('Cours-2553-54-M1-ILSEN-alt-GR1-Index-Education', '2024-07-05 07:00:00', '2024-07-05 18:00:00', 1, 25, 28, 2, 1, 22),
('Cours-2572-41-M1-IA-IL-ALT-Index-Education', '2024-04-01 07:00:00', '2024-04-01 18:00:00', 1, 25, 28, 4, 1, 22),
('Cours-2579-14-M1-IA-IL-ALT-Index-Education', '2023-09-27 07:00:00', '2023-09-27 18:00:00', 1, 25, 28, 4, 1, 22),
('Cours-2579-14-M1-ILSEN-alt-GR1-Index-Education', '2023-09-27 07:00:00', '2023-09-27 18:00:00', 1, 25, 28, 2, 1, 22),
('Cours-2579-15-M1-IA-IL-ALT-Index-Education', '2023-10-04 07:00:00', '2023-10-04 18:00:00', 1, 25, 28, 4, 1, 22),
('Cours-2579-15-M1-ILSEN-alt-GR1-Index-Education', '2023-10-04 07:00:00', '2023-10-04 18:00:00', 1, 25, 28, 2, 1, 22),
('Cours-2579-18-M1-IA-IL-ALT-Index-Education', '2023-10-25 07:00:00', '2023-10-25 18:00:00', 1, 25, 28, 4, 1, 22),
('Cours-2579-18-M1-ILSEN-alt-GR1-Index-Education', '2023-10-25 07:00:00', '2023-10-25 18:00:00', 1, 25, 28, 2, 1, 22),
('Cours-2579-19-M1-IA-IL-ALT-Index-Education', '2023-11-01 08:00:00', '2023-11-01 19:00:00', 1, 25, 28, 4, 1, 22),
('Cours-2579-19-M1-ILSEN-alt-GR1-Index-Education', '2023-11-01 08:00:00', '2023-11-01 19:00:00', 1, 25, 28, 2, 1, 22),
('Cours-2579-22-M1-IA-IL-ALT-Index-Education', '2023-11-22 08:00:00', '2023-11-22 19:00:00', 1, 25, 28, 4, 1, 22),
('Cours-2579-22-M1-ILSEN-alt-GR1-Index-Education', '2023-11-22 08:00:00', '2023-11-22 19:00:00', 1, 25, 28, 2, 1, 22),
('Cours-2579-23-M1-IA-IL-ALT-Index-Education', '2023-11-29 08:00:00', '2023-11-29 19:00:00', 1, 25, 28, 4, 1, 22),
('Cours-2579-23-M1-ILSEN-alt-GR1-Index-Education', '2023-11-29 08:00:00', '2023-11-29 19:00:00', 1, 25, 28, 2, 1, 22),
('Cours-2579-27-M1-IA-IL-ALT-Index-Education', '2023-12-27 08:00:00', '2023-12-27 19:00:00', 1, 25, 28, 4, 1, 22),
('Cours-2579-27-M1-ILSEN-alt-GR1-Index-Education', '2023-12-27 08:00:00', '2023-12-27 19:00:00', 1, 25, 28, 2, 1, 22),
('Cours-2579-28-M1-IA-IL-ALT-Index-Education', '2024-01-03 08:00:00', '2024-01-03 19:00:00', 1, 25, 28, 4, 1, 22),
('Cours-2579-28-M1-ILSEN-alt-GR1-Index-Education', '2024-01-03 08:00:00', '2024-01-03 19:00:00', 1, 25, 28, 2, 1, 22),
('Cours-2579-30-M1-IA-IL-ALT-Index-Education', '2024-01-17 08:00:00', '2024-01-17 19:00:00', 1, 25, 28, 4, 1, 22),
('Cours-2579-30-M1-ILSEN-alt-GR1-Index-Education', '2024-01-17 08:00:00', '2024-01-17 19:00:00', 1, 25, 28, 2, 1, 22),
('Cours-2579-31-M1-IA-IL-ALT-Index-Education', '2024-01-24 08:00:00', '2024-01-24 19:00:00', 1, 25, 28, 4, 1, 22),
('Cours-2579-31-M1-ILSEN-alt-GR1-Index-Education', '2024-01-24 08:00:00', '2024-01-24 19:00:00', 1, 25, 28, 2, 1, 22),
('Cours-2579-35-M1-IA-IL-ALT-Index-Education', '2024-02-21 08:00:00', '2024-02-21 19:00:00', 1, 25, 28, 4, 1, 22),
('Cours-2579-35-M1-ILSEN-alt-GR1-Index-Education', '2024-02-21 08:00:00', '2024-02-21 19:00:00', 1, 25, 28, 2, 1, 22),
('Cours-2579-36-M1-IA-IL-ALT-Index-Education', '2024-02-28 08:00:00', '2024-02-28 19:00:00', 1, 25, 28, 4, 1, 22),
('Cours-2579-36-M1-ILSEN-alt-GR1-Index-Education', '2024-02-28 08:00:00', '2024-02-28 19:00:00', 1, 25, 28, 2, 1, 22),
('Cours-2579-40-M1-IA-IL-ALT-Index-Education', '2024-03-27 08:00:00', '2024-03-27 19:00:00', 1, 25, 28, 4, 1, 22),
('Cours-2579-40-M1-ILSEN-alt-GR1-Index-Education', '2024-03-27 08:00:00', '2024-03-27 19:00:00', 1, 25, 28, 2, 1, 22),
('Cours-2579-41-M1-IA-IL-ALT-Index-Education', '2024-04-03 07:00:00', '2024-04-03 18:00:00', 1, 25, 28, 4, 1, 22),
('Cours-2579-41-M1-ILSEN-alt-GR1-Index-Education', '2024-04-03 07:00:00', '2024-04-03 18:00:00', 1, 25, 28, 2, 1, 22),
('Cours-2579-44-M1-IA-IL-ALT-Index-Education', '2024-04-24 07:00:00', '2024-04-24 18:00:00', 1, 25, 28, 4, 1, 22),
('Cours-2579-44-M1-ILSEN-alt-GR1-Index-Education', '2024-04-24 07:00:00', '2024-04-24 18:00:00', 1, 25, 28, 2, 1, 22),
('Cours-2579-48-M1-IA-IL-ALT-Index-Education', '2024-05-22 07:00:00', '2024-05-22 18:00:00', 1, 25, 28, 4, 1, 22),
('Cours-2579-49-M1-IA-IL-ALT-Index-Education', '2024-05-29 07:00:00', '2024-05-29 18:00:00', 1, 25, 28, 4, 1, 22),
('Cours-2579-49-M1-ILSEN-alt-GR1-Index-Education', '2024-05-29 07:00:00', '2024-05-29 18:00:00', 1, 25, 28, 2, 1, 22),
('Cours-2579-50-M1-IA-IL-ALT-Index-Education', '2024-06-05 07:00:00', '2024-06-05 18:00:00', 1, 25, 28, 4, 1, 22),
('Cours-2579-50-M1-ILSEN-alt-GR1-Index-Education', '2024-06-05 07:00:00', '2024-06-05 18:00:00', 1, 25, 28, 2, 1, 22),
('Cours-2579-51-M1-IA-IL-ALT-Index-Education', '2024-06-12 07:00:00', '2024-06-12 18:00:00', 1, 25, 28, 4, 1, 22),
('Cours-2579-51-M1-ILSEN-alt-GR1-Index-Education', '2024-06-12 07:00:00', '2024-06-12 18:00:00', 1, 25, 28, 2, 1, 22),
('Cours-2579-52-M1-IA-IL-ALT-Index-Education', '2024-06-19 07:00:00', '2024-06-19 18:00:00', 1, 25, 28, 4, 1, 22),
('Cours-2579-52-M1-ILSEN-alt-GR1-Index-Education', '2024-06-19 07:00:00', '2024-06-19 18:00:00', 1, 25, 28, 2, 1, 22),
('Cours-2579-53-M1-IA-IL-ALT-Index-Education', '2024-06-26 07:00:00', '2024-06-26 18:00:00', 1, 25, 28, 4, 1, 22),
('Cours-2579-53-M1-ILSEN-alt-GR1-Index-Education', '2024-06-26 07:00:00', '2024-06-26 18:00:00', 1, 25, 28, 2, 1, 22),
('Cours-2579-54-M1-IA-IL-ALT-Index-Education', '2024-07-03 07:00:00', '2024-07-03 18:00:00', 1, 25, 28, 4, 1, 22),
('Cours-2579-54-M1-ILSEN-alt-GR1-Index-Education', '2024-07-03 07:00:00', '2024-07-03 18:00:00', 1, 25, 28, 2, 1, 22),
('Cours-2580-48-M1-IA-IL-ALT-Index-Education', '2024-05-20 07:00:00', '2024-05-20 18:00:00', 1, 25, 28, 4, 1, 22),
('Cours-2643-12-M1-IA-IL-ALT-Index-Education', '2023-09-11 09:00:00', '2023-09-11 10:30:00', 24, 29, 1, 4, 1, 25),
('Cours-2643-12-M1-IA-IL-CLA-Index-Education', '2023-09-11 09:00:00', '2023-09-11 10:30:00', 24, 29, 1, 3, 1, 25),
('Cours-2643-12-M1-ILSEN-alt-GR1-Index-Education', '2023-09-11 09:00:00', '2023-09-11 10:30:00', 24, 29, 1, 2, 1, 25),
('Cours-2644-12-M1-IA-IL-ALT-Index-Education', '2023-09-11 08:00:00', '2023-09-11 09:00:00', 1, 1, 1, 4, 1, 1),
('Cours-2652-16-M1-IA-IL-ALT-Index-Education', '2023-10-10 15:00:00', '2023-10-10 18:00:00', 1, 30, 2, 4, 1, 26),
('Cours-2652-16-M1-IA-IL-CLA-Index-Education', '2023-10-10 15:00:00', '2023-10-10 18:00:00', 1, 30, 2, 3, 1, 26),
('Cours-2652-16-M1-ILSEN-alt-GR1-Index-Education', '2023-10-10 15:00:00', '2023-10-10 18:00:00', 1, 30, 2, 2, 1, 26),
('Cours-2653-17-M1-IA-IL-ALT-Index-Education', '2023-10-20 16:30:00', '2023-10-20 19:00:00', 1, 31, 2, 4, 1, 27),
('Cours-2653-17-M1-IA-IL-CLA-Index-Education', '2023-10-20 16:30:00', '2023-10-20 19:00:00', 1, 31, 2, 3, 1, 27),
('Cours-2653-17-M1-ILSEN-alt-GR1-Index-Education', '2023-10-20 16:30:00', '2023-10-20 19:00:00', 1, 31, 2, 2, 1, 27),
('Cours-2658-29-M1-IA-IL-ALT-Index-Education', '2024-01-11 08:00:00', '2024-01-11 17:30:00', 1, 32, 29, 4, 1, 28),
('Cours-2658-29-M1-IA-IL-CLA-Index-Education', '2024-01-11 08:00:00', '2024-01-11 17:30:00', 1, 32, 29, 3, 1, 28),
('Cours-2658-29-M1-ILSEN-alt-GR1-Index-Education', '2024-01-11 08:00:00', '2024-01-11 17:30:00', 1, 32, 29, 2, 1, 28),
('Cours-29623-17-M1-ILSEN-cla-Gr1-Index-Education', '2023-10-18 09:00:00', '2023-10-18 10:30:00', 4, 6, 6, 1, 3, 2),
('Cours-29623-20-M1-ILSEN-cla-Gr1-Index-Education', '2023-11-08 10:00:00', '2023-11-08 11:30:00', 4, 6, 6, 1, 3, 2),
('Cours-29625-13-M1-IA-IL-ALT-Index-Education', '2023-09-22 07:30:00', '2023-09-22 10:30:00', 9, 12, 26, 4, 3, 2),
('Cours-29631-13-M1-IA-IL-ALT-Index-Education', '2023-09-18 12:00:00', '2023-09-18 15:00:00', 5, 2, 1, 4, 2, 2),
('Cours-29631-13-M1-IA-IL-CLA-Index-Education', '2023-09-18 12:00:00', '2023-09-18 15:00:00', 5, 2, 1, 3, 2, 2),
('Cours-29631-13-M1-ILSEN-cla-Gr1-Index-Education', '2023-09-18 12:00:00', '2023-09-18 15:00:00', 5, 2, 1, 1, 2, 2),
('Cours-29643-13-M1-ILSEN-cla-Gr1-Index-Education', '2023-09-18 15:00:00', '2023-09-18 18:00:00', 2, 2, 1, 1, 2, 2),
('Cours-29646-16-M1-ILSEN-cla-Gr1-Index-Education', '2023-10-12 12:00:00', '2023-10-12 15:00:00', 9, 11, 21, 1, 3, 2),
('Cours-29679-21-M1-IA-IL-ALT-Index-Education', '2023-11-16 17:30:00', '2023-11-16 19:00:00', 26, 38, 8, 4, 5, 2),
('Cours-29679-21-M1-IA-IL-CLA-Index-Education', '2023-11-16 17:30:00', '2023-11-16 19:00:00', 26, 38, 8, 3, 5, 2),
('Cours-29703-25-M1-IA-IL-ALT-Index-Education', '2023-12-13 16:00:00', '2023-12-13 19:00:00', 5, 2, 2, 4, 2, 2),
('Cours-29703-25-M1-IA-IL-CLA-Index-Education', '2023-12-13 16:00:00', '2023-12-13 19:00:00', 5, 2, 2, 3, 2, 2),
('Cours-29703-25-M1-ILSEN-cla-Gr1-Index-Education', '2023-12-13 16:00:00', '2023-12-13 19:00:00', 5, 2, 2, 1, 2, 2),
('Cours-29706-26-M1-IA-IL-ALT-Index-Education', '2023-12-21 11:30:00', '2023-12-21 13:00:00', 5, 2, 2, 4, 4, 2),
('Cours-29706-26-M1-IA-IL-CLA-Index-Education', '2023-12-21 11:30:00', '2023-12-21 13:00:00', 5, 2, 2, 3, 4, 2),
('Cours-29706-26-M1-ILSEN-cla-Gr1-Index-Education', '2023-12-21 11:30:00', '2023-12-21 13:00:00', 5, 2, 2, 1, 4, 2),
('Cours-29750-25-M1-IA-IL-ALT-Index-Education', '2023-12-12 16:00:00', '2023-12-12 17:30:00', 25, 15, 17, 4, 4, 2),
('Cours-29750-25-M1-IA-IL-CLA-Index-Education', '2023-12-12 16:00:00', '2023-12-12 17:30:00', 25, 15, 17, 3, 4, 2),
('Cours-30340-25-M1-ILSEN-cla-Gr1-Index-Education', '2023-12-14 13:00:00', '2023-12-14 16:00:00', 2, 3, 3, 1, 3, 2),
('Cours-30509-13-M1-ILSEN-alt-GR1-Index-Education', '2023-09-19 15:00:00', '2023-09-19 16:30:00', 3, 5, 17, 2, 3, 2),
('Cours-30940-20-M1-ILSEN-cla-Gr1-Index-Education', '2023-11-06 14:30:00', '2023-11-06 16:00:00', 2, 2, 2, 1, 2, 2),
('Cours-30946-12-M1-ILSEN-alt-GR1-Index-Education', '2023-09-11 12:30:00', '2023-09-11 17:30:00', 1, 33, 30, 2, 1, 29),
('Cours-31014-12-M1-IA-IL-ALT-Index-Education', '2023-09-12 12:00:00', '2023-09-12 13:30:00', 9, 12, 2, 4, 2, 2),
('Cours-31014-12-M1-IA-IL-CLA-Index-Education', '2023-09-12 12:00:00', '2023-09-12 13:30:00', 9, 12, 2, 3, 2, 2),
('Cours-31014-12-M1-ILSEN-alt-GR1-Index-Education', '2023-09-12 12:00:00', '2023-09-12 13:30:00', 9, 12, 2, 2, 2, 2),
('Cours-31014-12-M1-ILSEN-cla-Gr1-Index-Education', '2023-09-12 12:00:00', '2023-09-12 13:30:00', 9, 12, 2, 1, 2, 2),
('Cours-31017-20-M1-IA-IL-CLA-Index-Education', '2023-11-09 11:30:00', '2023-11-09 13:00:00', 4, 6, 6, 3, 3, 2),
('Cours-31018-25-M1-IA-IL-ALT-Index-Education', '2023-12-13 14:30:00', '2023-12-13 16:00:00', 4, 6, 6, 4, 3, 2),
('Cours-31045-13-M1-IA-IL-ALT-Index-Education', '2023-09-21 07:30:00', '2023-09-21 09:00:00', 4, 6, 6, 4, 3, 2),
('Cours-31045-20-M1-IA-IL-ALT-Index-Education', '2023-11-09 08:30:00', '2023-11-09 10:00:00', 4, 6, 6, 4, 3, 2),
('Cours-31045-21-M1-IA-IL-ALT-Index-Education', '2023-11-16 08:30:00', '2023-11-16 10:00:00', 4, 6, 6, 4, 3, 2),
('Cours-31194-15-M1-IA-IL-CLA-Index-Education', '2023-10-05 09:00:00', '2023-10-05 12:00:00', 8, 3, 17, 3, 3, 2),
('Cours-31195-15-M1-IA-IL-CLA-Index-Education', '2023-10-05 13:30:00', '2023-10-05 16:30:00', 8, 3, 26, 3, 3, 2),
('Cours-31202-16-M1-IA-IL-ALT-Index-Education', '2023-10-11 07:30:00', '2023-10-11 10:30:00', 8, 3, 1, 4, 2, 2),
('Cours-31202-16-M1-IA-IL-CLA-Index-Education', '2023-10-11 07:30:00', '2023-10-11 10:30:00', 8, 3, 1, 3, 2, 2),
('Cours-31202-16-M1-ILSEN-cla-Gr1-Index-Education', '2023-10-11 07:30:00', '2023-10-11 10:30:00', 8, 3, 1, 1, 2, 2),
('Cours-31203-16-M1-IA-IL-ALT-Index-Education', '2023-10-11 15:00:00', '2023-10-11 18:00:00', 6, 9, 7, 4, 5, 2),
('Cours-31205-24-M1-IA-IL-ALT-Index-Education', '2023-12-07 14:30:00', '2023-12-07 17:30:00', 6, 9, 8, 4, 5, 2),
('Cours-31217-16-M1-IA-IL-ALT-Index-Education', '2023-10-12 15:00:00', '2023-10-12 18:00:00', 8, 3, 21, 4, 3, 2),
('Cours-31232-16-M1-IA-IL-ALT-Index-Education', '2023-10-11 12:00:00', '2023-10-11 15:00:00', 8, 3, 17, 4, 3, 2),
('Cours-31239-26-M1-ILSEN-cla-Gr1-Index-Education', '2023-12-20 13:00:00', '2023-12-20 16:00:00', 2, 3, 3, 1, 3, 2),
('Cours-31240-13-M1-ILSEN-cla-Gr1-Index-Education', '2023-09-21 15:00:00', '2023-09-21 18:00:00', 8, 3, 11, 1, 3, 2),
('Cours-31263-24-M1-ILSEN-cla-Gr1-Index-Education', '2023-12-08 13:00:00', '2023-12-08 14:30:00', 4, 6, 6, 1, 3, 2),
('Cours-31263-25-M1-ILSEN-cla-Gr1-Index-Education', '2023-12-15 13:00:00', '2023-12-15 14:30:00', 4, 6, 6, 1, 3, 2),
('Cours-31632-24-M1-ILSEN-cla-Gr1-Index-Education', '2023-12-06 16:00:00', '2023-12-06 19:00:00', 2, 3, 3, 1, 3, 2),
('Cours-31662-21-M1-IA-IL-ALT-Index-Education', '2023-11-15 08:30:00', '2023-11-15 10:00:00', 28, 12, 7, 4, 2, 2),
('Cours-31662-21-M1-IA-IL-CLA-Index-Education', '2023-11-15 08:30:00', '2023-11-15 10:00:00', 28, 12, 7, 3, 2, 2),
('Cours-31796-17-M1-IA-IL-ALT-Index-Education', '2023-10-20 13:30:00', '2023-10-20 15:00:00', 26, 38, 8, 4, 5, 2),
('Cours-31796-17-M1-IA-IL-CLA-Index-Education', '2023-10-20 13:30:00', '2023-10-20 15:00:00', 26, 38, 8, 3, 5, 2),
('Cours-31806-24-M1-IA-IL-ALT-Index-Education', '2023-12-07 17:30:00', '2023-12-07 19:00:00', 8, 3, 1, 4, 4, 2),
('Cours-31806-24-M1-IA-IL-CLA-Index-Education', '2023-12-07 17:30:00', '2023-12-07 19:00:00', 8, 3, 1, 3, 4, 2),
('Cours-31806-24-M1-ILSEN-cla-Gr1-Index-Education', '2023-12-07 17:30:00', '2023-12-07 19:00:00', 8, 3, 1, 1, 4, 2),
('Cours-31918-25-M1-ILSEN-cla-Gr1-Index-Education', '2023-12-14 16:00:00', '2023-12-14 19:00:00', 2, 3, 3, 1, 3, 2),
('Cours-32022-21-M1-IA-IL-ALT-Index-Education', '2023-11-15 14:30:00', '2023-11-15 16:00:00', 26, 38, 10, 4, 5, 2),
('Cours-32022-21-M1-IA-IL-CLA-Index-Education', '2023-11-15 14:30:00', '2023-11-15 16:00:00', 26, 38, 10, 3, 5, 2),
('Cours-32068-24-M1-ILSEN-cla-Gr1-Index-Education', '2023-12-06 10:00:00', '2023-12-06 13:00:00', 2, 3, 22, 1, 3, 2),
('Cours-32690-16-M1-IA-IL-CLA-Index-Education', '2023-10-12 12:00:00', '2023-10-12 15:00:00', 8, 3, 4, 3, 3, 2),
('Cours-33401-24-M1-IA-IL-ALT-Index-Education', '2023-12-08 08:30:00', '2023-12-08 10:00:00', 27, 39, 7, 4, 2, 2),
('Cours-33401-24-M1-IA-IL-CLA-Index-Education', '2023-12-08 08:30:00', '2023-12-08 10:00:00', 27, 39, 7, 3, 2, 2),
('Cours-33406-21-M1-IA-IL-ALT-Index-Education', '2023-11-17 10:00:00', '2023-11-17 13:00:00', 27, 39, 1, 4, 2, 2),
('Cours-33406-21-M1-IA-IL-CLA-Index-Education', '2023-11-17 10:00:00', '2023-11-17 13:00:00', 27, 39, 1, 3, 2, 2),
('Cours-33407-24-M1-IA-IL-ALT-Index-Education', '2023-12-07 08:30:00', '2023-12-07 10:00:00', 27, 39, 1, 4, 2, 2),
('Cours-33407-24-M1-IA-IL-CLA-Index-Education', '2023-12-07 08:30:00', '2023-12-07 10:00:00', 27, 39, 1, 3, 2, 2),
('Cours-33408-26-M1-IA-IL-ALT-Index-Education', '2023-12-22 08:30:00', '2023-12-22 11:30:00', 27, 39, 12, 4, 2, 2),
('Cours-33408-26-M1-IA-IL-CLA-Index-Education', '2023-12-22 08:30:00', '2023-12-22 11:30:00', 27, 39, 12, 3, 2, 2),
('Cours-33411-20-M1-IA-IL-ALT-Index-Education', '2023-11-10 13:00:00', '2023-11-10 16:00:00', 27, 39, 1, 4, 2, 2),
('Cours-33411-20-M1-IA-IL-CLA-Index-Education', '2023-11-10 13:00:00', '2023-11-10 16:00:00', 27, 39, 1, 3, 2, 2),
('Cours-33440-26-M1-IA-IL-CLA-Index-Education', '2023-12-21 14:30:00', '2023-12-21 16:00:00', 13, 14, 10, 3, 4, 7),
('Cours-33440-26-M1-ILSEN-cla-Gr1-Index-Education', '2023-12-21 14:30:00', '2023-12-21 16:00:00', 13, 14, 10, 1, 4, 7),
('Cours-33494-26-M1-IA-IL-CLA-Index-Education', '2023-12-22 16:00:00', '2023-12-22 19:00:00', 13, 14, 1, 3, 5, 7),
('Cours-33494-26-M1-ILSEN-cla-Gr1-Index-Education', '2023-12-22 16:00:00', '2023-12-22 19:00:00', 13, 14, 1, 1, 5, 7),
('Cours-33514-22-M1-IA-IL-CLA-Index-Education', '2023-11-24 10:00:00', '2023-11-24 13:00:00', 11, 12, 23, 3, 3, 2),
('Cours-33514-22-M1-ILSEN-cla-Gr1-Index-Education', '2023-11-24 10:00:00', '2023-11-24 13:00:00', 11, 12, 23, 1, 3, 2),
('Cours-33514-23-M1-IA-IL-CLA-Index-Education', '2023-12-01 10:00:00', '2023-12-01 13:00:00', 11, 12, 19, 3, 3, 2),
('Cours-33514-23-M1-ILSEN-cla-Gr1-Index-Education', '2023-12-01 10:00:00', '2023-12-01 13:00:00', 11, 12, 19, 1, 3, 2),
('Cours-33514-24-M1-IA-IL-CLA-Index-Education', '2023-12-08 10:00:00', '2023-12-08 13:00:00', 11, 12, 19, 3, 3, 2),
('Cours-33514-24-M1-ILSEN-cla-Gr1-Index-Education', '2023-12-08 10:00:00', '2023-12-08 13:00:00', 11, 12, 19, 1, 3, 2),
('Cours-35391-17-M1-IA-IL-ALT-Index-Education', '2023-10-17 15:00:00', '2023-10-17 18:00:00', 5, 7, 2, 4, 2, 2),
('Cours-35391-17-M1-IA-IL-CLA-Index-Education', '2023-10-17 15:00:00', '2023-10-17 18:00:00', 5, 7, 2, 3, 2, 2),
('Cours-35391-17-M1-ILSEN-cla-Gr1-Index-Education', '2023-10-17 15:00:00', '2023-10-17 18:00:00', 5, 7, 2, 1, 2, 2),
('Cours-35437-20-M1-ILSEN-cla-Gr1-Index-Education', '2023-11-07 16:00:00', '2023-11-07 19:00:00', 7, 7, 12, 1, 3, 2),
('Cours-35447-12-M1-ILSEN-alt-GR1-Index-Education', '2023-09-15 13:30:00', '2023-09-15 16:30:00', 9, 11, 11, 2, 3, 2),
('Cours-35448-17-M1-ILSEN-cla-Gr1-Index-Education', '2023-10-20 07:30:00', '2023-10-20 10:30:00', 10, 10, 21, 1, 3, 2),
('Cours-36415-17-M1-IA-IL-ALT-Index-Education', '2023-10-20 15:00:00', '2023-10-20 16:30:00', 28, 12, 6, 4, 2, 2),
('Cours-36415-17-M1-IA-IL-CLA-Index-Education', '2023-10-20 15:00:00', '2023-10-20 16:30:00', 28, 12, 6, 3, 2, 2),
('Cours-37212-13-M1-IA-IL-ALT-Index-Education', '2023-09-19 13:30:00', '2023-09-19 15:00:00', 9, 12, 2, 4, 2, 2),
('Cours-37212-13-M1-IA-IL-CLA-Index-Education', '2023-09-19 13:30:00', '2023-09-19 15:00:00', 9, 12, 2, 3, 2, 2),
('Cours-37212-13-M1-ILSEN-cla-Gr1-Index-Education', '2023-09-19 13:30:00', '2023-09-19 15:00:00', 9, 12, 2, 1, 2, 2),
('Cours-37266-12-M1-IA-IL-ALT-Index-Education', '2023-09-11 15:00:00', '2023-09-11 18:00:00', 1, 38, 9, 4, 1, 29),
('Cours-37266-12-M1-IA-IL-CLA-Index-Education', '2023-09-11 15:00:00', '2023-09-11 18:00:00', 1, 38, 9, 3, 1, 29),
('Cours-37512-21-M1-ILSEN-cla-Gr1-Index-Education', '2023-11-15 08:30:00', '2023-11-15 11:30:00', 7, 7, 21, 1, 3, 2),
('Cours-37739-21-M1-IA-IL-ALT-Index-Education', '2023-11-17 16:00:00', '2023-11-17 17:30:00', 1, 1, 1, 4, 1, 23),
('Cours-37739-21-M1-ILSEN-alt-GR1-Index-Education', '2023-11-17 16:00:00', '2023-11-17 17:30:00', 1, 1, 1, 2, 1, 23),
('Cours-37759-26-M1-ILSEN-cla-Gr1-Index-Education', '2023-12-22 14:30:00', '2023-12-22 16:00:00', 4, 6, 6, 1, 3, 2),
('Cours-37892-21-M1-ILSEN-cla-Gr1-Index-Education', '2023-11-16 14:30:00', '2023-11-16 16:00:00', 4, 6, 6, 1, 3, 2),
('Cours-37893-12-M1-IA-IL-ALT-Index-Education', '2023-09-12 15:00:00', '2023-09-12 16:30:00', 4, 6, 6, 4, 3, 2),
('Cours-37898-16-M1-IA-IL-ALT-Index-Education', '2023-10-13 15:00:00', '2023-10-13 16:30:00', 4, 6, 6, 4, 3, 2),
('Cours-37899-12-M1-IA-IL-ALT-Index-Education', '2023-09-13 07:30:00', '2023-09-13 09:00:00', 4, 6, 6, 4, 3, 2),
('Cours-37906-24-M1-IA-IL-CLA-Index-Education', '2023-12-06 16:00:00', '2023-12-06 17:30:00', 4, 6, 6, 3, 3, 2),
('Cours-38377-12-M1-IA-IL-ALT-Index-Education', '2023-09-13 13:30:00', '2023-09-13 15:00:00', 9, 12, 1, 4, 2, 2),
('Cours-38377-12-M1-IA-IL-CLA-Index-Education', '2023-09-13 13:30:00', '2023-09-13 15:00:00', 9, 12, 1, 3, 2, 2),
('Cours-38377-12-M1-ILSEN-alt-GR1-Index-Education', '2023-09-13 13:30:00', '2023-09-13 15:00:00', 9, 12, 1, 2, 2, 2),
('Cours-38377-12-M1-ILSEN-cla-Gr1-Index-Education', '2023-09-13 13:30:00', '2023-09-13 15:00:00', 9, 12, 1, 1, 2, 2),
('Cours-39403-20-M1-ILSEN-cla-Gr1-Index-Education', '2023-11-09 10:00:00', '2023-11-09 13:00:00', 2, 2, 1, 1, 2, 2),
('Cours-39641-16-M1-IA-IL-ALT-Index-Education', '2023-10-10 07:30:00', '2023-10-10 09:00:00', 25, 15, 10, 4, 2, 2),
('Cours-39641-16-M1-IA-IL-CLA-Index-Education', '2023-10-10 07:30:00', '2023-10-10 09:00:00', 25, 15, 10, 3, 2, 2),
('Cours-39642-17-M1-IA-IL-ALT-Index-Education', '2023-10-20 07:30:00', '2023-10-20 09:00:00', 25, 15, 10, 4, 2, 2),
('Cours-39642-17-M1-IA-IL-CLA-Index-Education', '2023-10-20 07:30:00', '2023-10-20 09:00:00', 25, 15, 10, 3, 2, 2),
('Cours-40436-47-M1-IA-IL-ALT-Index-Education', '2024-05-14 07:00:00', '2024-05-14 19:00:00', 1, 34, 31, 4, 1, 30),
('Cours-40436-47-M1-IA-IL-CLA-Index-Education', '2024-05-14 07:00:00', '2024-05-14 19:00:00', 1, 34, 31, 3, 1, 30),
('Cours-40436-47-M1-ILSEN-alt-GR1-Index-Education', '2024-05-14 07:00:00', '2024-05-14 19:00:00', 1, 34, 31, 2, 1, 30),
('Cours-40483-25-M1-ILSEN-cla-Gr1-Index-Education', '2023-12-13 08:30:00', '2023-12-13 11:30:00', 2, 3, 3, 1, 3, 2),
('Cours-40486-24-M1-ILSEN-cla-Gr1-Index-Education', '2023-12-04 14:30:00', '2023-12-04 17:30:00', 10, 10, 4, 1, 3, 2),
('Cours-40486-25-M1-ILSEN-cla-Gr1-Index-Education', '2023-12-11 14:30:00', '2023-12-11 17:30:00', 10, 10, 4, 1, 3, 2),
('Cours-40488-29-M1-IA-IL-CLA-Index-Education', '2024-01-12 13:00:00', '2024-01-12 16:00:00', 11, 12, 19, 3, 3, 2),
('Cours-40488-29-M1-ILSEN-cla-Gr1-Index-Education', '2024-01-12 13:00:00', '2024-01-12 16:00:00', 11, 12, 19, 1, 3, 2),
('Cours-40496-22-M1-IA-IL-CLA-Index-Education', '2023-11-21 10:00:00', '2023-11-21 13:00:00', 11, 12, 18, 3, 3, 2),
('Cours-40496-22-M1-ILSEN-cla-Gr1-Index-Education', '2023-11-21 10:00:00', '2023-11-21 13:00:00', 11, 12, 18, 1, 3, 2),
('Cours-40501-16-M1-ILSEN-cla-Gr1-Index-Education', '2023-10-11 15:00:00', '2023-10-11 18:00:00', 8, 3, 12, 1, 3, 2),
('Cours-40506-14-M1-ILSEN-cla-Gr1-Index-Education', '2023-09-27 07:30:00', '2023-09-27 10:30:00', 10, 10, 17, 1, 3, 2),
('Cours-40509-20-M1-ILSEN-cla-Gr1-Index-Education', '2023-11-10 16:00:00', '2023-11-10 19:00:00', 10, 10, 12, 1, 3, 2),
('Cours-40519-21-M1-ILSEN-cla-Gr1-Index-Education', '2023-11-17 10:00:00', '2023-11-17 13:00:00', 10, 10, 12, 1, 3, 2),
('Cours-41766-14-M1-ILSEN-cla-Gr1-Index-Education', '2023-09-27 12:00:00', '2023-09-27 13:30:00', 4, 6, 6, 1, 3, 2),
('Cours-42494-26-M1-IA-IL-ALT-Index-Education', '2023-12-20 14:30:00', '2023-12-20 16:00:00', 4, 6, 6, 4, 3, 2),
('Cours-42496-17-M1-IA-IL-CLA-Index-Education', '2023-10-18 07:30:00', '2023-10-18 09:00:00', 4, 6, 6, 3, 3, 2),
('Cours-42496-25-M1-IA-IL-CLA-Index-Education', '2023-12-13 08:30:00', '2023-12-13 10:00:00', 4, 6, 6, 3, 3, 2),
('Cours-42527-22-M1-ILSEN-cla-Gr1-Index-Education', '2023-11-23 16:00:00', '2023-11-23 19:00:00', 2, 3, 3, 1, 3, 2),
('Cours-42527-23-M1-ILSEN-cla-Gr1-Index-Education', '2023-11-30 16:00:00', '2023-11-30 19:00:00', 2, 3, 3, 1, 3, 2),
('Cours-44246-21-M1-ILSEN-cla-Gr1-Index-Education', '2023-11-16 16:00:00', '2023-11-16 19:00:00', 8, 3, 12, 1, 3, 2),
('Cours-44251-20-M1-IA-IL-ALT-Index-Education', '2023-11-09 16:00:00', '2023-11-09 19:00:00', 8, 3, 21, 4, 3, 2),
('Cours-44636-24-M1-IA-IL-ALT-Index-Education', '2023-12-04 13:00:00', '2023-12-04 19:00:00', 25, 15, 33, 4, 4, 2),
('Cours-44636-24-M1-IA-IL-CLA-Index-Education', '2023-12-04 13:00:00', '2023-12-04 19:00:00', 25, 15, 33, 3, 4, 2),
('Cours-44776-29-M1-IA-IL-CLA-Index-Education', '2024-01-10 14:30:00', '2024-01-10 18:30:00', 12, 16, 24, 3, 6, 8),
('Cours-44776-29-M1-ILSEN-cla-Gr1-Index-Education', '2024-01-10 14:30:00', '2024-01-10 18:30:00', 12, 16, 24, 1, 6, 8),
('Cours-46640-34-M1-IA-IL-ALT-Index-Education', '2024-02-16 13:00:00', '2024-02-16 14:30:00', 1, 35, 2, 4, 1, 31),
('Cours-46640-34-M1-IA-IL-CLA-Index-Education', '2024-02-16 13:00:00', '2024-02-16 14:30:00', 1, 35, 2, 3, 1, 31),
('Cours-46640-34-M1-ILSEN-alt-GR1-Index-Education', '2024-02-16 13:00:00', '2024-02-16 14:30:00', 1, 35, 2, 2, 1, 31),
('Cours-46766-52-M1-IA-IL-CLA-Index-Education', '2024-06-19 07:30:00', '2024-06-19 17:00:00', 15, 16, 25, 3, 7, 9),
('Cours-46766-52-M1-ILSEN-cla-Gr1-Index-Education', '2024-06-19 07:30:00', '2024-06-19 17:00:00', 15, 16, 25, 1, 7, 9),
('Cours-47056-18-M1-IA-IL-CLA-Index-Education', '2023-10-25 15:00:00', '2023-10-25 18:00:00', 8, 3, 26, 3, 3, 2),
('Cours-47074-21-M1-IA-IL-ALT-Index-Education', '2023-11-15 16:00:00', '2023-11-15 19:00:00', 8, 3, 12, 4, 3, 2),
('Cours-47700-15-M1-IA-IL-CLA-Index-Education', '2023-10-04 12:00:00', '2023-10-04 15:00:00', 7, 7, 14, 3, 3, 2),
('Cours-47700-17-M1-IA-IL-CLA-Index-Education', '2023-10-18 12:00:00', '2023-10-18 15:00:00', 7, 7, 26, 3, 3, 2),
('Cours-4896-24-M1-ILSEN-cla-Gr1-Index-Education', '2023-12-07 08:30:00', '2023-12-07 10:00:00', 2, 2, 2, 1, 2, 2),
('Cours-4980-24-M1-ILSEN-cla-Gr1-Index-Education', '2023-12-07 14:30:00', '2023-12-07 17:30:00', 2, 3, 3, 1, 3, 2),
('Cours-4984-26-M1-ILSEN-cla-Gr1-Index-Education', '2023-12-21 17:30:00', '2023-12-21 19:00:00', 2, 3, 3, 1, 3, 2),
('Cours-4989-29-M1-ILSEN-cla-Gr1-Index-Education', '2024-01-10 10:00:00', '2024-01-10 11:30:00', 2, 2, 1, 1, 4, 2),
('Cours-4992-12-M1-ILSEN-alt-GR1-Index-Education', '2023-09-12 07:30:00', '2023-09-12 10:30:00', 3, 1, 1, 2, 2, 2),
('Cours-4992-12-M1-ILSEN-cla-Gr1-Index-Education', '2023-09-12 07:30:00', '2023-09-12 10:30:00', 3, 1, 1, 1, 2, 2),
('Cours-4995-12-M1-ILSEN-alt-GR1-Index-Education', '2023-09-13 12:00:00', '2023-09-13 13:30:00', 3, 1, 2, 2, 2, 2),
('Cours-4995-12-M1-ILSEN-cla-Gr1-Index-Education', '2023-09-13 12:00:00', '2023-09-13 13:30:00', 3, 1, 2, 1, 2, 2),
('Cours-4999-13-M1-ILSEN-alt-GR1-Index-Education', '2023-09-19 07:30:00', '2023-09-19 09:00:00', 3, 1, 1, 2, 2, 2),
('Cours-4999-13-M1-ILSEN-cla-Gr1-Index-Education', '2023-09-19 07:30:00', '2023-09-19 09:00:00', 3, 1, 1, 1, 2, 2),
('Cours-5005-13-M1-ILSEN-alt-GR1-Index-Education', '2023-09-18 07:30:00', '2023-09-18 09:00:00', 3, 1, 1, 2, 2, 2),
('Cours-5005-13-M1-ILSEN-cla-Gr1-Index-Education', '2023-09-18 07:30:00', '2023-09-18 09:00:00', 3, 1, 1, 1, 2, 2),
('Cours-5005-16-M1-ILSEN-alt-GR1-Index-Education', '2023-10-09 07:30:00', '2023-10-09 09:00:00', 3, 1, 1, 2, 2, 2),
('Cours-5005-16-M1-ILSEN-cla-Gr1-Index-Education', '2023-10-09 07:30:00', '2023-10-09 09:00:00', 3, 1, 1, 1, 2, 2),
('Cours-5006-29-M1-ILSEN-alt-GR1-Index-Education', '2024-01-08 13:00:00', '2024-01-08 14:30:00', 3, 4, 2, 2, 4, 2),
('Cours-5006-29-M1-ILSEN-cla-Gr1-Index-Education', '2024-01-08 13:00:00', '2024-01-08 14:30:00', 3, 4, 2, 1, 4, 2),
('Cours-5018-21-M1-ILSEN-alt-GR1-Index-Education', '2023-11-13 17:30:00', '2023-11-13 19:00:00', 3, 5, 4, 2, 3, 2),
('Cours-5024-13-M1-ILSEN-cla-Gr1-Index-Education', '2023-09-21 07:30:00', '2023-09-21 09:00:00', 3, 5, 4, 1, 3, 2),
('Cours-5024-21-M1-ILSEN-cla-Gr1-Index-Education', '2023-11-16 08:30:00', '2023-11-16 10:00:00', 3, 5, 4, 1, 3, 2),
('Cours-5033-26-M1-ILSEN-cla-Gr1-Index-Education', '2023-12-18 08:30:00', '2023-12-18 11:30:00', 3, 4, 5, 1, 4, 3),
('Cours-5034-26-M1-ILSEN-alt-GR1-Index-Education', '2023-12-18 13:00:00', '2023-12-18 16:00:00', 3, 4, 5, 2, 4, 3),
('Cours-5126-17-M1-IA-IL-ALT-Index-Education', '2023-10-18 12:00:00', '2023-10-18 13:30:00', 4, 6, 6, 4, 3, 2),
('Cours-5127-12-M1-ILSEN-cla-Gr1-Index-Education', '2023-09-12 16:30:00', '2023-09-12 18:00:00', 4, 6, 6, 1, 3, 2),
('Cours-5128-12-M1-ILSEN-alt-GR1-Index-Education', '2023-09-14 09:00:00', '2023-09-14 10:30:00', 4, 6, 6, 2, 3, 2),
('Cours-5129-13-M1-IA-IL-ALT-Index-Education', '2023-09-19 10:30:00', '2023-09-19 12:00:00', 4, 6, 6, 4, 3, 2),
('Cours-5130-16-M1-IA-IL-ALT-Index-Education', '2023-10-12 13:30:00', '2023-10-12 15:00:00', 4, 6, 6, 4, 3, 2),
('Cours-5131-13-M1-ILSEN-cla-Gr1-Index-Education', '2023-09-18 09:00:00', '2023-09-18 10:30:00', 4, 6, 6, 1, 3, 2),
('Cours-5132-16-M1-ILSEN-cla-Gr1-Index-Education', '2023-10-09 10:30:00', '2023-10-09 12:00:00', 4, 6, 6, 1, 3, 2),
('Cours-5137-16-M1-ILSEN-cla-Gr1-Index-Education', '2023-10-13 10:30:00', '2023-10-13 12:00:00', 4, 6, 6, 1, 3, 2),
('Cours-5140-18-M1-ILSEN-cla-Gr1-Index-Education', '2023-10-26 15:00:00', '2023-10-26 16:30:00', 4, 6, 6, 1, 3, 2),
('Cours-5143-20-M1-IA-IL-ALT-Index-Education', '2023-11-06 08:30:00', '2023-11-06 10:00:00', 4, 6, 6, 4, 3, 2),
('Cours-5145-20-M1-ILSEN-cla-Gr1-Index-Education', '2023-11-06 11:30:00', '2023-11-06 13:00:00', 4, 6, 6, 1, 3, 2),
('Cours-5147-21-M1-IA-IL-ALT-Index-Education', '2023-11-13 08:30:00', '2023-11-13 10:00:00', 4, 6, 6, 4, 3, 2),
('Cours-5149-21-M1-ILSEN-cla-Gr1-Index-Education', '2023-11-13 10:00:00', '2023-11-13 11:30:00', 4, 6, 6, 1, 3, 2),
('Cours-5151-24-M1-IA-IL-ALT-Index-Education', '2023-12-06 08:30:00', '2023-12-06 10:00:00', 4, 6, 6, 4, 3, 2),
('Cours-5153-23-M1-ILSEN-cla-Gr1-Index-Education', '2023-11-28 11:30:00', '2023-11-28 13:00:00', 4, 6, 6, 1, 3, 2),
('Cours-5155-25-M1-IA-IL-ALT-Index-Education', '2023-12-11 08:30:00', '2023-12-11 10:00:00', 4, 6, 6, 4, 3, 2),
('Cours-5157-25-M1-ILSEN-cla-Gr1-Index-Education', '2023-12-11 10:00:00', '2023-12-11 11:30:00', 4, 6, 6, 1, 3, 2),
('Cours-5161-22-M1-ILSEN-cla-Gr1-Index-Education', '2023-11-20 08:30:00', '2023-11-20 10:00:00', 4, 6, 6, 1, 3, 2),
('Cours-5163-29-M1-IA-IL-ALT-Index-Education', '2024-01-08 08:30:00', '2024-01-08 10:00:00', 4, 6, 6, 4, 3, 2),
('Cours-5175-13-M1-IA-IL-CLA-Index-Education', '2023-09-22 13:30:00', '2023-09-22 15:00:00', 4, 6, 6, 3, 3, 2),
('Cours-5177-12-M1-IA-IL-CLA-Index-Education', '2023-09-15 07:30:00', '2023-09-15 09:00:00', 4, 6, 6, 3, 3, 2),
('Cours-5187-14-M1-IA-IL-CLA-Index-Education', '2023-09-27 15:00:00', '2023-09-27 16:30:00', 4, 6, 6, 3, 3, 2),
('Cours-5193-21-M1-IA-IL-CLA-Index-Education', '2023-11-16 16:00:00', '2023-11-16 17:30:00', 4, 6, 6, 3, 3, 2),
('Cours-5197-15-M1-IA-IL-CLA-Index-Education', '2023-10-05 07:30:00', '2023-10-05 09:00:00', 4, 6, 6, 3, 3, 2),
('Cours-5202-18-M1-IA-IL-CLA-Index-Education', '2023-10-26 09:00:00', '2023-10-26 10:30:00', 4, 6, 6, 3, 3, 2),
('Cours-5205-22-M1-IA-IL-CLA-Index-Education', '2023-11-23 16:00:00', '2023-11-23 17:30:00', 4, 6, 6, 3, 3, 2),
('Cours-5209-23-M1-IA-IL-CLA-Index-Education', '2023-11-30 08:30:00', '2023-11-30 10:00:00', 4, 6, 6, 3, 3, 2),
('Cours-5214-23-M1-IA-IL-CLA-Index-Education', '2023-11-28 08:30:00', '2023-11-28 10:00:00', 4, 6, 33, 3, 3, 2),
('Cours-5214-26-M1-IA-IL-CLA-Index-Education', '2023-12-19 08:30:00', '2023-12-19 10:00:00', 4, 6, 6, 3, 3, 2),
('Cours-5229-16-M1-IA-IL-CLA-Index-Education', '2023-10-12 09:00:00', '2023-10-12 10:30:00', 4, 6, 6, 3, 3, 2),
('Cours-5232-21-M1-IA-IL-ALT-Index-Education', '2023-11-17 08:30:00', '2023-11-17 10:00:00', 4, 6, 2, 4, 4, 2),
('Cours-5232-21-M1-IA-IL-CLA-Index-Education', '2023-11-17 08:30:00', '2023-11-17 10:00:00', 4, 6, 2, 3, 4, 2),
('Cours-5232-21-M1-ILSEN-cla-Gr1-Index-Education', '2023-11-17 08:30:00', '2023-11-17 10:00:00', 4, 6, 2, 1, 4, 2),
('Cours-5239-29-M1-IA-IL-ALT-Index-Education', '2024-01-12 16:00:00', '2024-01-12 17:30:00', 4, 6, 2, 4, 4, 2),
('Cours-5239-29-M1-IA-IL-CLA-Index-Education', '2024-01-12 16:00:00', '2024-01-12 17:30:00', 4, 6, 2, 3, 4, 2),
('Cours-5239-29-M1-ILSEN-cla-Gr1-Index-Education', '2024-01-12 16:00:00', '2024-01-12 17:30:00', 4, 6, 2, 1, 4, 2),
('Cours-5241-13-M1-IA-IL-ALT-Index-Education', '2023-09-21 09:00:00', '2023-09-21 12:00:00', 5, 7, 1, 4, 2, 2);
INSERT INTO `seance` (`uid`, `dtStart`, `dtEnd`, `matiere_id`, `enseignant_id`, `salle_id`, `formation_id`, `type_id`, `memo_id`) VALUES
('Cours-5241-13-M1-IA-IL-CLA-Index-Education', '2023-09-21 09:00:00', '2023-09-21 12:00:00', 5, 7, 1, 3, 2, 2),
('Cours-5241-13-M1-ILSEN-cla-Gr1-Index-Education', '2023-09-21 09:00:00', '2023-09-21 12:00:00', 5, 7, 1, 1, 2, 2),
('Cours-5243-12-M1-IA-IL-ALT-Index-Education', '2023-09-15 09:00:00', '2023-09-15 12:00:00', 5, 2, 7, 4, 2, 2),
('Cours-5243-12-M1-IA-IL-CLA-Index-Education', '2023-09-15 09:00:00', '2023-09-15 12:00:00', 5, 2, 7, 3, 2, 2),
('Cours-5243-12-M1-ILSEN-cla-Gr1-Index-Education', '2023-09-15 09:00:00', '2023-09-15 12:00:00', 5, 2, 7, 1, 2, 2),
('Cours-5246-25-M1-IA-IL-ALT-Index-Education', '2023-12-12 14:30:00', '2023-12-12 16:00:00', 5, 7, 2, 4, 2, 2),
('Cours-5246-25-M1-IA-IL-CLA-Index-Education', '2023-12-12 14:30:00', '2023-12-12 16:00:00', 5, 7, 2, 3, 2, 2),
('Cours-5246-25-M1-ILSEN-cla-Gr1-Index-Education', '2023-12-12 14:30:00', '2023-12-12 16:00:00', 5, 7, 2, 1, 2, 2),
('Cours-5248-20-M1-IA-IL-ALT-Index-Education', '2023-11-06 16:00:00', '2023-11-06 19:00:00', 5, 2, 2, 4, 2, 2),
('Cours-5248-20-M1-IA-IL-CLA-Index-Education', '2023-11-06 16:00:00', '2023-11-06 19:00:00', 5, 2, 2, 3, 2, 2),
('Cours-5248-20-M1-ILSEN-cla-Gr1-Index-Education', '2023-11-06 16:00:00', '2023-11-06 19:00:00', 5, 2, 2, 1, 2, 2),
('Cours-52605-38-M1-IA-IL-ALT-Index-Education', '2024-03-12 11:30:00', '2024-03-12 12:30:00', 1, 27, 1, 4, 1, 24),
('Cours-52605-38-M1-ILSEN-alt-GR1-Index-Education', '2024-03-12 11:30:00', '2024-03-12 12:30:00', 1, 27, 1, 2, 1, 24),
('Cours-5262-21-M1-IA-IL-ALT-Index-Education', '2023-11-16 11:30:00', '2023-11-16 13:00:00', 5, 2, 1, 4, 2, 2),
('Cours-5262-21-M1-IA-IL-CLA-Index-Education', '2023-11-16 11:30:00', '2023-11-16 13:00:00', 5, 2, 1, 3, 2, 2),
('Cours-5262-21-M1-ILSEN-cla-Gr1-Index-Education', '2023-11-16 11:30:00', '2023-11-16 13:00:00', 5, 2, 1, 1, 2, 2),
('Cours-5265-24-M1-IA-IL-ALT-Index-Education', '2023-12-07 10:00:00', '2023-12-07 13:00:00', 5, 2, 1, 4, 2, 2),
('Cours-5265-24-M1-IA-IL-CLA-Index-Education', '2023-12-07 10:00:00', '2023-12-07 13:00:00', 5, 2, 1, 3, 2, 2),
('Cours-5265-24-M1-ILSEN-cla-Gr1-Index-Education', '2023-12-07 10:00:00', '2023-12-07 13:00:00', 5, 2, 1, 1, 2, 2),
('Cours-5271-25-M1-IA-IL-ALT-Index-Education', '2023-12-12 10:00:00', '2023-12-12 13:00:00', 5, 7, 1, 4, 2, 2),
('Cours-5271-25-M1-IA-IL-CLA-Index-Education', '2023-12-12 10:00:00', '2023-12-12 13:00:00', 5, 7, 1, 3, 2, 2),
('Cours-5271-25-M1-ILSEN-cla-Gr1-Index-Education', '2023-12-12 10:00:00', '2023-12-12 13:00:00', 5, 7, 1, 1, 2, 2),
('Cours-5278-29-M1-IA-IL-ALT-Index-Education', '2024-01-10 13:00:00', '2024-01-10 14:30:00', 5, 8, 2, 4, 4, 2),
('Cours-5278-29-M1-IA-IL-CLA-Index-Education', '2024-01-10 13:00:00', '2024-01-10 14:30:00', 5, 8, 2, 3, 4, 2),
('Cours-5278-29-M1-ILSEN-cla-Gr1-Index-Education', '2024-01-10 13:00:00', '2024-01-10 14:30:00', 5, 8, 2, 1, 4, 2),
('Cours-5302-12-M1-IA-IL-ALT-Index-Education', '2023-09-14 12:00:00', '2023-09-14 15:00:00', 6, 9, 2, 4, 2, 2),
('Cours-5302-12-M1-IA-IL-CLA-Index-Education', '2023-09-14 12:00:00', '2023-09-14 15:00:00', 6, 9, 2, 3, 2, 2),
('Cours-5302-12-M1-ILSEN-cla-Gr1-Index-Education', '2023-09-14 12:00:00', '2023-09-14 15:00:00', 6, 9, 2, 1, 2, 2),
('Cours-5304-12-M1-IA-IL-ALT-Index-Education', '2023-09-14 15:00:00', '2023-09-14 18:00:00', 6, 9, 2, 4, 2, 2),
('Cours-5304-12-M1-IA-IL-CLA-Index-Education', '2023-09-14 15:00:00', '2023-09-14 18:00:00', 6, 9, 2, 3, 2, 2),
('Cours-5304-12-M1-ILSEN-alt-GR1-Index-Education', '2023-09-14 15:00:00', '2023-09-14 18:00:00', 6, 9, 2, 2, 2, 2),
('Cours-5304-12-M1-ILSEN-cla-Gr1-Index-Education', '2023-09-14 15:00:00', '2023-09-14 18:00:00', 6, 9, 2, 1, 2, 2),
('Cours-53238-39-M1-IA-IL-CLA-Index-Education', '2024-03-22 09:00:00', '2024-03-22 13:00:00', 15, 41, 7, 3, 6, 10),
('Cours-53238-39-M1-ILSEN-cla-Gr1-Index-Education', '2024-03-22 09:00:00', '2024-03-22 13:00:00', 15, 13, 7, 1, 6, 10),
('Cours-53277-33-M1-IA-IL-ALT-Index-Education', '2024-02-05 08:30:00', '2024-02-05 11:30:00', 17, 18, 8, 4, 2, 2),
('Cours-53277-33-M1-IA-IL-CLA-Index-Education', '2024-02-05 08:30:00', '2024-02-05 11:30:00', 17, 18, 8, 3, 2, 2),
('Cours-53277-33-M1-ILSEN-alt-GR1-Index-Education', '2024-02-05 08:30:00', '2024-02-05 11:30:00', 17, 18, 8, 2, 2, 2),
('Cours-53277-33-M1-ILSEN-cla-Gr1-Index-Education', '2024-02-05 08:30:00', '2024-02-05 11:30:00', 17, 18, 8, 1, 2, 2),
('Cours-53299-33-M1-ILSEN-cla-Gr1-Index-Education', '2024-02-06 16:00:00', '2024-02-06 19:00:00', 17, 19, 26, 1, 3, 2),
('Cours-53310-33-M1-IA-IL-CLA-Index-Education', '2024-02-06 13:00:00', '2024-02-06 16:00:00', 17, 20, 26, 3, 3, 2),
('Cours-53310-37-M1-IA-IL-CLA-Index-Education', '2024-03-05 13:00:00', '2024-03-05 16:00:00', 17, 20, 4, 3, 3, 2),
('Cours-53314-42-M1-ILSEN-cla-Gr1-Index-Education', '2024-04-08 07:30:00', '2024-04-08 09:00:00', 17, 19, 17, 1, 3, 2),
('Cours-53315-42-M1-IA-IL-ALT-Index-Education', '2024-04-09 09:00:00', '2024-04-09 10:30:00', 17, 20, 17, 4, 3, 2),
('Cours-53315-42-M1-ILSEN-alt-GR1-Index-Education', '2024-04-09 09:00:00', '2024-04-09 10:30:00', 17, 20, 17, 2, 3, 2),
('Cours-53316-42-M1-IA-IL-CLA-Index-Education', '2024-04-09 07:30:00', '2024-04-09 09:00:00', 17, 20, 17, 3, 3, 2),
('Cours-53317-34-M1-ILSEN-cla-Gr1-Index-Education', '2024-02-12 08:30:00', '2024-02-12 11:30:00', 17, 19, 21, 1, 3, 2),
('Cours-53317-37-M1-ILSEN-cla-Gr1-Index-Education', '2024-03-04 08:30:00', '2024-03-04 11:30:00', 17, 19, 14, 1, 3, 2),
('Cours-53317-38-M1-ILSEN-cla-Gr1-Index-Education', '2024-03-11 08:30:00', '2024-03-11 11:30:00', 17, 19, 26, 1, 3, 2),
('Cours-53317-39-M1-ILSEN-cla-Gr1-Index-Education', '2024-03-18 08:30:00', '2024-03-18 11:30:00', 17, 19, 17, 1, 3, 2),
('Cours-53321-33-M1-IA-IL-ALT-Index-Education', '2024-02-06 16:00:00', '2024-02-06 19:00:00', 17, 20, 5, 4, 3, 2),
('Cours-53321-33-M1-ILSEN-alt-GR1-Index-Education', '2024-02-06 16:00:00', '2024-02-06 19:00:00', 17, 20, 5, 2, 3, 2),
('Cours-53321-39-M1-IA-IL-ALT-Index-Education', '2024-03-19 16:00:00', '2024-03-19 19:00:00', 17, 20, 14, 4, 3, 2),
('Cours-53321-39-M1-ILSEN-alt-GR1-Index-Education', '2024-03-19 16:00:00', '2024-03-19 19:00:00', 17, 20, 14, 2, 3, 2),
('Cours-53326-32-M1-IA-IL-ALT-Index-Education', '2024-01-29 16:00:00', '2024-01-29 19:00:00', 17, 19, 8, 4, 2, 2),
('Cours-53326-32-M1-IA-IL-CLA-Index-Education', '2024-01-29 16:00:00', '2024-01-29 19:00:00', 17, 19, 8, 3, 2, 2),
('Cours-53326-32-M1-ILSEN-alt-GR1-Index-Education', '2024-01-29 16:00:00', '2024-01-29 19:00:00', 17, 19, 8, 2, 2, 2),
('Cours-53326-32-M1-ILSEN-cla-Gr1-Index-Education', '2024-01-29 16:00:00', '2024-01-29 19:00:00', 17, 19, 8, 1, 2, 2),
('Cours-53327-43-M1-IA-IL-ALT-Index-Education', '2024-04-15 09:00:00', '2024-04-15 10:30:00', 17, 19, 1, 4, 4, 2),
('Cours-53327-43-M1-IA-IL-CLA-Index-Education', '2024-04-15 09:00:00', '2024-04-15 10:30:00', 17, 19, 1, 3, 4, 2),
('Cours-53327-43-M1-ILSEN-alt-GR1-Index-Education', '2024-04-15 09:00:00', '2024-04-15 10:30:00', 17, 19, 1, 2, 4, 2),
('Cours-53327-43-M1-ILSEN-cla-Gr1-Index-Education', '2024-04-15 09:00:00', '2024-04-15 10:30:00', 17, 19, 1, 1, 4, 2),
('Cours-53339-32-M1-ILSEN-alt-GR1-Index-Education', '2024-02-01 17:30:00', '2024-02-01 19:00:00', 18, 3, 8, 2, 2, 2),
('Cours-53339-32-M1-ILSEN-cla-Gr1-Index-Education', '2024-02-01 17:30:00', '2024-02-01 19:00:00', 18, 3, 8, 1, 2, 2),
('Cours-53340-33-M1-ILSEN-alt-GR1-Index-Education', '2024-02-07 17:30:00', '2024-02-07 19:00:00', 18, 3, 8, 2, 2, 2),
('Cours-53340-33-M1-ILSEN-cla-Gr1-Index-Education', '2024-02-07 17:30:00', '2024-02-07 19:00:00', 18, 3, 8, 1, 2, 2),
('Cours-53341-33-M1-ILSEN-alt-GR1-Index-Education', '2024-02-08 08:30:00', '2024-02-08 10:00:00', 18, 3, 8, 2, 2, 2),
('Cours-53341-33-M1-ILSEN-cla-Gr1-Index-Education', '2024-02-08 08:30:00', '2024-02-08 10:00:00', 18, 3, 8, 1, 2, 2),
('Cours-53344-32-M1-ILSEN-cla-Gr1-Index-Education', '2024-02-01 10:00:00', '2024-02-01 13:00:00', 18, 3, 4, 1, 3, 11),
('Cours-53345-32-M1-ILSEN-cla-Gr1-Index-Education', '2024-02-01 14:30:00', '2024-02-01 17:30:00', 18, 3, 17, 1, 3, 12),
('Cours-5335-16-M1-ILSEN-cla-Gr1-Index-Education', '2023-10-12 15:00:00', '2023-10-12 18:00:00', 6, 9, 8, 1, 5, 2),
('Cours-53351-32-M1-ILSEN-cla-Gr1-Index-Education', '2024-01-31 14:30:00', '2024-01-31 17:30:00', 18, 3, 17, 1, 3, 13),
('Cours-53352-33-M1-ILSEN-cla-Gr1-Index-Education', '2024-02-07 14:30:00', '2024-02-07 17:30:00', 18, 3, 17, 1, 3, 14),
('Cours-53353-32-M1-ILSEN-cla-Gr1-Index-Education', '2024-01-31 10:00:00', '2024-01-31 13:00:00', 18, 3, 4, 1, 3, 15),
('Cours-53354-33-M1-ILSEN-cla-Gr1-Index-Education', '2024-02-07 10:00:00', '2024-02-07 13:00:00', 18, 3, 4, 1, 3, 16),
('Cours-5336-13-M1-ILSEN-cla-Gr1-Index-Education', '2023-09-19 09:00:00', '2023-09-19 12:00:00', 6, 9, 9, 1, 5, 2),
('Cours-53362-33-M1-ILSEN-cla-Gr1-Index-Education', '2024-02-08 10:00:00', '2024-02-08 13:00:00', 18, 3, 4, 1, 3, 17),
('Cours-53364-33-M1-ILSEN-cla-Gr1-Index-Education', '2024-02-08 14:30:00', '2024-02-08 17:30:00', 18, 3, 17, 1, 3, 18),
('Cours-53378-32-M1-ILSEN-alt-GR1-Index-Education', '2024-01-31 10:00:00', '2024-01-31 13:00:00', 18, 28, 5, 2, 3, 15),
('Cours-53379-33-M1-ILSEN-alt-GR1-Index-Education', '2024-02-07 10:00:00', '2024-02-07 13:00:00', 18, 28, 5, 2, 3, 16),
('Cours-5338-13-M1-IA-IL-CLA-Index-Education', '2023-09-21 15:00:00', '2023-09-21 18:00:00', 6, 9, 8, 3, 5, 2),
('Cours-53380-32-M1-ILSEN-alt-GR1-Index-Education', '2024-01-31 14:30:00', '2024-01-31 17:30:00', 18, 28, 5, 2, 3, 13),
('Cours-53381-33-M1-ILSEN-alt-GR1-Index-Education', '2024-02-07 14:30:00', '2024-02-07 17:30:00', 18, 28, 5, 2, 3, 14),
('Cours-53382-32-M1-ILSEN-alt-GR1-Index-Education', '2024-02-01 10:00:00', '2024-02-01 13:00:00', 18, 28, 5, 2, 3, 11),
('Cours-53384-32-M1-ILSEN-alt-GR1-Index-Education', '2024-02-01 14:30:00', '2024-02-01 17:30:00', 18, 28, 5, 2, 3, 12),
('Cours-53386-34-M1-ILSEN-alt-GR1-Index-Education', '2024-02-12 14:30:00', '2024-02-12 17:30:00', 18, 28, 5, 2, 3, 19),
('Cours-53387-34-M1-ILSEN-alt-GR1-Index-Education', '2024-02-12 08:30:00', '2024-02-12 11:30:00', 18, 28, 5, 2, 3, 20),
('Cours-53388-33-M1-ILSEN-alt-GR1-Index-Education', '2024-02-08 10:00:00', '2024-02-08 13:00:00', 18, 28, 5, 2, 3, 17),
('Cours-53389-33-M1-ILSEN-alt-GR1-Index-Education', '2024-02-08 14:30:00', '2024-02-08 17:30:00', 18, 28, 5, 2, 3, 18),
('Cours-53400-32-M1-ILSEN-alt-GR1-Index-Education', '2024-01-31 17:30:00', '2024-01-31 19:00:00', 18, 3, 8, 2, 2, 2),
('Cours-53400-32-M1-ILSEN-cla-Gr1-Index-Education', '2024-01-31 17:30:00', '2024-01-31 19:00:00', 18, 3, 8, 1, 2, 2),
('Cours-53401-34-M1-ILSEN-alt-GR1-Index-Education', '2024-02-14 08:30:00', '2024-02-14 10:00:00', 19, 3, 8, 2, 2, 2),
('Cours-53401-34-M1-ILSEN-cla-Gr1-Index-Education', '2024-02-14 08:30:00', '2024-02-14 10:00:00', 19, 3, 8, 1, 2, 2),
('Cours-53406-35-M1-ILSEN-cla-Gr1-Index-Education', '2024-02-21 10:00:00', '2024-02-21 13:00:00', 18, 3, 4, 1, 3, 19),
('Cours-53407-35-M1-ILSEN-cla-Gr1-Index-Education', '2024-02-21 14:30:00', '2024-02-21 17:30:00', 18, 3, 17, 1, 3, 20),
('Cours-53412-35-M1-ILSEN-cla-Gr1-Index-Education', '2024-02-22 14:30:00', '2024-02-22 17:30:00', 19, 3, 5, 1, 3, 2),
('Cours-53414-35-M1-ILSEN-cla-Gr1-Index-Education', '2024-02-22 08:30:00', '2024-02-22 13:00:00', 19, 3, 5, 1, 3, 2),
('Cours-53417-34-M1-ILSEN-alt-GR1-Index-Education', '2024-02-15 14:30:00', '2024-02-15 19:00:00', 19, 3, 5, 2, 3, 2),
('Cours-53419-37-M1-ILSEN-alt-GR1-Index-Education', '2024-03-07 16:00:00', '2024-03-07 19:00:00', 19, 3, 5, 2, 3, 2),
('Cours-5342-14-M1-IA-IL-CLA-Index-Education', '2023-09-26 12:00:00', '2023-09-26 15:00:00', 6, 9, 34, 3, 5, 2),
('Cours-5342-15-M1-IA-IL-CLA-Index-Education', '2023-10-03 12:00:00', '2023-10-03 15:00:00', 6, 9, 34, 3, 5, 2),
('Cours-53471-34-M1-ILSEN-cla-Gr1-Index-Education', '2024-02-16 08:30:00', '2024-02-16 13:00:00', 19, 20, 14, 1, 3, 2),
('Cours-5348-16-M1-IA-IL-CLA-Index-Education', '2023-10-11 12:00:00', '2023-10-11 15:00:00', 6, 9, 8, 3, 5, 2),
('Cours-53489-34-M1-ILSEN-alt-GR1-Index-Education', '2024-02-13 16:00:00', '2024-02-13 19:00:00', 19, 20, 13, 2, 3, 2),
('Cours-53490-37-M1-ILSEN-alt-GR1-Index-Education', '2024-03-08 16:00:00', '2024-03-08 19:00:00', 19, 20, 4, 2, 3, 2),
('Cours-53491-38-M1-ILSEN-alt-GR1-Index-Education', '2024-03-14 13:00:00', '2024-03-14 16:00:00', 19, 3, 4, 2, 3, 2),
('Cours-53493-37-M1-ILSEN-alt-GR1-Index-Education', '2024-03-07 08:30:00', '2024-03-07 10:00:00', 20, 3, 7, 2, 2, 2),
('Cours-53493-37-M1-ILSEN-cla-Gr1-Index-Education', '2024-03-07 08:30:00', '2024-03-07 10:00:00', 20, 3, 7, 1, 2, 2),
('Cours-5350-17-M1-ILSEN-cla-Gr1-Index-Education', '2023-10-16 12:00:00', '2023-10-16 15:00:00', 6, 9, 10, 1, 5, 2),
('Cours-53503-37-M1-ILSEN-alt-GR1-Index-Education', '2024-03-07 13:00:00', '2024-03-07 16:00:00', 20, 3, 7, 2, 2, 2),
('Cours-53503-37-M1-ILSEN-cla-Gr1-Index-Education', '2024-03-07 13:00:00', '2024-03-07 16:00:00', 20, 3, 7, 1, 2, 2),
('Cours-53506-34-M1-ILSEN-cla-Gr1-Index-Education', '2024-02-15 10:00:00', '2024-02-15 13:00:00', 19, 3, 5, 1, 3, 2),
('Cours-5351-20-M1-IA-IL-ALT-Index-Education', '2023-11-08 14:30:00', '2023-11-08 17:30:00', 6, 9, 6, 4, 5, 2),
('Cours-53510-38-M1-ILSEN-cla-Gr1-Index-Education', '2024-03-14 08:30:00', '2024-03-14 11:30:00', 20, 3, 11, 1, 3, 2),
('Cours-53511-39-M1-ILSEN-cla-Gr1-Index-Education', '2024-03-21 14:30:00', '2024-03-21 17:30:00', 20, 3, 11, 1, 3, 2),
('Cours-53511-40-M1-ILSEN-cla-Gr1-Index-Education', '2024-03-28 14:30:00', '2024-03-28 17:30:00', 20, 3, 11, 1, 3, 2),
('Cours-53514-40-M1-ILSEN-cla-Gr1-Index-Education', '2024-03-28 10:00:00', '2024-03-28 13:00:00', 20, 3, 11, 1, 3, 2),
('Cours-53514-41-M1-ILSEN-cla-Gr1-Index-Education', '2024-04-04 09:00:00', '2024-04-04 12:00:00', 20, 3, 11, 1, 3, 2),
('Cours-53517-41-M1-ILSEN-cla-Gr1-Index-Education', '2024-04-04 13:30:00', '2024-04-04 16:30:00', 20, 3, 11, 1, 3, 2),
('Cours-5352-20-M1-ILSEN-cla-Gr1-Index-Education', '2023-11-06 08:30:00', '2023-11-06 11:30:00', 6, 9, 8, 1, 5, 2),
('Cours-53533-38-M1-ILSEN-alt-GR1-Index-Education', '2024-03-15 13:00:00', '2024-03-15 16:00:00', 20, 26, 21, 2, 3, 2),
('Cours-53534-43-M1-ILSEN-alt-GR1-Index-Education', '2024-04-15 12:00:00', '2024-04-15 15:00:00', 20, 26, 11, 2, 3, 2),
('Cours-53536-42-M1-ILSEN-alt-GR1-Index-Education', '2024-04-12 12:00:00', '2024-04-12 15:00:00', 20, 26, 11, 2, 3, 2),
('Cours-53582-39-M1-ILSEN-cla-Gr1-Index-Education', '2024-03-20 10:00:00', '2024-03-20 13:00:00', 16, 17, 5, 1, 3, 2),
('Cours-53584-40-M1-ILSEN-cla-Gr1-Index-Education', '2024-03-25 08:30:00', '2024-03-25 11:30:00', 16, 17, 11, 1, 3, 2),
('Cours-53585-41-M1-ILSEN-cla-Gr1-Index-Education', '2024-04-02 07:30:00', '2024-04-02 10:30:00', 16, 17, 17, 1, 3, 2),
('Cours-53590-43-M1-IA-IL-ALT-Index-Education', '2024-04-18 07:00:00', '2024-04-18 19:00:00', 1, 25, 28, 4, 1, 32),
('Cours-53590-43-M1-IA-IL-CLA-Index-Education', '2024-04-18 07:00:00', '2024-04-18 19:00:00', 1, 25, 28, 3, 1, 32),
('Cours-53590-43-M1-ILSEN-alt-GR1-Index-Education', '2024-04-18 07:00:00', '2024-04-18 19:00:00', 1, 25, 28, 2, 1, 32),
('Cours-53592-43-M1-IA-IL-ALT-Index-Education', '2024-04-19 07:00:00', '2024-04-19 19:00:00', 1, 25, 28, 4, 1, 32),
('Cours-53592-43-M1-IA-IL-CLA-Index-Education', '2024-04-19 07:00:00', '2024-04-19 19:00:00', 1, 25, 28, 3, 1, 32),
('Cours-53592-43-M1-ILSEN-alt-GR1-Index-Education', '2024-04-19 07:00:00', '2024-04-19 19:00:00', 1, 25, 28, 2, 1, 32),
('Cours-53628-33-M1-ILSEN-cla-Gr1-Index-Education', '2024-02-05 17:30:00', '2024-02-05 19:00:00', 21, 21, 6, 1, 5, 2),
('Cours-53630-32-M1-ILSEN-cla-Gr1-Index-Education', '2024-02-01 08:30:00', '2024-02-01 10:00:00', 21, 21, 9, 1, 5, 2),
('Cours-53640-32-M1-IA-IL-ALT-Index-Education', '2024-02-02 14:30:00', '2024-02-02 16:00:00', 21, 21, 8, 4, 5, 2),
('Cours-53640-32-M1-ILSEN-alt-GR1-Index-Education', '2024-02-02 14:30:00', '2024-02-02 16:00:00', 21, 21, 8, 2, 5, 2),
('Cours-53642-33-M1-IA-IL-CLA-Index-Education', '2024-02-07 10:00:00', '2024-02-07 11:30:00', 21, 21, 6, 3, 5, 2),
('Cours-53643-32-M1-IA-IL-CLA-Index-Education', '2024-01-29 10:00:00', '2024-01-29 11:30:00', 21, 21, 8, 3, 5, 2),
('Cours-53644-32-M1-IA-IL-CLA-Index-Education', '2024-02-01 10:00:00', '2024-02-01 11:30:00', 21, 21, 7, 3, 5, 2),
('Cours-53653-33-M1-IA-IL-ALT-Index-Education', '2024-02-05 14:30:00', '2024-02-05 16:00:00', 21, 21, 8, 4, 5, 2),
('Cours-53653-33-M1-ILSEN-alt-GR1-Index-Education', '2024-02-05 14:30:00', '2024-02-05 16:00:00', 21, 21, 8, 2, 5, 2),
('Cours-53654-33-M1-IA-IL-ALT-Index-Education', '2024-02-08 17:30:00', '2024-02-08 19:00:00', 21, 21, 8, 4, 5, 2),
('Cours-53654-33-M1-ILSEN-alt-GR1-Index-Education', '2024-02-08 17:30:00', '2024-02-08 19:00:00', 21, 21, 8, 2, 5, 2),
('Cours-53656-33-M1-IA-IL-ALT-Index-Education', '2024-02-09 14:30:00', '2024-02-09 16:00:00', 21, 21, 6, 4, 5, 2),
('Cours-53656-33-M1-ILSEN-alt-GR1-Index-Education', '2024-02-09 14:30:00', '2024-02-09 16:00:00', 21, 21, 6, 2, 5, 2),
('Cours-53659-33-M1-IA-IL-CLA-Index-Education', '2024-02-09 16:00:00', '2024-02-09 17:30:00', 21, 21, 6, 3, 5, 2),
('Cours-53664-34-M1-ILSEN-cla-Gr1-Index-Education', '2024-02-15 08:30:00', '2024-02-15 10:00:00', 21, 21, 6, 1, 5, 2),
('Cours-53672-34-M1-IA-IL-CLA-Index-Education', '2024-02-15 10:00:00', '2024-02-15 11:30:00', 21, 21, 6, 3, 5, 2),
('Cours-53676-37-M1-ILSEN-cla-Gr1-Index-Education', '2024-03-05 17:30:00', '2024-03-05 19:00:00', 21, 21, 27, 1, 5, 2),
('Cours-53685-37-M1-IA-IL-ALT-Index-Education', '2024-03-06 10:00:00', '2024-03-06 11:30:00', 21, 21, 27, 4, 5, 2),
('Cours-53685-37-M1-ILSEN-alt-GR1-Index-Education', '2024-03-06 10:00:00', '2024-03-06 11:30:00', 21, 21, 27, 2, 5, 2),
('Cours-53689-37-M1-IA-IL-CLA-Index-Education', '2024-03-08 14:30:00', '2024-03-08 16:00:00', 21, 21, 8, 3, 5, 2),
('Cours-53695-38-M1-ILSEN-cla-Gr1-Index-Education', '2024-03-13 08:30:00', '2024-03-13 10:00:00', 21, 21, 8, 1, 5, 2),
('Cours-53696-38-M1-IA-IL-ALT-Index-Education', '2024-03-13 16:00:00', '2024-03-13 17:30:00', 21, 21, 9, 4, 5, 2),
('Cours-53696-38-M1-ILSEN-alt-GR1-Index-Education', '2024-03-13 16:00:00', '2024-03-13 17:30:00', 21, 21, 9, 2, 5, 2),
('Cours-53697-38-M1-IA-IL-ALT-Index-Education', '2024-03-15 17:30:00', '2024-03-15 19:00:00', 21, 21, 9, 4, 5, 2),
('Cours-53697-38-M1-ILSEN-alt-GR1-Index-Education', '2024-03-15 17:30:00', '2024-03-15 19:00:00', 21, 21, 9, 2, 5, 2),
('Cours-53699-38-M1-IA-IL-CLA-Index-Education', '2024-03-13 14:30:00', '2024-03-13 16:00:00', 21, 21, 9, 3, 5, 2),
('Cours-53704-34-M1-IA-IL-ALT-Index-Education', '2024-02-16 16:00:00', '2024-02-16 17:30:00', 21, 21, 27, 4, 5, 2),
('Cours-53704-34-M1-ILSEN-alt-GR1-Index-Education', '2024-02-16 16:00:00', '2024-02-16 17:30:00', 21, 21, 27, 2, 5, 2),
('Cours-53705-39-M1-IA-IL-ALT-Index-Education', '2024-03-21 17:30:00', '2024-03-21 19:00:00', 21, 21, 9, 4, 5, 2),
('Cours-53705-39-M1-ILSEN-alt-GR1-Index-Education', '2024-03-21 17:30:00', '2024-03-21 19:00:00', 21, 21, 9, 2, 5, 2),
('Cours-53707-39-M1-IA-IL-CLA-Index-Education', '2024-03-21 14:30:00', '2024-03-21 16:00:00', 21, 21, 9, 3, 5, 2),
('Cours-53710-41-M1-ILSEN-cla-Gr1-Index-Education', '2024-04-02 10:30:00', '2024-04-02 12:00:00', 21, 21, 27, 1, 5, 2),
('Cours-53712-40-M1-IA-IL-CLA-Index-Education', '2024-03-27 14:30:00', '2024-03-27 16:00:00', 21, 21, 6, 3, 5, 2),
('Cours-53716-41-M1-IA-IL-CLA-Index-Education', '2024-04-04 09:00:00', '2024-04-04 10:30:00', 21, 21, 27, 3, 5, 2),
('Cours-53721-42-M1-IA-IL-CLA-Index-Education', '2024-04-09 15:00:00', '2024-04-09 16:30:00', 21, 21, 27, 3, 5, 2),
('Cours-53722-42-M1-IA-IL-CLA-Index-Education', '2024-04-12 13:30:00', '2024-04-12 15:00:00', 21, 21, 9, 3, 5, 2),
('Cours-53724-42-M1-IA-IL-ALT-Index-Education', '2024-04-11 15:00:00', '2024-04-11 16:30:00', 21, 21, 9, 4, 5, 2),
('Cours-53724-42-M1-ILSEN-alt-GR1-Index-Education', '2024-04-11 15:00:00', '2024-04-11 16:30:00', 21, 21, 9, 2, 5, 2),
('Cours-53725-42-M1-ILSEN-cla-Gr1-Index-Education', '2024-04-09 13:30:00', '2024-04-09 15:00:00', 21, 21, 9, 1, 5, 2),
('Cours-53731-43-M1-ILSEN-cla-Gr1-Index-Education', '2024-04-17 09:00:00', '2024-04-17 10:30:00', 21, 21, 9, 1, 5, 2),
('Cours-53733-43-M1-IA-IL-ALT-Index-Education', '2024-04-17 10:30:00', '2024-04-17 12:00:00', 21, 21, 9, 4, 5, 2),
('Cours-53733-43-M1-ILSEN-alt-GR1-Index-Education', '2024-04-17 10:30:00', '2024-04-17 12:00:00', 21, 21, 9, 2, 5, 2),
('Cours-53734-45-M1-IA-IL-CLA-Index-Education', '2024-05-02 12:00:00', '2024-05-02 13:30:00', 21, 21, 9, 3, 5, 2),
('Cours-53735-43-M1-IA-IL-CLA-Index-Education', '2024-04-17 12:00:00', '2024-04-17 13:30:00', 21, 21, 9, 3, 5, 2),
('Cours-53738-34-M1-ILSEN-cla-Gr1-Index-Education', '2024-02-13 08:30:00', '2024-02-13 10:00:00', 21, 21, 6, 1, 5, 2),
('Cours-53740-47-M1-IA-IL-ALT-Index-Education', '2024-05-16 07:30:00', '2024-05-16 09:00:00', 21, 21, 9, 4, 5, 2),
('Cours-53740-47-M1-ILSEN-alt-GR1-Index-Education', '2024-05-16 07:30:00', '2024-05-16 09:00:00', 21, 21, 9, 2, 5, 2),
('Cours-53742-45-M1-IA-IL-CLA-Index-Education', '2024-04-30 12:00:00', '2024-04-30 13:30:00', 21, 21, 9, 3, 5, 2),
('Cours-53746-40-M1-IA-IL-CLA-Index-Education', '2024-03-29 16:00:00', '2024-03-29 17:30:00', 21, 21, 27, 3, 5, 2),
('Cours-53749-47-M1-IA-IL-ALT-Index-Education', '2024-05-15 13:30:00', '2024-05-15 15:00:00', 21, 21, 9, 4, 5, 2),
('Cours-53749-47-M1-ILSEN-alt-GR1-Index-Education', '2024-05-15 13:30:00', '2024-05-15 15:00:00', 21, 21, 9, 2, 5, 2),
('Cours-53760-33-M1-IA-IL-ALT-Index-Education', '2024-02-05 16:00:00', '2024-02-05 17:30:00', 21, 21, 6, 4, 5, 2),
('Cours-53760-33-M1-ILSEN-alt-GR1-Index-Education', '2024-02-05 16:00:00', '2024-02-05 17:30:00', 21, 21, 6, 2, 5, 2),
('Cours-53761-43-M1-ILSEN-cla-Gr1-Index-Education', '2024-04-16 16:30:00', '2024-04-16 18:00:00', 21, 21, 9, 1, 5, 2),
('Cours-53762-32-M1-ILSEN-cla-Gr1-Index-Education', '2024-01-29 13:00:00', '2024-01-29 14:30:00', 21, 21, 9, 1, 5, 2),
('Cours-53776-42-M1-ILSEN-cla-Gr1-Index-Education', '2024-04-12 15:00:00', '2024-04-12 16:30:00', 21, 21, 9, 1, 5, 2),
('Cours-53777-32-M1-IA-IL-ALT-Index-Education', '2024-01-31 08:30:00', '2024-01-31 10:00:00', 21, 21, 9, 4, 5, 2),
('Cours-53777-32-M1-ILSEN-alt-GR1-Index-Education', '2024-01-31 08:30:00', '2024-01-31 10:00:00', 21, 21, 9, 2, 5, 2),
('Cours-53778-33-M1-ILSEN-cla-Gr1-Index-Education', '2024-02-07 08:30:00', '2024-02-07 10:00:00', 21, 21, 6, 1, 5, 2),
('Cours-53780-35-M1-ILSEN-cla-Gr1-Index-Education', '2024-02-21 08:30:00', '2024-02-21 10:00:00', 21, 21, 8, 1, 5, 2),
('Cours-53781-37-M1-ILSEN-cla-Gr1-Index-Education', '2024-03-07 10:00:00', '2024-03-07 11:30:00', 21, 21, 20, 1, 5, 2),
('Cours-53782-37-M1-ILSEN-cla-Gr1-Index-Education', '2024-03-05 16:00:00', '2024-03-05 17:30:00', 21, 21, 9, 1, 5, 2),
('Cours-53783-38-M1-ILSEN-cla-Gr1-Index-Education', '2024-03-12 16:00:00', '2024-03-12 17:30:00', 21, 21, 8, 1, 5, 2),
('Cours-53784-35-M1-IA-IL-CLA-Index-Education', '2024-02-21 11:30:00', '2024-02-21 13:00:00', 21, 21, 8, 3, 5, 2),
('Cours-53786-37-M1-IA-IL-CLA-Index-Education', '2024-03-05 08:30:00', '2024-03-05 10:00:00', 21, 21, 8, 3, 5, 2),
('Cours-53787-38-M1-IA-IL-CLA-Index-Education', '2024-03-12 13:00:00', '2024-03-12 14:30:00', 21, 21, 8, 3, 5, 2),
('Cours-53788-39-M1-IA-IL-CLA-Index-Education', '2024-03-19 11:30:00', '2024-03-19 13:00:00', 21, 21, 9, 3, 5, 2),
('Cours-53794-37-M1-IA-IL-CLA-Index-Education', '2024-03-07 16:00:00', '2024-03-07 17:30:00', 21, 21, 20, 3, 5, 2),
('Cours-53795-37-M1-ILSEN-cla-Gr1-Index-Education', '2024-03-06 13:00:00', '2024-03-06 14:30:00', 21, 21, 8, 1, 5, 2),
('Cours-53796-38-M1-IA-IL-CLA-Index-Education', '2024-03-13 10:00:00', '2024-03-13 11:30:00', 21, 21, 8, 3, 5, 2),
('Cours-53797-38-M1-ILSEN-cla-Gr1-Index-Education', '2024-03-12 14:30:00', '2024-03-12 16:00:00', 21, 21, 8, 1, 5, 2),
('Cours-53798-39-M1-IA-IL-CLA-Index-Education', '2024-03-20 14:30:00', '2024-03-20 16:00:00', 21, 21, 9, 3, 5, 2),
('Cours-5380-16-M1-IA-IL-CLA-Index-Education', '2023-10-11 15:00:00', '2023-10-11 18:00:00', 7, 7, 14, 3, 3, 2),
('Cours-53800-39-M1-ILSEN-cla-Gr1-Index-Education', '2024-03-21 08:30:00', '2024-03-21 10:00:00', 21, 21, 9, 1, 5, 2),
('Cours-53808-47-M1-IA-IL-ALT-Index-Education', '2024-05-17 16:30:00', '2024-05-17 18:00:00', 21, 21, 2, 4, 4, 2),
('Cours-53808-47-M1-IA-IL-CLA-Index-Education', '2024-05-17 16:30:00', '2024-05-17 18:00:00', 21, 21, 2, 3, 4, 2),
('Cours-53808-47-M1-ILSEN-alt-GR1-Index-Education', '2024-05-17 16:30:00', '2024-05-17 18:00:00', 21, 21, 2, 2, 4, 2),
('Cours-53809-39-M1-IA-IL-ALT-Index-Education', '2024-03-22 14:30:00', '2024-03-22 16:00:00', 21, 21, 2, 4, 4, 2),
('Cours-53809-39-M1-IA-IL-CLA-Index-Education', '2024-03-22 14:30:00', '2024-03-22 16:00:00', 21, 21, 2, 3, 4, 2),
('Cours-53809-39-M1-ILSEN-alt-GR1-Index-Education', '2024-03-22 14:30:00', '2024-03-22 16:00:00', 21, 21, 2, 2, 4, 2),
('Cours-53812-47-M1-ILSEN-cla-Gr1-Index-Education', '2024-05-16 09:00:00', '2024-05-16 10:30:00', 21, 21, 9, 1, 5, 2),
('Cours-53813-45-M1-ILSEN-cla-Gr1-Index-Education', '2024-04-30 13:30:00', '2024-04-30 15:00:00', 21, 21, 9, 1, 5, 2),
('Cours-53813-46-M1-ILSEN-cla-Gr1-Index-Education', '2024-05-07 13:30:00', '2024-05-07 15:00:00', 21, 21, 9, 1, 5, 2),
('Cours-53815-39-M1-ILSEN-cla-Gr1-Index-Education', '2024-03-18 16:00:00', '2024-03-18 19:00:00', 16, 17, 11, 1, 3, 2),
('Cours-53816-39-M1-ILSEN-cla-Gr1-Index-Education', '2024-03-19 08:30:00', '2024-03-19 11:30:00', 16, 17, 5, 1, 3, 2),
('Cours-53817-40-M1-ILSEN-cla-Gr1-Index-Education', '2024-03-27 08:30:00', '2024-03-27 11:30:00', 16, 17, 11, 1, 3, 2),
('Cours-53818-40-M1-ILSEN-cla-Gr1-Index-Education', '2024-03-29 08:30:00', '2024-03-29 11:30:00', 16, 17, 11, 1, 3, 2),
('Cours-53819-41-M1-ILSEN-cla-Gr1-Index-Education', '2024-04-03 07:30:00', '2024-04-03 10:30:00', 16, 17, 17, 1, 3, 2),
('Cours-5382-18-M1-IA-IL-CLA-Index-Education', '2023-10-25 07:30:00', '2023-10-25 10:30:00', 7, 7, 14, 3, 3, 2),
('Cours-53820-40-M1-ILSEN-cla-Gr1-Index-Education', '2024-03-26 16:00:00', '2024-03-26 19:00:00', 16, 17, 17, 1, 3, 2),
('Cours-53822-39-M1-ILSEN-cla-Gr1-Index-Education', '2024-03-19 17:30:00', '2024-03-19 19:00:00', 16, 17, 17, 1, 3, 2),
('Cours-53823-39-M1-ILSEN-alt-GR1-Index-Education', '2024-03-20 16:00:00', '2024-03-20 19:00:00', 16, 12, 5, 2, 3, 2),
('Cours-53824-38-M1-ILSEN-alt-GR1-Index-Education', '2024-03-14 08:30:00', '2024-03-14 11:30:00', 16, 25, 14, 2, 3, 2),
('Cours-53825-42-M1-ILSEN-alt-GR1-Index-Education', '2024-04-08 12:00:00', '2024-04-08 15:00:00', 16, 12, 11, 2, 3, 2),
('Cours-53830-39-M1-ILSEN-alt-GR1-Index-Education', '2024-03-18 08:30:00', '2024-03-18 11:30:00', 16, 12, 5, 2, 3, 2),
('Cours-53831-43-M1-ILSEN-alt-GR1-Index-Education', '2024-04-16 07:30:00', '2024-04-16 10:30:00', 16, 25, 5, 2, 3, 2),
('Cours-53832-42-M1-ILSEN-alt-GR1-Index-Education', '2024-04-12 07:30:00', '2024-04-12 10:30:00', 16, 12, 5, 2, 3, 2),
('Cours-53833-47-M1-ILSEN-alt-GR1-Index-Education', '2024-05-16 09:00:00', '2024-05-16 12:00:00', 16, 12, 11, 2, 3, 2),
('Cours-53841-34-M1-IA-IL-ALT-Index-Education', '2024-02-13 13:00:00', '2024-02-13 16:00:00', 22, 22, 10, 4, 2, 2),
('Cours-53841-34-M1-IA-IL-CLA-Index-Education', '2024-02-13 13:00:00', '2024-02-13 16:00:00', 22, 22, 10, 3, 2, 2),
('Cours-53841-34-M1-ILSEN-alt-GR1-Index-Education', '2024-02-13 13:00:00', '2024-02-13 16:00:00', 22, 22, 10, 2, 2, 2),
('Cours-53841-34-M1-ILSEN-cla-Gr1-Index-Education', '2024-02-13 13:00:00', '2024-02-13 16:00:00', 22, 22, 10, 1, 2, 2),
('Cours-53842-32-M1-IA-IL-ALT-Index-Education', '2024-01-30 08:30:00', '2024-01-30 10:00:00', 22, 22, 10, 4, 2, 2),
('Cours-53842-32-M1-IA-IL-CLA-Index-Education', '2024-01-30 08:30:00', '2024-01-30 10:00:00', 22, 22, 10, 3, 2, 2),
('Cours-53842-32-M1-ILSEN-alt-GR1-Index-Education', '2024-01-30 08:30:00', '2024-01-30 10:00:00', 22, 22, 10, 2, 2, 2),
('Cours-53842-32-M1-ILSEN-cla-Gr1-Index-Education', '2024-01-30 08:30:00', '2024-01-30 10:00:00', 22, 22, 10, 1, 2, 2),
('Cours-53843-32-M1-IA-IL-ALT-Index-Education', '2024-02-02 08:30:00', '2024-02-02 10:00:00', 22, 23, 7, 4, 2, 2),
('Cours-53843-32-M1-IA-IL-CLA-Index-Education', '2024-02-02 08:30:00', '2024-02-02 10:00:00', 22, 23, 7, 3, 2, 2),
('Cours-53843-32-M1-ILSEN-alt-GR1-Index-Education', '2024-02-02 08:30:00', '2024-02-02 10:00:00', 22, 23, 7, 2, 2, 2),
('Cours-53843-32-M1-ILSEN-cla-Gr1-Index-Education', '2024-02-02 08:30:00', '2024-02-02 10:00:00', 22, 23, 7, 1, 2, 2),
('Cours-53843-33-M1-IA-IL-ALT-Index-Education', '2024-02-09 08:30:00', '2024-02-09 10:00:00', 22, 23, 7, 4, 2, 2),
('Cours-53843-33-M1-IA-IL-CLA-Index-Education', '2024-02-09 08:30:00', '2024-02-09 10:00:00', 22, 23, 7, 3, 2, 2),
('Cours-53843-33-M1-ILSEN-alt-GR1-Index-Education', '2024-02-09 08:30:00', '2024-02-09 10:00:00', 22, 23, 7, 2, 2, 2),
('Cours-53843-33-M1-ILSEN-cla-Gr1-Index-Education', '2024-02-09 08:30:00', '2024-02-09 10:00:00', 22, 23, 7, 1, 2, 2),
('Cours-53867-34-M1-IA-IL-CLA-Index-Education', '2024-02-16 16:00:00', '2024-02-16 19:00:00', 22, 23, 14, 3, 3, 2),
('Cours-53868-37-M1-IA-IL-CLA-Index-Education', '2024-03-07 13:00:00', '2024-03-07 16:00:00', 22, 23, 21, 3, 3, 2),
('Cours-53868-41-M1-IA-IL-CLA-Index-Education', '2024-04-04 12:00:00', '2024-04-04 15:00:00', 22, 23, 12, 3, 3, 2),
('Cours-53869-34-M1-IA-IL-ALT-Index-Education', '2024-02-14 16:00:00', '2024-02-14 19:00:00', 22, 23, 5, 4, 3, 2),
('Cours-53869-34-M1-ILSEN-alt-GR1-Index-Education', '2024-02-14 16:00:00', '2024-02-14 19:00:00', 22, 23, 5, 2, 3, 2),
('Cours-53871-34-M1-ILSEN-cla-Gr1-Index-Education', '2024-02-12 14:30:00', '2024-02-12 17:30:00', 22, 24, 14, 1, 3, 2),
('Cours-53872-39-M1-ILSEN-cla-Gr1-Index-Education', '2024-03-18 13:00:00', '2024-03-18 16:00:00', 22, 24, 13, 1, 3, 2),
('Cours-53875-35-M1-ILSEN-cla-Gr1-Index-Education', '2024-02-19 08:30:00', '2024-02-19 11:30:00', 22, 24, 11, 1, 3, 2),
('Cours-53879-37-M1-IA-IL-ALT-Index-Education', '2024-03-04 13:00:00', '2024-03-04 16:00:00', 22, 23, 11, 4, 3, 2),
('Cours-53879-37-M1-ILSEN-alt-GR1-Index-Education', '2024-03-04 13:00:00', '2024-03-04 16:00:00', 22, 23, 11, 2, 3, 2),
('Cours-53879-38-M1-IA-IL-ALT-Index-Education', '2024-03-11 13:00:00', '2024-03-11 16:00:00', 22, 23, 13, 4, 3, 2),
('Cours-53879-38-M1-ILSEN-alt-GR1-Index-Education', '2024-03-11 13:00:00', '2024-03-11 16:00:00', 22, 23, 13, 2, 3, 2),
('Cours-53880-38-M1-ILSEN-cla-Gr1-Index-Education', '2024-03-13 14:30:00', '2024-03-13 17:30:00', 22, 24, 13, 1, 3, 2),
('Cours-53882-39-M1-IA-IL-ALT-Index-Education', '2024-03-20 13:00:00', '2024-03-20 14:30:00', 22, 23, 4, 4, 3, 2),
('Cours-53882-39-M1-ILSEN-alt-GR1-Index-Education', '2024-03-20 13:00:00', '2024-03-20 14:30:00', 22, 23, 4, 2, 3, 2),
('Cours-53883-35-M1-IA-IL-CLA-Index-Education', '2024-02-20 14:30:00', '2024-02-20 17:30:00', 22, 23, 11, 3, 3, 2),
('Cours-53883-38-M1-IA-IL-CLA-Index-Education', '2024-03-12 14:30:00', '2024-03-12 17:30:00', 22, 23, 13, 3, 3, 2),
('Cours-53883-39-M1-IA-IL-CLA-Index-Education', '2024-03-19 14:30:00', '2024-03-19 17:30:00', 22, 23, 17, 3, 3, 2),
('Cours-53885-40-M1-IA-IL-CLA-Index-Education', '2024-03-25 13:00:00', '2024-03-25 14:30:00', 22, 23, 11, 3, 3, 2),
('Cours-53887-40-M1-ILSEN-cla-Gr1-Index-Education', '2024-03-26 13:00:00', '2024-03-26 14:30:00', 22, 24, 11, 1, 3, 2),
('Cours-53892-38-M1-IA-IL-ALT-Index-Education', '2024-03-11 08:30:00', '2024-03-11 11:30:00', 22, 23, 13, 4, 3, 2),
('Cours-53892-38-M1-ILSEN-alt-GR1-Index-Education', '2024-03-11 08:30:00', '2024-03-11 11:30:00', 22, 23, 13, 2, 3, 2),
('Cours-53895-39-M1-IA-IL-ALT-Index-Education', '2024-03-23 15:00:00', '2024-03-23 18:00:00', 22, 23, 11, 4, 3, 2),
('Cours-53895-39-M1-ILSEN-alt-GR1-Index-Education', '2024-03-23 15:00:00', '2024-03-23 18:00:00', 22, 23, 11, 2, 3, 2),
('Cours-53896-42-M1-IA-IL-ALT-Index-Education', '2024-04-08 15:00:00', '2024-04-08 18:00:00', 22, 23, 11, 4, 3, 2),
('Cours-53896-42-M1-ILSEN-alt-GR1-Index-Education', '2024-04-08 15:00:00', '2024-04-08 18:00:00', 22, 23, 11, 2, 3, 2),
('Cours-53898-32-M1-IA-IL-ALT-Index-Education', '2024-01-30 10:00:00', '2024-01-30 13:00:00', 23, 19, 10, 4, 2, 2),
('Cours-53898-32-M1-IA-IL-CLA-Index-Education', '2024-01-30 10:00:00', '2024-01-30 13:00:00', 23, 19, 10, 3, 2, 2),
('Cours-53898-32-M1-ILSEN-alt-GR1-Index-Education', '2024-01-30 10:00:00', '2024-01-30 13:00:00', 23, 19, 10, 2, 2, 2),
('Cours-53898-32-M1-ILSEN-cla-Gr1-Index-Education', '2024-01-30 10:00:00', '2024-01-30 13:00:00', 23, 19, 10, 1, 2, 2),
('Cours-53899-32-M1-IA-IL-ALT-Index-Education', '2024-02-02 10:00:00', '2024-02-02 13:00:00', 23, 19, 7, 4, 2, 2),
('Cours-53899-32-M1-IA-IL-CLA-Index-Education', '2024-02-02 10:00:00', '2024-02-02 13:00:00', 23, 19, 7, 3, 2, 2),
('Cours-53899-32-M1-ILSEN-alt-GR1-Index-Education', '2024-02-02 10:00:00', '2024-02-02 13:00:00', 23, 19, 7, 2, 2, 2),
('Cours-53899-32-M1-ILSEN-cla-Gr1-Index-Education', '2024-02-02 10:00:00', '2024-02-02 13:00:00', 23, 19, 7, 1, 2, 2),
('Cours-53924-33-M1-ILSEN-cla-Gr1-Index-Education', '2024-02-06 08:30:00', '2024-02-06 11:30:00', 23, 19, 5, 1, 3, 2),
('Cours-53934-33-M1-IA-IL-CLA-Index-Education', '2024-02-05 14:30:00', '2024-02-05 17:30:00', 23, 40, 11, 3, 3, 2),
('Cours-53934-39-M1-IA-IL-CLA-Index-Education', '2024-03-18 14:30:00', '2024-03-18 17:30:00', 23, 40, 14, 3, 3, 2),
('Cours-53935-40-M1-ILSEN-cla-Gr1-Index-Education', '2024-03-25 13:00:00', '2024-03-25 14:30:00', 23, 19, 5, 1, 4, 2),
('Cours-53937-40-M1-IA-IL-CLA-Index-Education', '2024-03-25 14:30:00', '2024-03-25 16:00:00', 23, 40, 5, 3, 4, 2),
('Cours-53938-34-M1-ILSEN-cla-Gr1-Index-Education', '2024-02-15 14:30:00', '2024-02-15 17:30:00', 23, 19, 14, 1, 3, 2),
('Cours-53939-34-M1-IA-IL-ALT-Index-Education', '2024-02-15 08:30:00', '2024-02-15 11:30:00', 23, 20, 4, 4, 3, 2),
('Cours-53939-34-M1-ILSEN-alt-GR1-Index-Education', '2024-02-15 08:30:00', '2024-02-15 11:30:00', 23, 20, 4, 2, 3, 2),
('Cours-53940-34-M1-IA-IL-CLA-Index-Education', '2024-02-13 08:30:00', '2024-02-13 11:30:00', 23, 40, 26, 3, 3, 2),
('Cours-53943-35-M1-ILSEN-cla-Gr1-Index-Education', '2024-02-23 14:30:00', '2024-02-23 17:30:00', 23, 19, 4, 1, 3, 2),
('Cours-53944-35-M1-IA-IL-CLA-Index-Education', '2024-02-21 14:30:00', '2024-02-21 17:30:00', 23, 40, 4, 3, 3, 2),
('Cours-53945-37-M1-ILSEN-cla-Gr1-Index-Education', '2024-03-04 16:00:00', '2024-03-04 19:00:00', 23, 19, 17, 1, 3, 2),
('Cours-53947-38-M1-ILSEN-cla-Gr1-Index-Education', '2024-03-11 13:00:00', '2024-03-11 16:00:00', 23, 19, 14, 1, 3, 2),
('Cours-53948-38-M1-IA-IL-ALT-Index-Education', '2024-03-12 13:00:00', '2024-03-12 16:00:00', 23, 20, 14, 4, 3, 2),
('Cours-53948-38-M1-ILSEN-alt-GR1-Index-Education', '2024-03-12 13:00:00', '2024-03-12 16:00:00', 23, 20, 14, 2, 3, 2),
('Cours-53949-37-M1-IA-IL-CLA-Index-Education', '2024-03-04 08:30:00', '2024-03-04 11:30:00', 23, 40, 17, 3, 3, 2),
('Cours-53949-38-M1-IA-IL-CLA-Index-Education', '2024-03-11 08:30:00', '2024-03-11 11:30:00', 23, 40, 14, 3, 3, 2),
('Cours-53956-39-M1-ILSEN-cla-Gr1-Index-Education', '2024-03-20 14:30:00', '2024-03-20 17:30:00', 23, 19, 14, 1, 3, 2),
('Cours-53957-33-M1-IA-IL-ALT-Index-Education', '2024-02-06 08:30:00', '2024-02-06 11:30:00', 23, 20, 4, 4, 3, 2),
('Cours-53957-33-M1-ILSEN-alt-GR1-Index-Education', '2024-02-06 08:30:00', '2024-02-06 11:30:00', 23, 20, 4, 2, 3, 2),
('Cours-53957-39-M1-IA-IL-ALT-Index-Education', '2024-03-19 08:30:00', '2024-03-19 11:30:00', 23, 20, 26, 4, 3, 2),
('Cours-53957-39-M1-ILSEN-alt-GR1-Index-Education', '2024-03-19 08:30:00', '2024-03-19 11:30:00', 23, 20, 26, 2, 3, 2),
('Cours-53964-39-M1-IA-IL-ALT-Index-Education', '2024-03-19 11:30:00', '2024-03-19 13:00:00', 23, 20, 5, 4, 4, 2),
('Cours-53964-39-M1-ILSEN-alt-GR1-Index-Education', '2024-03-19 11:30:00', '2024-03-19 13:00:00', 23, 20, 5, 2, 4, 2),
('Cours-5399-17-M1-IA-IL-ALT-Index-Education', '2023-10-18 15:00:00', '2023-10-18 18:00:00', 7, 7, 17, 4, 3, 2),
('Cours-5401-17-M1-ILSEN-cla-Gr1-Index-Education', '2023-10-19 12:00:00', '2023-10-19 15:00:00', 7, 7, 11, 1, 3, 2),
('Cours-5402-21-M1-IA-IL-ALT-Index-Education', '2023-11-16 14:30:00', '2023-11-16 17:30:00', 7, 7, 26, 4, 3, 2),
('Cours-5403-16-M1-ILSEN-cla-Gr1-Index-Education', '2023-10-10 09:00:00', '2023-10-10 12:00:00', 7, 7, 11, 1, 3, 2),
('Cours-5405-17-M1-IA-IL-ALT-Index-Education', '2023-10-19 07:30:00', '2023-10-19 10:30:00', 7, 7, 4, 4, 3, 2),
('Cours-5407-12-M1-IA-IL-ALT-Index-Education', '2023-09-13 15:00:00', '2023-09-13 16:30:00', 8, 3, 1, 4, 2, 2),
('Cours-5407-12-M1-IA-IL-CLA-Index-Education', '2023-09-13 15:00:00', '2023-09-13 16:30:00', 8, 3, 1, 3, 2, 2),
('Cours-5407-12-M1-ILSEN-cla-Gr1-Index-Education', '2023-09-13 15:00:00', '2023-09-13 16:30:00', 8, 3, 1, 1, 2, 2),
('Cours-54105-32-M1-IA-IL-ALT-Index-Education', '2024-01-29 11:30:00', '2024-01-29 13:00:00', 30, 43, 27, 4, 2, 2),
('Cours-54105-32-M1-IA-IL-CLA-Index-Education', '2024-01-29 11:30:00', '2024-01-29 13:00:00', 30, 43, 27, 3, 2, 2),
('Cours-54111-32-M1-IA-IL-ALT-Index-Education', '2024-02-01 14:30:00', '2024-02-01 16:00:00', 30, 43, 10, 4, 2, 2),
('Cours-54111-32-M1-IA-IL-CLA-Index-Education', '2024-02-01 14:30:00', '2024-02-01 16:00:00', 30, 43, 10, 3, 2, 2),
('Cours-54113-34-M1-IA-IL-ALT-Index-Education', '2024-02-12 10:00:00', '2024-02-12 11:30:00', 30, 43, 27, 4, 2, 2),
('Cours-54113-34-M1-IA-IL-CLA-Index-Education', '2024-02-12 10:00:00', '2024-02-12 11:30:00', 30, 43, 27, 3, 2, 2),
('Cours-54124-37-M1-IA-IL-ALT-Index-Education', '2024-03-06 08:30:00', '2024-03-06 10:00:00', 30, 27, 27, 4, 2, 2),
('Cours-54124-37-M1-IA-IL-CLA-Index-Education', '2024-03-06 08:30:00', '2024-03-06 10:00:00', 30, 27, 27, 3, 2, 2),
('Cours-54124-38-M1-IA-IL-ALT-Index-Education', '2024-03-13 08:30:00', '2024-03-13 10:00:00', 30, 27, 27, 4, 2, 2),
('Cours-54124-38-M1-IA-IL-CLA-Index-Education', '2024-03-13 08:30:00', '2024-03-13 10:00:00', 30, 27, 27, 3, 2, 2),
('Cours-54135-38-M1-IA-IL-ALT-Index-Education', '2024-03-14 14:30:00', '2024-03-14 16:00:00', 30, 27, 1, 4, 2, 2),
('Cours-54135-38-M1-IA-IL-CLA-Index-Education', '2024-03-14 14:30:00', '2024-03-14 16:00:00', 30, 27, 1, 3, 2, 2),
('Cours-54136-39-M1-IA-IL-ALT-Index-Education', '2024-03-18 08:30:00', '2024-03-18 10:00:00', 30, 27, 27, 4, 2, 2),
('Cours-54136-39-M1-IA-IL-CLA-Index-Education', '2024-03-18 08:30:00', '2024-03-18 10:00:00', 30, 27, 27, 3, 2, 2),
('Cours-54142-39-M1-IA-IL-ALT-Index-Education', '2024-03-20 08:30:00', '2024-03-20 10:00:00', 30, 27, 27, 4, 2, 2),
('Cours-54142-39-M1-IA-IL-CLA-Index-Education', '2024-03-20 08:30:00', '2024-03-20 10:00:00', 30, 27, 27, 3, 2, 2),
('Cours-54144-47-M1-IA-IL-ALT-Index-Education', '2024-05-13 07:30:00', '2024-05-13 09:00:00', 30, 27, 7, 4, 4, 2),
('Cours-54144-47-M1-IA-IL-CLA-Index-Education', '2024-05-13 07:30:00', '2024-05-13 09:00:00', 30, 27, 7, 3, 4, 2),
('Cours-54145-42-M1-IA-IL-ALT-Index-Education', '2024-04-08 07:30:00', '2024-04-08 09:00:00', 30, 27, 27, 4, 2, 2),
('Cours-54145-42-M1-IA-IL-CLA-Index-Education', '2024-04-08 07:30:00', '2024-04-08 09:00:00', 30, 27, 27, 3, 2, 2),
('Cours-54148-34-M1-IA-IL-ALT-Index-Education', '2024-02-12 13:00:00', '2024-02-12 16:00:00', 30, 43, 21, 4, 3, 2),
('Cours-54148-34-M1-IA-IL-CLA-Index-Education', '2024-02-12 13:00:00', '2024-02-12 16:00:00', 30, 43, 21, 3, 3, 2),
('Cours-54148-42-M1-IA-IL-ALT-Index-Education', '2024-04-08 12:00:00', '2024-04-08 15:00:00', 30, 27, 13, 4, 3, 2),
('Cours-54148-42-M1-IA-IL-CLA-Index-Education', '2024-04-08 12:00:00', '2024-04-08 15:00:00', 30, 27, 13, 3, 3, 2),
('Cours-54148-43-M1-IA-IL-ALT-Index-Education', '2024-04-15 12:00:00', '2024-04-15 15:00:00', 30, 27, 13, 4, 3, 2),
('Cours-54148-43-M1-IA-IL-CLA-Index-Education', '2024-04-15 12:00:00', '2024-04-15 15:00:00', 30, 27, 13, 3, 3, 2),
('Cours-54149-38-M1-IA-IL-ALT-Index-Education', '2024-03-15 08:30:00', '2024-03-15 11:30:00', 30, 27, 5, 4, 3, 2),
('Cours-54149-38-M1-IA-IL-CLA-Index-Education', '2024-03-15 08:30:00', '2024-03-15 11:30:00', 30, 27, 5, 3, 3, 2),
('Cours-54150-39-M1-IA-IL-ALT-Index-Education', '2024-03-21 10:00:00', '2024-03-21 13:00:00', 30, 27, 13, 4, 3, 2),
('Cours-54150-39-M1-IA-IL-CLA-Index-Education', '2024-03-21 10:00:00', '2024-03-21 13:00:00', 30, 27, 13, 3, 3, 2),
('Cours-54156-32-M1-IA-IL-ALT-Index-Education', '2024-02-01 08:30:00', '2024-02-01 10:00:00', 29, 42, 7, 4, 2, 2),
('Cours-54156-32-M1-IA-IL-CLA-Index-Education', '2024-02-01 08:30:00', '2024-02-01 10:00:00', 29, 42, 7, 3, 2, 2),
('Cours-54158-33-M1-IA-IL-ALT-Index-Education', '2024-02-07 08:30:00', '2024-02-07 10:00:00', 29, 42, 10, 4, 2, 2),
('Cours-54158-33-M1-IA-IL-CLA-Index-Education', '2024-02-07 08:30:00', '2024-02-07 10:00:00', 29, 42, 10, 3, 2, 2),
('Cours-54159-32-M1-IA-IL-ALT-Index-Education', '2024-01-31 10:00:00', '2024-01-31 11:30:00', 29, 42, 10, 4, 2, 2),
('Cours-54159-32-M1-IA-IL-CLA-Index-Education', '2024-01-31 10:00:00', '2024-01-31 11:30:00', 29, 42, 10, 3, 2, 2),
('Cours-54164-33-M1-IA-IL-ALT-Index-Education', '2024-02-08 08:30:00', '2024-02-08 10:00:00', 29, 42, 1, 4, 2, 2),
('Cours-54164-33-M1-IA-IL-CLA-Index-Education', '2024-02-08 08:30:00', '2024-02-08 10:00:00', 29, 42, 1, 3, 2, 2),
('Cours-54165-34-M1-IA-IL-ALT-Index-Education', '2024-02-15 11:30:00', '2024-02-15 13:00:00', 29, 42, 7, 4, 2, 2),
('Cours-54165-34-M1-IA-IL-CLA-Index-Education', '2024-02-15 11:30:00', '2024-02-15 13:00:00', 29, 42, 7, 3, 2, 2),
('Cours-54175-37-M1-IA-IL-ALT-Index-Education', '2024-03-08 08:30:00', '2024-03-08 10:00:00', 29, 44, 7, 4, 2, 2),
('Cours-54175-37-M1-IA-IL-CLA-Index-Education', '2024-03-08 08:30:00', '2024-03-08 10:00:00', 29, 44, 7, 3, 2, 2),
('Cours-54180-39-M1-IA-IL-ALT-Index-Education', '2024-03-18 10:00:00', '2024-03-18 11:30:00', 29, 44, 7, 4, 2, 2),
('Cours-54180-39-M1-IA-IL-CLA-Index-Education', '2024-03-18 10:00:00', '2024-03-18 11:30:00', 29, 44, 7, 3, 2, 2),
('Cours-54181-38-M1-IA-IL-ALT-Index-Education', '2024-03-14 11:30:00', '2024-03-14 13:00:00', 29, 44, 7, 4, 2, 2),
('Cours-54181-38-M1-IA-IL-CLA-Index-Education', '2024-03-14 11:30:00', '2024-03-14 13:00:00', 29, 44, 7, 3, 2, 2),
('Cours-54182-39-M1-IA-IL-ALT-Index-Education', '2024-03-20 10:00:00', '2024-03-20 11:30:00', 29, 44, 7, 4, 2, 2),
('Cours-54182-39-M1-IA-IL-CLA-Index-Education', '2024-03-20 10:00:00', '2024-03-20 11:30:00', 29, 44, 7, 3, 2, 2),
('Cours-54183-32-M1-IA-IL-ALT-Index-Education', '2024-02-02 16:00:00', '2024-02-02 19:00:00', 29, 42, 14, 4, 3, 2),
('Cours-54183-32-M1-IA-IL-CLA-Index-Education', '2024-02-02 16:00:00', '2024-02-02 19:00:00', 29, 42, 14, 3, 3, 2),
('Cours-54186-33-M1-IA-IL-ALT-Index-Education', '2024-02-08 13:00:00', '2024-02-08 16:00:00', 29, 42, 14, 4, 3, 2),
('Cours-54186-33-M1-IA-IL-CLA-Index-Education', '2024-02-08 13:00:00', '2024-02-08 16:00:00', 29, 42, 14, 3, 3, 2),
('Cours-54196-38-M1-IA-IL-ALT-Index-Education', '2024-03-15 13:00:00', '2024-03-15 16:00:00', 29, 44, 12, 4, 3, 2),
('Cours-54196-38-M1-IA-IL-CLA-Index-Education', '2024-03-15 13:00:00', '2024-03-15 16:00:00', 29, 44, 12, 3, 3, 2),
('Cours-54197-37-M1-IA-IL-ALT-Index-Education', '2024-03-08 16:00:00', '2024-03-08 19:00:00', 29, 44, 14, 4, 3, 2),
('Cours-54197-37-M1-IA-IL-CLA-Index-Education', '2024-03-08 16:00:00', '2024-03-08 19:00:00', 29, 44, 14, 3, 3, 2),
('Cours-54199-42-M1-IA-IL-ALT-Index-Education', '2024-04-09 12:00:00', '2024-04-09 15:00:00', 29, 44, 13, 4, 3, 2),
('Cours-54199-42-M1-IA-IL-CLA-Index-Education', '2024-04-09 12:00:00', '2024-04-09 15:00:00', 29, 44, 13, 3, 3, 2),
('Cours-54201-43-M1-IA-IL-ALT-Index-Education', '2024-04-16 07:30:00', '2024-04-16 10:30:00', 29, 44, 13, 4, 3, 2),
('Cours-54201-43-M1-IA-IL-CLA-Index-Education', '2024-04-16 07:30:00', '2024-04-16 10:30:00', 29, 44, 13, 3, 3, 2),
('Cours-54202-42-M1-IA-IL-ALT-Index-Education', '2024-04-10 12:00:00', '2024-04-10 15:00:00', 29, 44, 13, 4, 3, 2),
('Cours-54202-42-M1-IA-IL-CLA-Index-Education', '2024-04-10 12:00:00', '2024-04-10 15:00:00', 29, 44, 13, 3, 3, 2),
('Cours-54212-33-M1-IA-IL-ALT-Index-Education', '2024-02-07 14:30:00', '2024-02-07 17:30:00', 29, 42, 14, 4, 3, 2),
('Cours-54212-33-M1-IA-IL-CLA-Index-Education', '2024-02-07 14:30:00', '2024-02-07 17:30:00', 29, 42, 14, 3, 3, 2),
('Cours-54217-37-M1-IA-IL-ALT-Index-Education', '2024-03-07 08:30:00', '2024-03-07 11:30:00', 29, 42, 11, 4, 3, 2),
('Cours-54217-37-M1-IA-IL-CLA-Index-Education', '2024-03-07 08:30:00', '2024-03-07 11:30:00', 29, 42, 11, 3, 3, 2),
('Cours-5422-13-M1-IA-IL-ALT-Index-Education', '2023-09-20 15:00:00', '2023-09-20 18:00:00', 8, 3, 2, 4, 2, 2),
('Cours-5422-13-M1-IA-IL-CLA-Index-Education', '2023-09-20 15:00:00', '2023-09-20 18:00:00', 8, 3, 2, 3, 2, 2),
('Cours-5422-13-M1-ILSEN-cla-Gr1-Index-Education', '2023-09-20 15:00:00', '2023-09-20 18:00:00', 8, 3, 2, 1, 2, 2),
('Cours-54226-43-M1-IA-IL-ALT-Index-Education', '2024-04-16 13:30:00', '2024-04-16 16:30:00', 31, 44, 13, 4, 3, 2),
('Cours-54226-43-M1-IA-IL-CLA-Index-Education', '2024-04-16 13:30:00', '2024-04-16 16:30:00', 31, 44, 13, 3, 3, 2),
('Cours-54227-42-M1-IA-IL-ALT-Index-Education', '2024-04-11 07:30:00', '2024-04-11 10:30:00', 31, 44, 13, 4, 3, 2),
('Cours-54227-42-M1-IA-IL-CLA-Index-Education', '2024-04-11 07:30:00', '2024-04-11 10:30:00', 31, 44, 13, 3, 3, 2),
('Cours-54228-42-M1-IA-IL-ALT-Index-Education', '2024-04-10 15:00:00', '2024-04-10 18:00:00', 31, 44, 13, 4, 3, 2),
('Cours-54228-42-M1-IA-IL-CLA-Index-Education', '2024-04-10 15:00:00', '2024-04-10 18:00:00', 31, 44, 13, 3, 3, 2),
('Cours-54229-43-M1-IA-IL-ALT-Index-Education', '2024-04-17 13:30:00', '2024-04-17 16:30:00', 31, 44, 13, 4, 3, 2),
('Cours-54229-43-M1-IA-IL-CLA-Index-Education', '2024-04-17 13:30:00', '2024-04-17 16:30:00', 31, 44, 13, 3, 3, 2),
('Cours-54231-47-M1-IA-IL-ALT-Index-Education', '2024-05-13 12:00:00', '2024-05-13 15:00:00', 31, 44, 13, 4, 3, 2),
('Cours-54231-47-M1-IA-IL-CLA-Index-Education', '2024-05-13 12:00:00', '2024-05-13 15:00:00', 31, 44, 13, 3, 3, 2),
('Cours-54235-47-M1-IA-IL-ALT-Index-Education', '2024-05-16 12:00:00', '2024-05-16 15:00:00', 31, 44, 13, 4, 3, 2),
('Cours-54235-47-M1-IA-IL-CLA-Index-Education', '2024-05-16 12:00:00', '2024-05-16 15:00:00', 31, 44, 13, 3, 3, 2),
('Cours-54240-47-M1-IA-IL-ALT-Index-Education', '2024-05-17 13:30:00', '2024-05-17 16:30:00', 31, 44, 5, 4, 3, 2),
('Cours-54240-47-M1-IA-IL-CLA-Index-Education', '2024-05-17 13:30:00', '2024-05-17 16:30:00', 31, 44, 5, 3, 3, 2),
('Cours-54241-42-M1-IA-IL-ALT-Index-Education', '2024-04-12 15:00:00', '2024-04-12 18:00:00', 31, 44, 13, 4, 3, 2),
('Cours-54241-42-M1-IA-IL-CLA-Index-Education', '2024-04-12 15:00:00', '2024-04-12 18:00:00', 31, 44, 13, 3, 3, 2),
('Cours-54266-33-M1-IA-IL-ALT-Index-Education', '2024-02-05 11:30:00', '2024-02-05 13:00:00', 14, 15, 2, 4, 2, 2),
('Cours-54266-33-M1-IA-IL-CLA-Index-Education', '2024-02-05 11:30:00', '2024-02-05 13:00:00', 14, 15, 2, 3, 2, 2),
('Cours-54266-33-M1-ILSEN-alt-GR1-Index-Education', '2024-02-05 11:30:00', '2024-02-05 13:00:00', 14, 15, 2, 2, 2, 2),
('Cours-54267-32-M1-IA-IL-ALT-Index-Education', '2024-01-30 14:30:00', '2024-01-30 17:30:00', 14, 15, 2, 4, 2, 2),
('Cours-54267-32-M1-IA-IL-CLA-Index-Education', '2024-01-30 14:30:00', '2024-01-30 17:30:00', 14, 15, 2, 3, 2, 2),
('Cours-54267-32-M1-ILSEN-alt-GR1-Index-Education', '2024-01-30 14:30:00', '2024-01-30 17:30:00', 14, 15, 2, 2, 2, 2),
('Cours-54268-34-M1-IA-IL-ALT-Index-Education', '2024-02-14 13:00:00', '2024-02-14 16:00:00', 14, 36, 2, 4, 9, 2),
('Cours-54268-34-M1-IA-IL-CLA-Index-Education', '2024-02-14 13:00:00', '2024-02-14 16:00:00', 14, 36, 2, 3, 9, 2),
('Cours-54268-34-M1-ILSEN-alt-GR1-Index-Education', '2024-02-14 13:00:00', '2024-02-14 16:00:00', 14, 36, 2, 2, 9, 2),
('Cours-54275-34-M1-IA-IL-ALT-Index-Education', '2024-02-14 10:00:00', '2024-02-14 11:30:00', 14, 15, 2, 4, 2, 2),
('Cours-54275-34-M1-IA-IL-CLA-Index-Education', '2024-02-14 10:00:00', '2024-02-14 11:30:00', 14, 15, 2, 3, 2, 2),
('Cours-54275-34-M1-ILSEN-alt-GR1-Index-Education', '2024-02-14 10:00:00', '2024-02-14 11:30:00', 14, 15, 2, 2, 2, 2),
('Cours-54276-37-M1-IA-IL-ALT-Index-Education', '2024-03-05 14:30:00', '2024-03-05 16:00:00', 21, 21, 27, 4, 5, 2),
('Cours-54276-37-M1-ILSEN-alt-GR1-Index-Education', '2024-03-05 14:30:00', '2024-03-05 16:00:00', 21, 21, 27, 2, 5, 2),
('Cours-54278-37-M1-IA-IL-ALT-Index-Education', '2024-03-06 14:30:00', '2024-03-06 17:30:00', 14, 36, 2, 4, 9, 2),
('Cours-54278-37-M1-IA-IL-CLA-Index-Education', '2024-03-06 14:30:00', '2024-03-06 17:30:00', 14, 36, 2, 3, 9, 2),
('Cours-54278-37-M1-ILSEN-alt-GR1-Index-Education', '2024-03-06 14:30:00', '2024-03-06 17:30:00', 14, 36, 2, 2, 9, 2),
('Cours-54285-38-M1-IA-IL-ALT-Index-Education', '2024-03-14 16:00:00', '2024-03-14 19:00:00', 14, 37, 2, 4, 9, 2),
('Cours-54285-38-M1-IA-IL-CLA-Index-Education', '2024-03-14 16:00:00', '2024-03-14 19:00:00', 14, 37, 2, 3, 9, 2),
('Cours-54285-38-M1-ILSEN-alt-GR1-Index-Education', '2024-03-14 16:00:00', '2024-03-14 19:00:00', 14, 37, 2, 2, 9, 2),
('Cours-54286-37-M1-IA-IL-ALT-Index-Education', '2024-03-08 10:00:00', '2024-03-08 13:00:00', 30, 43, 13, 4, 3, 2),
('Cours-54286-37-M1-IA-IL-CLA-Index-Education', '2024-03-08 10:00:00', '2024-03-08 13:00:00', 30, 43, 13, 3, 3, 2),
('Cours-54288-47-M1-IA-IL-ALT-Index-Education', '2024-05-17 10:30:00', '2024-05-17 12:00:00', 14, 15, 32, 4, 6, 33),
('Cours-54288-47-M1-IA-IL-CLA-Index-Education', '2024-05-17 10:30:00', '2024-05-17 12:00:00', 14, 15, 32, 3, 6, 33),
('Cours-54288-47-M1-ILSEN-alt-GR1-Index-Education', '2024-05-17 10:30:00', '2024-05-17 12:00:00', 14, 15, 32, 2, 6, 33),
('Cours-54305-38-M1-IA-IL-ALT-Index-Education', '2024-03-12 16:00:00', '2024-03-12 17:30:00', 14, 15, 11, 4, 3, 2),
('Cours-54305-38-M1-ILSEN-alt-GR1-Index-Education', '2024-03-12 16:00:00', '2024-03-12 17:30:00', 14, 15, 11, 2, 3, 2),
('Cours-54312-46-M1-ILSEN-cla-Gr1-Index-Education', '2024-05-07 09:00:00', '2024-05-07 12:00:00', 14, 15, 11, 1, 3, 2),
('Cours-54313-46-M1-IA-IL-CLA-Index-Education', '2024-05-07 13:30:00', '2024-05-07 16:30:00', 14, 15, 11, 3, 3, 2),
('Cours-54316-47-M1-IA-IL-ALT-Index-Education', '2024-05-15 09:00:00', '2024-05-15 12:00:00', 14, 15, 11, 4, 3, 2),
('Cours-54316-47-M1-ILSEN-alt-GR1-Index-Education', '2024-05-15 09:00:00', '2024-05-15 12:00:00', 14, 15, 11, 2, 3, 2),
('Cours-54317-47-M1-IA-IL-ALT-Index-Education', '2024-05-16 15:00:00', '2024-05-16 16:30:00', 14, 15, 17, 4, 4, 34),
('Cours-54317-47-M1-IA-IL-CLA-Index-Education', '2024-05-16 15:00:00', '2024-05-16 16:30:00', 14, 15, 17, 3, 4, 34),
('Cours-54317-47-M1-ILSEN-alt-GR1-Index-Education', '2024-05-16 15:00:00', '2024-05-16 16:30:00', 14, 15, 17, 2, 4, 34),
('Cours-54324-43-M1-IA-IL-ALT-Index-Education', '2024-04-17 16:30:00', '2024-04-17 18:00:00', 14, 15, 4, 4, 9, 33),
('Cours-54324-43-M1-IA-IL-CLA-Index-Education', '2024-04-17 16:30:00', '2024-04-17 18:00:00', 14, 15, 4, 3, 9, 33),
('Cours-54324-43-M1-ILSEN-alt-GR1-Index-Education', '2024-04-17 16:30:00', '2024-04-17 18:00:00', 14, 15, 4, 2, 9, 33),
('Cours-5440-16-M1-IA-IL-ALT-Index-Education', '2023-10-12 07:30:00', '2023-10-12 10:30:00', 8, 3, 26, 4, 3, 2);
INSERT INTO `seance` (`uid`, `dtStart`, `dtEnd`, `matiere_id`, `enseignant_id`, `salle_id`, `formation_id`, `type_id`, `memo_id`) VALUES
('Cours-5444-17-M1-ILSEN-cla-Gr1-Index-Education', '2023-10-18 15:00:00', '2023-10-18 16:30:00', 3, 1, 4, 1, 3, 2),
('Cours-5451-20-M1-ILSEN-cla-Gr1-Index-Education', '2023-11-08 13:00:00', '2023-11-08 16:00:00', 8, 3, 12, 1, 3, 2),
('Cours-5451-21-M1-ILSEN-cla-Gr1-Index-Education', '2023-11-15 13:00:00', '2023-11-15 16:00:00', 8, 3, 12, 1, 3, 2),
('Cours-5458-20-M1-IA-IL-CLA-Index-Education', '2023-11-08 14:30:00', '2023-11-08 17:30:00', 7, 7, 14, 3, 3, 2),
('Cours-5496-13-M1-IA-IL-ALT-Index-Education', '2023-09-22 12:00:00', '2023-09-22 15:00:00', 9, 12, 13, 4, 3, 2),
('Cours-5499-12-M1-IA-IL-CLA-Index-Education', '2023-09-14 07:30:00', '2023-09-14 10:30:00', 9, 10, 11, 3, 3, 2),
('Cours-5499-12-M1-ILSEN-cla-Gr1-Index-Education', '2023-09-14 07:30:00', '2023-09-14 10:30:00', 9, 10, 11, 1, 3, 2),
('Cours-5500-13-M1-ILSEN-alt-GR1-Index-Education', '2023-09-21 13:30:00', '2023-09-21 15:00:00', 3, 1, 1, 2, 2, 2),
('Cours-5500-13-M1-ILSEN-cla-Gr1-Index-Education', '2023-09-21 13:30:00', '2023-09-21 15:00:00', 3, 1, 1, 1, 2, 2),
('Cours-5501-12-M1-ILSEN-alt-GR1-Index-Education', '2023-09-13 16:30:00', '2023-09-13 18:00:00', 3, 1, 1, 2, 2, 2),
('Cours-5501-12-M1-ILSEN-cla-Gr1-Index-Education', '2023-09-13 16:30:00', '2023-09-13 18:00:00', 3, 1, 1, 1, 2, 2),
('Cours-5505-17-M1-IA-IL-ALT-Index-Education', '2023-10-17 12:00:00', '2023-10-17 15:00:00', 9, 12, 12, 4, 3, 2),
('Cours-5508-17-M1-ILSEN-alt-GR1-Index-Education', '2023-10-18 13:30:00', '2023-10-18 15:00:00', 3, 1, 4, 2, 3, 2),
('Cours-5511-14-M1-IA-IL-CLA-Index-Education', '2023-09-26 07:30:00', '2023-09-26 10:30:00', 9, 10, 13, 3, 3, 2),
('Cours-5511-15-M1-IA-IL-CLA-Index-Education', '2023-10-03 07:30:00', '2023-10-03 10:30:00', 9, 10, 17, 3, 3, 2),
('Cours-5514-13-M1-IA-IL-CLA-Index-Education', '2023-09-20 12:00:00', '2023-09-20 15:00:00', 9, 10, 21, 3, 3, 2),
('Cours-5517-18-M1-IA-IL-CLA-Index-Education', '2023-10-23 12:00:00', '2023-10-23 15:00:00', 9, 10, 11, 3, 4, 2),
('Cours-5519-21-M1-IA-IL-ALT-Index-Education', '2023-11-13 10:00:00', '2023-11-13 13:00:00', 9, 12, 11, 4, 4, 2),
('Cours-5521-21-M1-ILSEN-alt-GR1-Index-Education', '2023-11-17 10:00:00', '2023-11-17 13:00:00', 9, 11, 13, 2, 4, 2),
('Cours-5522-17-M1-ILSEN-cla-Gr1-Index-Education', '2023-10-17 07:30:00', '2023-10-17 10:30:00', 9, 11, 13, 1, 3, 2),
('Cours-5526-16-M1-ILSEN-cla-Gr1-Index-Education', '2023-10-13 07:30:00', '2023-10-13 10:30:00', 9, 11, 14, 1, 3, 2),
('Cours-5529-12-M1-ILSEN-alt-GR1-Index-Education', '2023-09-13 09:00:00', '2023-09-13 10:30:00', 10, 12, 7, 2, 2, 2),
('Cours-5529-12-M1-ILSEN-cla-Gr1-Index-Education', '2023-09-13 09:00:00', '2023-09-13 10:30:00', 10, 12, 7, 1, 2, 2),
('Cours-5530-26-M1-ILSEN-alt-GR1-Index-Education', '2023-12-22 10:00:00', '2023-12-22 13:00:00', 10, 12, 2, 2, 4, 2),
('Cours-5530-26-M1-ILSEN-cla-Gr1-Index-Education', '2023-12-22 10:00:00', '2023-12-22 13:00:00', 10, 12, 2, 1, 4, 2),
('Cours-5564-21-M1-ILSEN-alt-GR1-Index-Education', '2023-11-13 13:00:00', '2023-11-13 16:00:00', 10, 12, 4, 2, 3, 2),
('Cours-5635-17-M1-IA-IL-CLA-Index-Education', '2023-10-16 15:00:00', '2023-10-16 18:00:00', 11, 12, 15, 3, 3, 2),
('Cours-5635-17-M1-ILSEN-cla-Gr1-Index-Education', '2023-10-16 15:00:00', '2023-10-16 18:00:00', 11, 12, 15, 1, 3, 2),
('Cours-5636-21-M1-IA-IL-CLA-Index-Education', '2023-11-15 16:00:00', '2023-11-15 19:00:00', 11, 12, 14, 3, 3, 2),
('Cours-5636-21-M1-ILSEN-cla-Gr1-Index-Education', '2023-11-15 16:00:00', '2023-11-15 19:00:00', 11, 12, 14, 1, 3, 2),
('Cours-5642-26-M1-IA-IL-CLA-Index-Education', '2023-12-18 13:00:00', '2023-12-18 16:00:00', 11, 12, 16, 3, 3, 2),
('Cours-5642-26-M1-ILSEN-cla-Gr1-Index-Education', '2023-12-18 13:00:00', '2023-12-18 16:00:00', 11, 12, 16, 1, 3, 2),
('Cours-56794-22-M1-ILSEN-cla-Gr1-Index-Education', '2023-11-23 10:00:00', '2023-11-23 13:00:00', 7, 7, 14, 1, 4, 2),
('Cours-5683-13-M1-IA-IL-CLA-Index-Education', '2023-09-22 07:30:00', '2023-09-22 12:00:00', 12, 13, 1, 3, 5, 4),
('Cours-5683-13-M1-ILSEN-cla-Gr1-Index-Education', '2023-09-22 07:30:00', '2023-09-22 12:00:00', 12, 13, 1, 1, 5, 4),
('Cours-5684-21-M1-IA-IL-CLA-Index-Education', '2023-11-16 10:00:00', '2023-11-16 11:30:00', 12, 13, 8, 3, 5, 5),
('Cours-5684-21-M1-ILSEN-cla-Gr1-Index-Education', '2023-11-16 10:00:00', '2023-11-16 11:30:00', 12, 13, 8, 1, 5, 5),
('Cours-5686-17-M1-IA-IL-CLA-Index-Education', '2023-10-19 09:00:00', '2023-10-19 12:00:00', 12, 13, 7, 3, 5, 6),
('Cours-5686-17-M1-ILSEN-cla-Gr1-Index-Education', '2023-10-19 09:00:00', '2023-10-19 12:00:00', 12, 13, 7, 1, 5, 6),
('Cours-5689-22-M1-IA-IL-CLA-Index-Education', '2023-11-20 10:00:00', '2023-11-20 13:00:00', 13, 14, 7, 3, 5, 7),
('Cours-5689-22-M1-ILSEN-cla-Gr1-Index-Education', '2023-11-20 10:00:00', '2023-11-20 13:00:00', 13, 14, 7, 1, 5, 7),
('Cours-5699-23-M1-IA-IL-CLA-Index-Education', '2023-11-29 08:30:00', '2023-11-29 11:30:00', 13, 14, 7, 3, 5, 7),
('Cours-5699-23-M1-ILSEN-cla-Gr1-Index-Education', '2023-11-29 08:30:00', '2023-11-29 11:30:00', 13, 14, 7, 1, 5, 7),
('Cours-5715-23-M1-IA-IL-CLA-Index-Education', '2023-11-28 14:30:00', '2023-11-28 17:30:00', 13, 14, 7, 3, 5, 7),
('Cours-5715-23-M1-ILSEN-cla-Gr1-Index-Education', '2023-11-28 14:30:00', '2023-11-28 17:30:00', 13, 14, 7, 1, 5, 7),
('Cours-5716-24-M1-IA-IL-CLA-Index-Education', '2023-12-05 10:00:00', '2023-12-05 11:30:00', 13, 14, 7, 3, 5, 7),
('Cours-5716-24-M1-ILSEN-cla-Gr1-Index-Education', '2023-12-05 10:00:00', '2023-12-05 11:30:00', 13, 14, 7, 1, 5, 7),
('Cours-5845-16-M1-ILSEN-alt-GR1-Index-Education', '2023-10-10 13:30:00', '2023-10-10 15:00:00', 3, 4, 13, 2, 3, 2),
('Cours-5845-16-M1-ILSEN-cla-Gr1-Index-Education', '2023-10-10 13:30:00', '2023-10-10 15:00:00', 3, 4, 13, 1, 3, 2),
('Cours-5846-24-M1-ILSEN-alt-GR1-Index-Education', '2023-12-04 08:30:00', '2023-12-04 10:00:00', 3, 1, 11, 2, 3, 2),
('Cours-5846-24-M1-ILSEN-cla-Gr1-Index-Education', '2023-12-04 08:30:00', '2023-12-04 10:00:00', 3, 1, 11, 1, 3, 2),
('Cours-5848-26-M1-IA-IL-ALT-Index-Education', '2023-12-22 16:00:00', '2023-12-22 17:30:00', 4, 6, 6, 4, 3, 2),
('Cours-58869-25-M1-IA-IL-ALT-Index-Education', '2023-12-11 10:00:00', '2023-12-11 13:00:00', 28, 12, 11, 4, 3, 2),
('Cours-58869-25-M1-IA-IL-CLA-Index-Education', '2023-12-11 10:00:00', '2023-12-11 13:00:00', 28, 12, 11, 3, 3, 2),
('Cours-58872-25-M1-IA-IL-ALT-Index-Education', '2023-12-17 13:00:00', '2023-12-17 14:30:00', 28, 12, 33, 4, 2, 2),
('Cours-58872-25-M1-IA-IL-CLA-Index-Education', '2023-12-17 13:00:00', '2023-12-17 14:30:00', 28, 12, 33, 3, 2, 2),
('Cours-5912-12-M1-IA-IL-ALT-Index-Education', '2023-09-12 07:30:00', '2023-09-12 10:30:00', 25, 15, 7, 4, 2, 2),
('Cours-5912-12-M1-IA-IL-CLA-Index-Education', '2023-09-12 07:30:00', '2023-09-12 10:30:00', 25, 15, 7, 3, 2, 2),
('Cours-5912-13-M1-IA-IL-ALT-Index-Education', '2023-09-19 07:30:00', '2023-09-19 10:30:00', 25, 15, 10, 4, 2, 2),
('Cours-5912-13-M1-IA-IL-CLA-Index-Education', '2023-09-19 07:30:00', '2023-09-19 10:30:00', 25, 15, 10, 3, 2, 2),
('Cours-5914-17-M1-IA-IL-ALT-Index-Education', '2023-10-20 09:00:00', '2023-10-20 10:30:00', 25, 15, 11, 4, 3, 2),
('Cours-5914-17-M1-IA-IL-CLA-Index-Education', '2023-10-20 09:00:00', '2023-10-20 10:30:00', 25, 15, 11, 3, 3, 2),
('Cours-5922-17-M1-IA-IL-CLA-Index-Education', '2023-10-17 09:00:00', '2023-10-17 12:00:00', 9, 10, 4, 3, 3, 2),
('Cours-5925-17-M1-IA-IL-ALT-Index-Education', '2023-10-16 15:00:00', '2023-10-16 18:00:00', 6, 9, 34, 4, 5, 2),
('Cours-5934-17-M1-IA-IL-CLA-Index-Education', '2023-10-16 07:30:00', '2023-10-16 10:30:00', 9, 10, 13, 3, 3, 2),
('Cours-5938-16-M1-IA-IL-ALT-Index-Education', '2023-10-10 13:30:00', '2023-10-10 15:00:00', 25, 15, 21, 4, 3, 2),
('Cours-5938-16-M1-IA-IL-CLA-Index-Education', '2023-10-10 13:30:00', '2023-10-10 15:00:00', 25, 15, 21, 3, 3, 2),
('Cours-5950-18-M1-IA-IL-CLA-Index-Education', '2023-10-26 15:00:00', '2023-10-26 18:00:00', 8, 3, 26, 3, 3, 2),
('Cours-5951-20-M1-IA-IL-ALT-Index-Education', '2023-11-08 10:00:00', '2023-11-08 13:00:00', 25, 15, 28, 4, 3, 2),
('Cours-5951-20-M1-IA-IL-CLA-Index-Education', '2023-11-08 10:00:00', '2023-11-08 13:00:00', 25, 15, 28, 3, 3, 2),
('Cours-5961-12-M1-IA-IL-ALT-Index-Education', '2023-09-15 16:30:00', '2023-09-15 18:00:00', 26, 38, 7, 4, 2, 2),
('Cours-5961-12-M1-IA-IL-CLA-Index-Education', '2023-09-15 16:30:00', '2023-09-15 18:00:00', 26, 38, 7, 3, 2, 2),
('Cours-5964-12-M1-IA-IL-ALT-Index-Education', '2023-09-13 16:30:00', '2023-09-13 18:00:00', 26, 38, 10, 4, 2, 2),
('Cours-5964-12-M1-IA-IL-CLA-Index-Education', '2023-09-13 16:30:00', '2023-09-13 18:00:00', 26, 38, 10, 3, 2, 2),
('Cours-5972-17-M1-IA-IL-ALT-Index-Education', '2023-10-16 13:30:00', '2023-10-16 15:00:00', 26, 38, 28, 4, 2, 2),
('Cours-5972-17-M1-IA-IL-CLA-Index-Education', '2023-10-16 13:30:00', '2023-10-16 15:00:00', 26, 38, 28, 3, 2, 2),
('Cours-5974-20-M1-IA-IL-ALT-Index-Education', '2023-11-09 10:00:00', '2023-11-09 11:30:00', 26, 38, 10, 4, 2, 2),
('Cours-5974-20-M1-IA-IL-CLA-Index-Education', '2023-11-09 10:00:00', '2023-11-09 11:30:00', 26, 38, 10, 3, 2, 2),
('Cours-5975-16-M1-IA-IL-ALT-Index-Education', '2023-10-13 16:30:00', '2023-10-13 18:00:00', 26, 38, 20, 4, 5, 2),
('Cours-5975-16-M1-IA-IL-CLA-Index-Education', '2023-10-13 16:30:00', '2023-10-13 18:00:00', 26, 38, 20, 3, 5, 2),
('Cours-5980-13-M1-IA-IL-ALT-Index-Education', '2023-09-18 07:30:00', '2023-09-18 09:00:00', 26, 38, 10, 4, 2, 2),
('Cours-5980-13-M1-IA-IL-CLA-Index-Education', '2023-09-18 07:30:00', '2023-09-18 09:00:00', 26, 38, 10, 3, 2, 2),
('Cours-5980-16-M1-IA-IL-ALT-Index-Education', '2023-10-09 07:30:00', '2023-10-09 09:00:00', 26, 38, 10, 4, 2, 2),
('Cours-5980-16-M1-IA-IL-CLA-Index-Education', '2023-10-09 07:30:00', '2023-10-09 09:00:00', 26, 38, 10, 3, 2, 2),
('Cours-5980-24-M1-IA-IL-ALT-Index-Education', '2023-12-04 08:30:00', '2023-12-04 10:00:00', 26, 38, 10, 4, 2, 2),
('Cours-5980-24-M1-IA-IL-CLA-Index-Education', '2023-12-04 08:30:00', '2023-12-04 10:00:00', 26, 38, 10, 3, 2, 2),
('Cours-5981-24-M1-IA-IL-ALT-Index-Education', '2023-12-06 11:30:00', '2023-12-06 13:00:00', 26, 38, 10, 4, 5, 2),
('Cours-5981-24-M1-IA-IL-CLA-Index-Education', '2023-12-06 11:30:00', '2023-12-06 13:00:00', 26, 38, 10, 3, 5, 2),
('Cours-5982-24-M1-IA-IL-ALT-Index-Education', '2023-12-05 14:30:00', '2023-12-05 16:00:00', 26, 38, 10, 4, 5, 2),
('Cours-5982-24-M1-IA-IL-CLA-Index-Education', '2023-12-05 14:30:00', '2023-12-05 16:00:00', 26, 38, 10, 3, 5, 2),
('Cours-5983-21-M1-IA-IL-ALT-Index-Education', '2023-11-17 14:30:00', '2023-11-17 16:00:00', 26, 38, 10, 4, 5, 2),
('Cours-5983-21-M1-IA-IL-CLA-Index-Education', '2023-11-17 14:30:00', '2023-11-17 16:00:00', 26, 38, 10, 3, 5, 2),
('Cours-5984-21-M1-IA-IL-ALT-Index-Education', '2023-11-14 08:30:00', '2023-11-14 10:00:00', 26, 38, 20, 4, 2, 2),
('Cours-5984-21-M1-IA-IL-CLA-Index-Education', '2023-11-14 08:30:00', '2023-11-14 10:00:00', 26, 38, 20, 3, 2, 2),
('Cours-5986-26-M1-IA-IL-ALT-Index-Education', '2023-12-21 08:30:00', '2023-12-21 10:30:00', 26, 38, 8, 4, 4, 2),
('Cours-5986-26-M1-IA-IL-CLA-Index-Education', '2023-12-21 08:30:00', '2023-12-21 10:30:00', 26, 38, 8, 3, 4, 2),
('Cours-6007-29-M1-IA-IL-ALT-Index-Education', '2024-01-08 13:00:00', '2024-01-08 14:30:00', 27, 39, 7, 4, 4, 2),
('Cours-6007-29-M1-IA-IL-CLA-Index-Education', '2024-01-08 13:00:00', '2024-01-08 14:30:00', 27, 39, 7, 3, 4, 2),
('Cours-6027-21-M1-IA-IL-ALT-Index-Education', '2023-11-13 14:30:00', '2023-11-13 17:30:00', 27, 39, 21, 4, 2, 2),
('Cours-6027-21-M1-IA-IL-CLA-Index-Education', '2023-11-13 14:30:00', '2023-11-13 17:30:00', 27, 39, 21, 3, 2, 2),
('Cours-60297-37-M1-IA-IL-ALT-Index-Education', '2024-03-06 11:30:00', '2024-03-06 13:00:00', 29, 44, 7, 4, 2, 2),
('Cours-60297-37-M1-IA-IL-CLA-Index-Education', '2024-03-06 11:30:00', '2024-03-06 13:00:00', 29, 44, 7, 3, 2, 2),
('Cours-60298-38-M1-IA-IL-ALT-Index-Education', '2024-03-13 13:00:00', '2024-03-13 14:30:00', 29, 44, 7, 4, 2, 2),
('Cours-60298-38-M1-IA-IL-CLA-Index-Education', '2024-03-13 13:00:00', '2024-03-13 14:30:00', 29, 44, 7, 3, 2, 2),
('Cours-6033-26-M1-IA-IL-ALT-Index-Education', '2023-12-18 08:30:00', '2023-12-18 11:30:00', 27, 39, 12, 4, 2, 2),
('Cours-6033-26-M1-IA-IL-CLA-Index-Education', '2023-12-18 08:30:00', '2023-12-18 11:30:00', 27, 39, 12, 3, 2, 2),
('Cours-6034-25-M1-IA-IL-ALT-Index-Education', '2023-12-15 08:30:00', '2023-12-15 10:00:00', 27, 39, 1, 4, 3, 2),
('Cours-6034-25-M1-IA-IL-CLA-Index-Education', '2023-12-15 08:30:00', '2023-12-15 10:00:00', 27, 39, 1, 3, 3, 2),
('Cours-6035-26-M1-IA-IL-ALT-Index-Education', '2023-12-19 10:00:00', '2023-12-19 13:00:00', 27, 39, 12, 4, 3, 2),
('Cours-6035-26-M1-IA-IL-CLA-Index-Education', '2023-12-19 10:00:00', '2023-12-19 13:00:00', 27, 39, 12, 3, 3, 2),
('Cours-6045-12-M1-IA-IL-ALT-Index-Education', '2023-09-15 13:30:00', '2023-09-15 15:00:00', 28, 12, 7, 4, 2, 2),
('Cours-6045-12-M1-IA-IL-CLA-Index-Education', '2023-09-15 13:30:00', '2023-09-15 15:00:00', 28, 12, 7, 3, 2, 2),
('Cours-6046-13-M1-IA-IL-ALT-Index-Education', '2023-09-21 13:30:00', '2023-09-21 15:00:00', 28, 12, 7, 4, 2, 2),
('Cours-6046-13-M1-IA-IL-CLA-Index-Education', '2023-09-21 13:30:00', '2023-09-21 15:00:00', 28, 12, 7, 3, 2, 2),
('Cours-6050-25-M1-IA-IL-ALT-Index-Education', '2023-12-13 11:30:00', '2023-12-13 13:00:00', 28, 12, 7, 4, 2, 2),
('Cours-6050-25-M1-IA-IL-CLA-Index-Education', '2023-12-13 11:30:00', '2023-12-13 13:00:00', 28, 12, 7, 3, 2, 2),
('Cours-6053-25-M1-IA-IL-ALT-Index-Education', '2023-12-15 10:00:00', '2023-12-15 13:00:00', 28, 12, 11, 4, 3, 2),
('Cours-6053-25-M1-IA-IL-CLA-Index-Education', '2023-12-15 10:00:00', '2023-12-15 13:00:00', 28, 12, 11, 3, 3, 2),
('Cours-6055-29-M1-IA-IL-ALT-Index-Education', '2024-01-10 08:30:00', '2024-01-10 11:30:00', 28, 12, 7, 4, 4, 2),
('Cours-6055-29-M1-IA-IL-CLA-Index-Education', '2024-01-10 08:30:00', '2024-01-10 11:30:00', 28, 12, 7, 3, 4, 2),
('Cours-6057-13-M1-IA-IL-ALT-Index-Education', '2023-09-18 15:00:00', '2023-09-18 16:30:00', 26, 38, 10, 4, 5, 2),
('Cours-6057-13-M1-IA-IL-CLA-Index-Education', '2023-09-18 15:00:00', '2023-09-18 16:30:00', 26, 38, 10, 3, 5, 2),
('Cours-6058-20-M1-ILSEN-cla-Gr1-Index-Education', '2023-11-10 13:00:00', '2023-11-10 16:00:00', 9, 11, 17, 1, 3, 2),
('Cours-6059-17-M1-IA-IL-ALT-Index-Education', '2023-10-19 15:00:00', '2023-10-19 18:00:00', 8, 3, 2, 4, 2, 2),
('Cours-6059-17-M1-IA-IL-CLA-Index-Education', '2023-10-19 15:00:00', '2023-10-19 18:00:00', 8, 3, 2, 3, 2, 2),
('Cours-6059-17-M1-ILSEN-cla-Gr1-Index-Education', '2023-10-19 15:00:00', '2023-10-19 18:00:00', 8, 3, 2, 1, 2, 2),
('Cours-6073-20-M1-ILSEN-alt-GR1-Index-Education', '2023-11-07 10:00:00', '2023-11-07 11:30:00', 3, 5, 13, 2, 3, 2),
('Cours-6073-20-M1-ILSEN-cla-Gr1-Index-Education', '2023-11-07 10:00:00', '2023-11-07 11:30:00', 3, 5, 13, 1, 3, 2),
('Cours-6074-17-M1-IA-IL-ALT-Index-Education', '2023-10-16 12:00:00', '2023-10-16 13:30:00', 28, 12, 28, 4, 2, 2),
('Cours-6074-17-M1-IA-IL-CLA-Index-Education', '2023-10-16 12:00:00', '2023-10-16 13:30:00', 28, 12, 28, 3, 2, 2),
('Cours-6076-16-M1-IA-IL-ALT-Index-Education', '2023-10-13 12:00:00', '2023-10-13 15:00:00', 28, 12, 17, 4, 3, 2),
('Cours-6076-16-M1-IA-IL-CLA-Index-Education', '2023-10-13 12:00:00', '2023-10-13 15:00:00', 28, 12, 17, 3, 3, 2),
('Cours-6078-16-M1-IA-IL-ALT-Index-Education', '2023-10-09 09:00:00', '2023-10-09 12:00:00', 9, 12, 26, 4, 3, 2),
('Cours-6078-20-M1-IA-IL-ALT-Index-Education', '2023-11-06 10:00:00', '2023-11-06 13:00:00', 9, 12, 11, 4, 3, 2),
('Cours-6081-24-M1-IA-IL-ALT-Index-Education', '2023-12-08 11:30:00', '2023-12-08 13:00:00', 4, 6, 6, 4, 3, 2),
('Cours-6087-17-M1-IA-IL-ALT-Index-Education', '2023-10-20 12:00:00', '2023-10-20 13:30:00', 4, 6, 6, 4, 3, 2),
('Cours-6088-29-M1-IA-IL-ALT-Index-Education', '2024-01-09 10:00:00', '2024-01-09 11:30:00', 4, 6, 6, 4, 3, 2),
('Cours-6097-25-M1-IA-IL-ALT-Index-Education', '2023-12-14 13:00:00', '2023-12-14 16:00:00', 7, 7, 17, 4, 3, 2),
('Cours-62620-33-M1-IA-IL-ALT-Index-Education', '2024-02-09 10:00:00', '2024-02-09 13:00:00', 29, 42, 13, 4, 3, 2),
('Cours-62620-33-M1-IA-IL-CLA-Index-Education', '2024-02-09 10:00:00', '2024-02-09 13:00:00', 29, 42, 13, 3, 3, 2),
('Cours-62716-21-M1-IA-IL-ALT-Index-Education', '2023-11-17 13:00:00', '2023-11-17 14:30:00', 1, 40, 10, 4, 1, 37),
('Cours-62716-21-M1-IA-IL-CLA-Index-Education', '2023-11-17 13:00:00', '2023-11-17 14:30:00', 1, 40, 10, 3, 1, 37),
('Cours-62796-29-M1-ILSEN-cla-Gr1-Index-Education', '2024-01-08 10:00:00', '2024-01-08 11:30:00', 4, 6, 6, 1, 3, 2),
('Cours-62797-30-M1-IA-IL-CLA-Index-Education', '2024-01-15 08:30:00', '2024-01-15 19:00:00', 4, 6, 6, 3, 4, 2),
('Cours-62797-30-M1-ILSEN-cla-Gr1-Index-Education', '2024-01-15 08:30:00', '2024-01-15 19:00:00', 4, 6, 6, 1, 4, 2),
('Cours-62801-30-M1-IA-IL-CLA-Index-Education', '2024-01-16 13:00:00', '2024-01-16 19:00:00', 4, 6, 6, 3, 4, 2),
('Cours-62801-30-M1-ILSEN-cla-Gr1-Index-Education', '2024-01-16 13:00:00', '2024-01-16 19:00:00', 4, 6, 6, 1, 4, 2),
('Cours-62806-30-M1-IA-IL-CLA-Index-Education', '2024-01-17 08:30:00', '2024-01-17 19:00:00', 4, 6, 6, 3, 4, 2),
('Cours-62806-30-M1-ILSEN-cla-Gr1-Index-Education', '2024-01-17 08:30:00', '2024-01-17 19:00:00', 4, 6, 6, 1, 4, 2),
('Cours-63390-39-M1-ILSEN-cla-Gr1-Index-Education', '2024-03-21 10:00:00', '2024-03-21 13:00:00', 20, 3, 11, 1, 3, 2),
('Cours-6344-19-M1-IA-IL-ALT-Index-Education', '2023-11-02 08:00:00', '2023-11-02 19:00:00', 1, 25, 28, 4, 1, 22),
('Cours-6344-19-M1-ILSEN-alt-GR1-Index-Education', '2023-11-02 08:00:00', '2023-11-02 19:00:00', 1, 25, 28, 2, 1, 22),
('Cours-6345-19-M1-IA-IL-ALT-Index-Education', '2023-11-03 08:00:00', '2023-11-03 19:00:00', 1, 25, 28, 4, 1, 22),
('Cours-6345-19-M1-ILSEN-alt-GR1-Index-Education', '2023-11-03 08:00:00', '2023-11-03 19:00:00', 1, 25, 28, 2, 1, 22),
('Cours-6347-27-M1-IA-IL-ALT-Index-Education', '2023-12-25 08:00:00', '2023-12-25 19:00:00', 1, 25, 28, 4, 1, 22),
('Cours-6347-27-M1-ILSEN-alt-GR1-Index-Education', '2023-12-25 08:00:00', '2023-12-25 19:00:00', 1, 25, 28, 2, 1, 22),
('Cours-6348-28-M1-IA-IL-ALT-Index-Education', '2024-01-01 08:00:00', '2024-01-01 19:00:00', 1, 25, 28, 4, 1, 22),
('Cours-6348-28-M1-ILSEN-alt-GR1-Index-Education', '2024-01-01 08:00:00', '2024-01-01 19:00:00', 1, 25, 28, 2, 1, 22),
('Cours-63838-25-M1-IA-IL-ALT-Index-Education', '2023-12-15 14:30:00', '2023-12-15 17:30:00', 9, 12, 1, 4, 4, 2),
('Cours-63838-25-M1-IA-IL-CLA-Index-Education', '2023-12-15 14:30:00', '2023-12-15 17:30:00', 9, 12, 1, 3, 4, 2),
('Cours-63838-25-M1-ILSEN-cla-Gr1-Index-Education', '2023-12-15 14:30:00', '2023-12-15 17:30:00', 9, 12, 1, 1, 4, 2),
('Cours-6662-26-M1-IA-IL-ALT-Index-Education', '2023-12-21 14:30:00', '2023-12-21 17:30:00', 7, 7, 17, 4, 4, 2),
('Cours-67540-39-M1-IA-IL-ALT-Index-Education', '2024-03-22 08:30:00', '2024-03-22 10:00:00', 21, 21, 27, 4, 5, 2),
('Cours-67540-39-M1-ILSEN-alt-GR1-Index-Education', '2024-03-22 08:30:00', '2024-03-22 10:00:00', 21, 21, 27, 2, 5, 2),
('Cours-67776-14-M1-IA-IL-CLA-Index-Education', '2023-09-25 07:30:00', '2023-09-25 09:00:00', 4, 6, 6, 3, 3, 2),
('Cours-67776-15-M1-IA-IL-CLA-Index-Education', '2023-10-02 07:30:00', '2023-10-02 09:00:00', 4, 6, 6, 3, 3, 2),
('Cours-67776-18-M1-IA-IL-CLA-Index-Education', '2023-10-23 07:30:00', '2023-10-23 09:00:00', 4, 6, 6, 3, 3, 2),
('Cours-67783-23-M1-ILSEN-cla-Gr1-Index-Education', '2023-12-01 08:30:00', '2023-12-01 10:00:00', 4, 6, 20, 1, 4, 2),
('Cours-69497-26-M1-ILSEN-cla-Gr1-Index-Education', '2023-12-20 16:00:00', '2023-12-20 17:30:00', 4, 6, 6, 1, 3, 2),
('Cours-69630-39-M1-ILSEN-alt-GR1-Index-Education', '2024-03-20 08:30:00', '2024-03-20 11:30:00', 20, 26, 11, 2, 3, 2),
('Cours-69630-42-M1-ILSEN-alt-GR1-Index-Education', '2024-04-10 07:30:00', '2024-04-10 10:30:00', 20, 26, 11, 2, 3, 2),
('Cours-69630-43-M1-ILSEN-alt-GR1-Index-Education', '2024-04-17 07:30:00', '2024-04-17 10:30:00', 20, 26, 11, 2, 3, 2),
('Cours-69632-37-M1-ILSEN-alt-GR1-Index-Education', '2024-03-08 08:30:00', '2024-03-08 11:30:00', 20, 26, 11, 2, 3, 2),
('Cours-70542-26-M1-IA-IL-ALT-Index-Education', '2023-12-19 14:30:00', '2023-12-19 17:30:00', 28, 12, 11, 4, 3, 2),
('Cours-70542-26-M1-IA-IL-CLA-Index-Education', '2023-12-19 14:30:00', '2023-12-19 17:30:00', 28, 12, 11, 3, 3, 2),
('Cours-71065-34-M1-IA-IL-ALT-Index-Education', '2024-02-16 14:30:00', '2024-02-16 16:00:00', 30, 43, 10, 4, 2, 2),
('Cours-71065-34-M1-IA-IL-CLA-Index-Education', '2024-02-16 14:30:00', '2024-02-16 16:00:00', 30, 43, 10, 3, 2, 2),
('Cours-71069-37-M1-IA-IL-ALT-Index-Education', '2024-03-04 17:30:00', '2024-03-04 19:00:00', 30, 43, 10, 4, 2, 2),
('Cours-71069-37-M1-IA-IL-CLA-Index-Education', '2024-03-04 17:30:00', '2024-03-04 19:00:00', 30, 43, 10, 3, 2, 2),
('Cours-7115-18-M1-IA-IL-CLA-Index-Education', '2023-10-26 12:00:00', '2023-10-26 15:00:00', 11, 12, 18, 3, 3, 2),
('Cours-7115-18-M1-ILSEN-cla-Gr1-Index-Education', '2023-10-26 12:00:00', '2023-10-26 15:00:00', 11, 12, 18, 1, 3, 2),
('Cours-71329-39-M1-ILSEN-cla-Gr1-Index-Education', '2024-03-19 11:30:00', '2024-03-19 13:00:00', 14, 15, 11, 1, 3, 2),
('Cours-71330-39-M1-IA-IL-CLA-Index-Education', '2024-03-22 16:00:00', '2024-03-22 17:30:00', 14, 15, 17, 3, 3, 2),
('Cours-71538-26-M1-IA-IL-CLA-Index-Education', '2023-12-22 11:30:00', '2023-12-22 13:00:00', 4, 6, 6, 3, 3, 2),
('Cours-71539-29-M1-IA-IL-CLA-Index-Education', '2024-01-08 14:30:00', '2024-01-08 16:00:00', 4, 6, 6, 3, 3, 2),
('Cours-7182-30-M1-IA-IL-CLA-Index-Education', '2024-01-16 10:00:00', '2024-01-16 13:00:00', 11, 12, 19, 3, 3, 2),
('Cours-7182-30-M1-ILSEN-cla-Gr1-Index-Education', '2024-01-16 10:00:00', '2024-01-16 13:00:00', 11, 12, 19, 1, 3, 2),
('Cours-73535-38-M1-IA-IL-CLA-Index-Education', '2024-03-15 16:00:00', '2024-03-15 19:00:00', 17, 20, 17, 3, 3, 2),
('Cours-73552-37-M1-IA-IL-ALT-Index-Education', '2024-03-05 16:00:00', '2024-03-05 19:00:00', 23, 20, 4, 4, 3, 2),
('Cours-73552-37-M1-ILSEN-alt-GR1-Index-Education', '2024-03-05 16:00:00', '2024-03-05 19:00:00', 23, 20, 4, 2, 3, 2),
('Cours-73553-34-M1-IA-IL-ALT-Index-Education', '2024-02-13 08:30:00', '2024-02-13 11:30:00', 17, 20, 21, 4, 3, 2),
('Cours-73553-34-M1-ILSEN-alt-GR1-Index-Education', '2024-02-13 08:30:00', '2024-02-13 11:30:00', 17, 20, 21, 2, 3, 2),
('Cours-73553-37-M1-IA-IL-ALT-Index-Education', '2024-03-05 08:30:00', '2024-03-05 11:30:00', 17, 20, 4, 4, 3, 2),
('Cours-73553-37-M1-ILSEN-alt-GR1-Index-Education', '2024-03-05 08:30:00', '2024-03-05 11:30:00', 17, 20, 4, 2, 3, 2),
('Cours-73553-38-M1-IA-IL-ALT-Index-Education', '2024-03-12 08:30:00', '2024-03-12 11:30:00', 17, 20, 26, 4, 3, 2),
('Cours-73553-38-M1-ILSEN-alt-GR1-Index-Education', '2024-03-12 08:30:00', '2024-03-12 11:30:00', 17, 20, 26, 2, 3, 2),
('Cours-73555-42-M1-ILSEN-alt-GR1-Index-Education', '2024-04-09 12:00:00', '2024-04-09 15:00:00', 16, 12, 5, 2, 3, 2),
('Cours-73556-39-M1-ILSEN-alt-GR1-Index-Education', '2024-03-21 13:00:00', '2024-03-21 16:00:00', 16, 12, 21, 2, 3, 2),
('Cours-73557-37-M1-IA-IL-ALT-Index-Education', '2024-03-06 17:30:00', '2024-03-06 19:00:00', 21, 21, 9, 4, 5, 2),
('Cours-73557-37-M1-ILSEN-alt-GR1-Index-Education', '2024-03-06 17:30:00', '2024-03-06 19:00:00', 21, 21, 9, 2, 5, 2),
('Cours-73558-42-M1-IA-IL-ALT-Index-Education', '2024-04-09 07:30:00', '2024-04-09 09:00:00', 21, 21, 9, 4, 5, 2),
('Cours-73558-42-M1-ILSEN-alt-GR1-Index-Education', '2024-04-09 07:30:00', '2024-04-09 09:00:00', 21, 21, 9, 2, 5, 2),
('Cours-73559-43-M1-IA-IL-ALT-Index-Education', '2024-04-15 16:30:00', '2024-04-15 18:00:00', 21, 21, 9, 4, 5, 2),
('Cours-73559-43-M1-ILSEN-alt-GR1-Index-Education', '2024-04-15 16:30:00', '2024-04-15 18:00:00', 21, 21, 9, 2, 5, 2),
('Cours-73689-30-M1-IA-IL-CLA-Index-Education', '2024-01-18 11:30:00', '2024-01-18 13:30:00', 1, 40, 10, 3, 1, 35),
('Cours-73701-32-M1-ILSEN-alt-GR1-Index-Education', '2024-01-29 08:30:00', '2024-01-29 11:30:00', 19, 20, 10, 2, 2, 2),
('Cours-73701-32-M1-ILSEN-cla-Gr1-Index-Education', '2024-01-29 08:30:00', '2024-01-29 11:30:00', 19, 20, 10, 1, 2, 2),
('Cours-73708-33-M1-ILSEN-alt-GR1-Index-Education', '2024-02-09 16:00:00', '2024-02-09 19:00:00', 19, 20, 10, 2, 2, 2),
('Cours-73708-33-M1-ILSEN-cla-Gr1-Index-Education', '2024-02-09 16:00:00', '2024-02-09 19:00:00', 19, 20, 10, 1, 2, 2),
('Cours-73709-32-M1-IA-IL-ALT-Index-Education', '2024-01-29 14:30:00', '2024-01-29 16:00:00', 21, 21, 9, 4, 5, 2),
('Cours-73709-32-M1-ILSEN-alt-GR1-Index-Education', '2024-01-29 14:30:00', '2024-01-29 16:00:00', 21, 21, 9, 2, 5, 2),
('Cours-73710-33-M1-ILSEN-alt-GR1-Index-Education', '2024-02-10 13:00:00', '2024-02-10 14:30:00', 19, 20, 1, 2, 2, 2),
('Cours-73710-33-M1-ILSEN-cla-Gr1-Index-Education', '2024-02-10 13:00:00', '2024-02-10 14:30:00', 19, 20, 1, 1, 2, 2),
('Cours-74215-39-M1-ILSEN-cla-Gr1-Index-Education', '2024-03-20 17:30:00', '2024-03-20 19:00:00', 16, 17, 17, 1, 3, 2),
('Cours-75618-31-M1-IA-IL-CLA-Index-Education', '2024-01-22 14:00:00', '2024-01-22 17:00:00', 4, 6, 6, 3, 8, 2),
('Cours-75618-31-M1-ILSEN-cla-Gr1-Index-Education', '2024-01-22 14:00:00', '2024-01-22 17:00:00', 4, 6, 6, 1, 8, 2),
('Cours-75634-34-M1-IA-IL-CLA-Index-Education', '2024-02-15 16:00:00', '2024-02-15 19:00:00', 17, 20, 4, 3, 3, 2),
('Cours-76155-37-M1-IA-IL-ALT-Index-Education', '2024-03-07 17:30:00', '2024-03-07 19:00:00', 29, 42, 7, 4, 4, 2),
('Cours-76155-37-M1-IA-IL-CLA-Index-Education', '2024-03-07 17:30:00', '2024-03-07 19:00:00', 29, 42, 7, 3, 4, 2),
('Cours-76661-43-M1-ILSEN-alt-GR1-Index-Education', '2024-04-17 13:30:00', '2024-04-17 16:30:00', 16, 12, 14, 2, 3, 2),
('Cours-76663-47-M1-IA-IL-ALT-Index-Education', '2024-05-17 07:30:00', '2024-05-17 09:00:00', 21, 21, 6, 4, 5, 2),
('Cours-76663-47-M1-ILSEN-alt-GR1-Index-Education', '2024-05-17 07:30:00', '2024-05-17 09:00:00', 21, 21, 6, 2, 5, 2),
('Cours-76664-43-M1-IA-IL-ALT-Index-Education', '2024-04-16 10:30:00', '2024-04-16 12:00:00', 21, 21, 6, 4, 5, 2),
('Cours-76664-43-M1-ILSEN-alt-GR1-Index-Education', '2024-04-16 10:30:00', '2024-04-16 12:00:00', 21, 21, 6, 2, 5, 2),
('Cours-76665-43-M1-IA-IL-ALT-Index-Education', '2024-04-17 07:30:00', '2024-04-17 10:30:00', 31, 44, 13, 4, 3, 2),
('Cours-76665-43-M1-IA-IL-CLA-Index-Education', '2024-04-17 07:30:00', '2024-04-17 10:30:00', 31, 44, 13, 3, 3, 2),
('Cours-76667-47-M1-IA-IL-ALT-Index-Education', '2024-05-15 15:00:00', '2024-05-15 18:00:00', 31, 44, 11, 4, 3, 2),
('Cours-76667-47-M1-IA-IL-CLA-Index-Education', '2024-05-15 15:00:00', '2024-05-15 18:00:00', 31, 44, 11, 3, 3, 2),
('Cours-76683-45-M1-IA-IL-ALT-Index-Education', '2024-05-02 07:00:00', '2024-05-02 18:00:00', 1, 25, 28, 4, 1, 22),
('Cours-76683-45-M1-ILSEN-alt-GR1-Index-Education', '2024-05-02 07:00:00', '2024-05-02 18:00:00', 1, 25, 28, 2, 1, 22),
('Cours-76684-45-M1-IA-IL-ALT-Index-Education', '2024-05-03 07:00:00', '2024-05-03 18:00:00', 1, 25, 28, 4, 1, 22),
('Cours-76684-45-M1-ILSEN-alt-GR1-Index-Education', '2024-05-03 07:00:00', '2024-05-03 18:00:00', 1, 25, 28, 2, 1, 22),
('Cours-78662-33-M1-IA-IL-ALT-Index-Education', '2024-02-08 11:30:00', '2024-02-08 13:00:00', 1, 25, 2, 4, 1, 36),
('Cours-78662-33-M1-IA-IL-CLA-Index-Education', '2024-02-08 11:30:00', '2024-02-08 13:00:00', 1, 25, 2, 3, 1, 36),
('Cours-79616-42-M1-IA-IL-CLA-Index-Education', '2024-04-12 07:30:00', '2024-04-12 09:00:00', 15, 13, 7, 3, 6, 21),
('Cours-79616-42-M1-ILSEN-cla-Gr1-Index-Education', '2024-04-12 07:30:00', '2024-04-12 09:00:00', 15, 13, 7, 1, 6, 21),
('Cours-80070-20-M1-IA-IL-ALT-Index-Education', '2023-11-07 13:00:00', '2023-11-07 16:00:00', 5, 7, 1, 4, 2, 2),
('Cours-80070-20-M1-IA-IL-CLA-Index-Education', '2023-11-07 13:00:00', '2023-11-07 16:00:00', 5, 7, 1, 3, 2, 2),
('Cours-80070-20-M1-ILSEN-cla-Gr1-Index-Education', '2023-11-07 13:00:00', '2023-11-07 16:00:00', 5, 7, 1, 1, 2, 2),
('Cours-80070-21-M1-IA-IL-ALT-Index-Education', '2023-11-14 13:00:00', '2023-11-14 16:00:00', 5, 7, 1, 4, 2, 2),
('Cours-80070-21-M1-IA-IL-CLA-Index-Education', '2023-11-14 13:00:00', '2023-11-14 16:00:00', 5, 7, 1, 3, 2, 2),
('Cours-80070-21-M1-ILSEN-cla-Gr1-Index-Education', '2023-11-14 13:00:00', '2023-11-14 16:00:00', 5, 7, 1, 1, 2, 2),
('Cours-80573-37-M1-ILSEN-cla-Gr1-Index-Education', '2024-03-05 13:00:00', '2024-03-05 16:00:00', 22, 24, 11, 1, 3, 2),
('Cours-80694-37-M1-IA-IL-ALT-Index-Education', '2024-03-04 16:00:00', '2024-03-04 17:30:00', 30, 27, 7, 4, 2, 2),
('Cours-80694-37-M1-IA-IL-CLA-Index-Education', '2024-03-04 16:00:00', '2024-03-04 17:30:00', 30, 27, 7, 3, 2, 2),
('Cours-80838-42-M1-ILSEN-alt-GR1-Index-Education', '2024-04-09 15:00:00', '2024-04-09 18:00:00', 19, 20, 21, 2, 4, 2),
('Cours-80839-38-M1-ILSEN-alt-GR1-Index-Education', '2024-03-15 10:00:00', '2024-03-15 11:30:00', 19, 20, 21, 2, 3, 2),
('Cours-80842-37-M1-ILSEN-cla-Gr1-Index-Education', '2024-03-08 13:00:00', '2024-03-08 16:00:00', 19, 20, 4, 1, 4, 2),
('Cours-80843-35-M1-ILSEN-cla-Gr1-Index-Education', '2024-02-23 08:30:00', '2024-02-23 11:30:00', 19, 20, 5, 1, 3, 2),
('Cours-81240-39-M1-ILSEN-alt-GR1-Index-Education', '2024-03-19 14:30:00', '2024-03-19 16:00:00', 19, 20, 1, 2, 4, 2),
('Cours-81240-39-M1-ILSEN-cla-Gr1-Index-Education', '2024-03-19 14:30:00', '2024-03-19 16:00:00', 19, 20, 1, 1, 4, 2),
('Cours-81241-34-M1-ILSEN-alt-GR1-Index-Education', '2024-02-17 08:30:00', '2024-02-17 10:00:00', 19, 20, 8, 2, 2, 2),
('Cours-81241-34-M1-ILSEN-cla-Gr1-Index-Education', '2024-02-17 08:30:00', '2024-02-17 10:00:00', 19, 20, 8, 1, 2, 2),
('Cours-81242-41-M1-ILSEN-cla-Gr1-Index-Education', '2024-04-02 13:30:00', '2024-04-02 16:30:00', 22, 24, 11, 1, 3, 2),
('Cours-81557-40-M1-IA-IL-CLA-Index-Education', '2024-03-25 08:30:00', '2024-03-25 11:30:00', 17, 20, 17, 3, 3, 2),
('Cours-82548-40-M1-IA-IL-CLA-Index-Education', '2024-03-25 11:30:00', '2024-03-25 12:30:00', 1, 27, 2, 3, 1, 38),
('Cours-82553-42-M1-IA-IL-CLA-Index-Education', '2024-04-12 10:30:00', '2024-04-12 11:30:00', 1, 27, 1, 3, 1, 39);

-- --------------------------------------------------------

--
-- Table structure for table `type`
--

CREATE TABLE `type` (
  `id` int(11) NOT NULL,
  `name` varchar(50) DEFAULT NULL
) ENGINE=InnoDB DEFAULT CHARSET=utf8mb4;

--
-- Dumping data for table `type`
--

INSERT INTO `type` (`id`, `name`) VALUES
(1, ''),
(2, 'CM'),
(3, 'TP'),
(4, 'Evaluation'),
(5, 'TD'),
(6, 'CM/TD'),
(7, 'Oraux'),
(8, 'Rattrapage'),
(9, 'Conference');

--
-- Indexes for dumped tables
--

--
-- Indexes for table `enseignant`
--
ALTER TABLE `enseignant`
  ADD PRIMARY KEY (`id`);

--
-- Indexes for table `etudiant`
--
ALTER TABLE `etudiant`
  ADD PRIMARY KEY (`id`),
  ADD KEY `fk_etudiant_formation` (`formation_id`);

--
-- Indexes for table `formation`
--
ALTER TABLE `formation`
  ADD PRIMARY KEY (`id`);

--
-- Indexes for table `matiere`
--
ALTER TABLE `matiere`
  ADD PRIMARY KEY (`id`);

--
-- Indexes for table `memo`
--
ALTER TABLE `memo`
  ADD PRIMARY KEY (`id`);

--
-- Indexes for table `salle`
--
ALTER TABLE `salle`
  ADD PRIMARY KEY (`id`);

--
-- Indexes for table `seance`
--
ALTER TABLE `seance`
  ADD PRIMARY KEY (`uid`),
  ADD KEY `matiere_id` (`matiere_id`),
  ADD KEY `formation_id` (`formation_id`),
  ADD KEY `memo_id` (`memo_id`),
  ADD KEY `salle_id` (`salle_id`),
  ADD KEY `fk_type_id` (`type_id`);

--
-- Indexes for table `type`
--
ALTER TABLE `type`
  ADD PRIMARY KEY (`id`);

--
-- AUTO_INCREMENT for dumped tables
--

--
-- AUTO_INCREMENT for table `enseignant`
--
ALTER TABLE `enseignant`
  MODIFY `id` int(11) NOT NULL AUTO_INCREMENT, AUTO_INCREMENT=46;

--
-- AUTO_INCREMENT for table `etudiant`
--
ALTER TABLE `etudiant`
  MODIFY `id` int(11) NOT NULL AUTO_INCREMENT, AUTO_INCREMENT=2;

--
-- AUTO_INCREMENT for table `formation`
--
ALTER TABLE `formation`
  MODIFY `id` int(11) NOT NULL AUTO_INCREMENT, AUTO_INCREMENT=5;

--
-- AUTO_INCREMENT for table `matiere`
--
ALTER TABLE `matiere`
  MODIFY `id` int(11) NOT NULL AUTO_INCREMENT, AUTO_INCREMENT=32;

--
-- AUTO_INCREMENT for table `memo`
--
ALTER TABLE `memo`
  MODIFY `id` int(11) NOT NULL AUTO_INCREMENT, AUTO_INCREMENT=40;

--
-- AUTO_INCREMENT for table `salle`
--
ALTER TABLE `salle`
  MODIFY `id` int(11) NOT NULL AUTO_INCREMENT, AUTO_INCREMENT=35;

--
-- AUTO_INCREMENT for table `type`
--
ALTER TABLE `type`
  MODIFY `id` int(11) NOT NULL AUTO_INCREMENT, AUTO_INCREMENT=10;

--
-- Constraints for dumped tables
--

--
-- Constraints for table `etudiant`
--
ALTER TABLE `etudiant`
  ADD CONSTRAINT `fk_etudiant_formation` FOREIGN KEY (`formation_id`) REFERENCES `formation` (`id`);

--
-- Constraints for table `seance`
--
ALTER TABLE `seance`
  ADD CONSTRAINT `fk_type_id` FOREIGN KEY (`type_id`) REFERENCES `type` (`id`),
  ADD CONSTRAINT `seance_ibfk_1` FOREIGN KEY (`matiere_id`) REFERENCES `matiere` (`id`),
  ADD CONSTRAINT `seance_ibfk_2` FOREIGN KEY (`enseignant_id`) REFERENCES `enseignant` (`id`),
  ADD CONSTRAINT `seance_ibfk_3` FOREIGN KEY (`salle_id`) REFERENCES `salle` (`id`),
  ADD CONSTRAINT `seance_ibfk_4` FOREIGN KEY (`formation_id`) REFERENCES `formation` (`id`),
  ADD CONSTRAINT `seance_ibfk_5` FOREIGN KEY (`memo_id`) REFERENCES `memo` (`id`);
COMMIT;

/*!40101 SET CHARACTER_SET_CLIENT=@OLD_CHARACTER_SET_CLIENT */;
/*!40101 SET CHARACTER_SET_RESULTS=@OLD_CHARACTER_SET_RESULTS */;
/*!40101 SET COLLATION_CONNECTION=@OLD_COLLATION_CONNECTION */;
