-- phpMyAdmin SQL Dump
-- version 5.2.1
-- https://www.phpmyadmin.net/
--
-- Hôte : 127.0.0.1
-- Généré le : lun. 18 mars 2024 à 15:40
-- Version du serveur : 10.4.32-MariaDB
-- Version de PHP : 8.0.30

SET SQL_MODE = "NO_AUTO_VALUE_ON_ZERO";
START TRANSACTION;
SET time_zone = "+00:00";


/*!40101 SET @OLD_CHARACTER_SET_CLIENT=@@CHARACTER_SET_CLIENT */;
/*!40101 SET @OLD_CHARACTER_SET_RESULTS=@@CHARACTER_SET_RESULTS */;
/*!40101 SET @OLD_COLLATION_CONNECTION=@@COLLATION_CONNECTION */;
/*!40101 SET NAMES utf8mb4 */;

--
-- Base de données : `calceri`
--

-- --------------------------------------------------------

--
-- Structure de la table `enseignant`
--

CREATE TABLE `enseignant` (
  `id` int(11) NOT NULL,
  `username` varchar(511) DEFAULT NULL,
  `password` varchar(255) DEFAULT NULL,
  `email` varchar(255) NOT NULL
) ENGINE=InnoDB DEFAULT CHARSET=utf8mb4 COLLATE=utf8mb4_general_ci;

--
-- Déchargement des données de la table `enseignant`
--

INSERT INTO `enseignant` (`id`, `username`, `password`, `email`) VALUES
(1, 'Enseignants', NULL, ''),
(2, 'FREDOUILLE Corinne', NULL, ''),
(3, 'PUY CAZCARRA Emmanuel', NULL, ''),
(4, 'NABITZ Sophie', NULL, ''),
(5, 'FREDOUILLE Corinne, JABAIAN Bassam', NULL, ''),
(6, 'JABAIAN Bassam', NULL, ''),
(7, 'REY Carole', NULL, ''),
(8, 'MARTIN Yannis', NULL, ''),
(9, 'MARTIN Yannis, PUY CAZCARRA Emmanuel', NULL, ''),
(10, 'COSTA Jean-pierre', NULL, ''),
(11, 'LABRAK Yanis', NULL, ''),
(12, 'PELERIN Aurelien', NULL, ''),
(13, 'ROUVIER Mickael', NULL, ''),
(14, 'HADDAD Majed, VERNET Mathilde', NULL, ''),
(15, 'BROCHARD Marc', NULL, ''),
(16, 'LEFEVRE Fabrice', NULL, ''),
(17, 'BENSLIMANE Abderrahim, BONASTRE Jean-Francois, FIGUEIREDO Rosa, FREDOUILLE Corinne, GOZLAN Philippe, HADDAD Majed, HAYEL Yezekael, HUET Stephane, JIMENEZ Tania, JOURLIN Pierre, LEFEVRE Fabrice, MORCHID Mohamed, NOCERA Pascal, PUY CAZCARRA Emmanuel, TORRES MORENO Juan manuel, VERNET Mathilde', NULL, ''),
(18, 'MORCHID Mohamed', NULL, ''),
(19, 'FERREIRA Emmanuel', NULL, ''),
(20, 'SALAS Daniel', NULL, ''),
(21, 'BONNEFOY Ludovic', NULL, ''),
(22, 'RONDIN Lilian', NULL, ''),
(23, 'CARIAS Patrick', NULL, ''),
(24, 'CECILLON Noe', NULL, ''),
(25, 'AMALVY Arthur', NULL, ''),
(26, '', NULL, ''),
(27, 'ATER MASTER INFO', NULL, ''),
(28, 'HUET Stephane', NULL, ''),
(29, 'DHAUSSY Timothee', NULL, ''),
(30, 'BENSLIMANE Abderrahim, LABATUT Vincent, ROUVIER Mickael', NULL, ''),
(31, 'FIGUEIREDO Rosa, VERNET Mathilde', NULL, ''),
(32, 'BENSLIMANE Abderrahim, FIGUEIREDO Rosa, HUET Stephane, JABAIAN Bassam, LABATUT Vincent, MATROUF Driss, ROUVIER Mickael, SPRIET Thierry', NULL, ''),
(33, 'BENSLIMANE Abderrahim, COSTA Jean-pierre, DE PELLEGRINI Francesco, ELAZOUZI Rachid, ESTEVE Yannick, FIGUEIREDO Rosa, FREDOUILLE Corinne, GILLES Philippe, GOZLAN Philippe, GUEYE Serigne, HADDAD Majed, HAYEL Yezekael, HUET Stephane, JABAIAN Bassam, JOURLIN Pierre, LABATUT Vincent, LEFEVRE Fabrice, MATROUF Driss, NOCERA Pascal, ROUVIER Mickael, SPRIET Thierry, TORRES MORENO Juan manuel, VERNET Mathilde, ZHOU Fen', NULL, ''),
(34, 'BENSLIMANE Abderrahim, ROUVIER Mickael', NULL, ''),
(35, 'BEILLON Jennifer, HUET Stephane', NULL, ''),
(36, 'FIGUEIREDO Rosa', NULL, ''),
(37, 'LEFEVRE Fabrice, TORRES MORENO Juan manuel', NULL, ''),
(38, 'HADDAD Majed, LEFEVRE Fabrice', NULL, ''),
(39, 'LABATUT Vincent', NULL, ''),
(40, 'GUEYE Serigne', NULL, ''),
(41, 'MDHAFFAR Salima', NULL, ''),
(42, 'VERNET Mathilde', NULL, ''),
(43, 'TORRES MORENO Juan manuel', NULL, ''),
(44, 'HAYEL Yezekael', NULL, ''),
(45, 'ESTEVE Yannick', NULL, '');

-- --------------------------------------------------------

--
-- Structure de la table `etudiant`
--

CREATE TABLE `etudiant` (
  `id` int(11) NOT NULL,
  `username` varchar(50) DEFAULT NULL,
  `password` varchar(255) DEFAULT NULL,
  `formation_id` int(11) DEFAULT NULL
) ENGINE=InnoDB DEFAULT CHARSET=utf8mb4 COLLATE=utf8mb4_general_ci;

--
-- Déchargement des données de la table `etudiant`
--

INSERT INTO `etudiant` (`id`, `username`, `password`, `formation_id`) VALUES
(1, 'uapv2400431', 'Ibrahim', 1);

-- --------------------------------------------------------

--
-- Structure de la table `formation`
--

CREATE TABLE `formation` (
  `id` int(11) NOT NULL,
  `nom` varchar(255) DEFAULT NULL
) ENGINE=InnoDB DEFAULT CHARSET=utf8mb4 COLLATE=utf8mb4_general_ci;

--
-- Déchargement des données de la table `formation`
--

INSERT INTO `formation` (`id`, `nom`) VALUES
(1, 'ILSEN-CLA'),
(2, 'ILSEN-ALT'),
(3, 'AI-CLA'),
(4, 'AI-ALT');

-- --------------------------------------------------------

--
-- Structure de la table `matiere`
--

CREATE TABLE `matiere` (
  `id` int(11) NOT NULL,
  `nom` varchar(255) DEFAULT NULL
) ENGINE=InnoDB DEFAULT CHARSET=utf8mb4 COLLATE=utf8mb4_general_ci;

--
-- Déchargement des données de la table `matiere`
--

INSERT INTO `matiere` (`id`, `nom`) VALUES
(1, 'Matiere'),
(2, 'Reservation de salles'),
(3, 'UCE 1 ARCHITECTURES CLOUD ET'),
(4, 'UCE 2 ARCHITECTURES WEB'),
(5, 'UCE 1 ANGLAIS (ORIENTE ENTREP'),
(6, 'UCE 2 MANAGEMENT PAR LES PROC'),
(7, 'UCE 3 GESTION DE PROJET'),
(8, 'UCE 4 APPLICATION DE MSI'),
(9, 'UCE 1 DESIGN PATTERN AVANCE'),
(10, 'UCE 2 PROGRAMMATION PARALLELE'),
(11, 'UCE 3 URBANISATION'),
(12, 'UCE 4 APPLICATION DE CONCEPTI'),
(13, 'UCE 1 PROJET'),
(14, 'UCE 2 INSERTION PROFESSIONNEL'),
(15, 'UCE 1 VEILLE TECHNOLOGIQUE'),
(16, 'UE PROJET 2'),
(17, 'UCE 4 APPLICATION ARCHITECTUR'),
(18, 'UCE 1 TECHNIQUES DE TEST'),
(19, 'UCE 1 SERVEURS D\'APPLICATION'),
(20, 'UCE 2 MIDDLEWARE'),
(21, 'UCE 3 APPLICATIONS ORIENTEES'),
(22, 'UCE 2 ANGLAIS (ORIENTE TECHNI'),
(23, 'UCE 2 PROTOTYPAGE ET INTERFAC'),
(24, 'UCE 3 PROCESSUS DU DEVELOPPEM'),
(25, 'Rentree specifique'),
(26, 'UCE 1 INTRODUCTION A L\'INTELL'),
(27, 'UCE 2 APPRENTISSAGE NON-SUPER'),
(28, 'UCE 3 OPTIMISATION NON-LINEAI'),
(29, 'UCE 4 TRAITEMENT AUTOMATIQUE'),
(30, 'UCE 2 APPROCHES NEURONALES'),
(31, 'UCE 1 MODELES STOCHASTIQUES'),
(32, 'UCE 3 APPLICATION IA');

-- --------------------------------------------------------

--
-- Structure de la table `memo`
--

CREATE TABLE `memo` (
  `id` int(11) NOT NULL,
  `description` text DEFAULT NULL
) ENGINE=InnoDB DEFAULT CHARSET=utf8mb4 COLLATE=utf8mb4_general_ci;

--
-- Déchargement des données de la table `memo`
--

INSERT INTO `memo` (`id`, `description`) VALUES
(1, 'Memo'),
(2, 'reunion de rentree des alternants'),
(3, ''),
(4, 'Evaluation'),
(5, 'Presentation des projets de M1 classiques'),
(6, '2eme rencontre intermediaire des projets de M1 classiques'),
(7, '1ere rencontre intermediaire des projets de M1 classiques'),
(8, 'NE PAS DEPLACER'),
(9, 'SOUTENANCE'),
(10, 'Soutenances de projet Master CERI'),
(11, '1ere rencontre'),
(12, 'TP3'),
(13, 'TP4'),
(14, 'TP2'),
(15, 'TP6'),
(16, 'TP1'),
(17, 'TP5'),
(18, 'TP7'),
(19, 'TP8'),
(20, 'TP9'),
(21, 'TP10'),
(22, '2eme rencontre'),
(23, 'entreprise'),
(24, 'Reunion alternance mi-semestre'),
(25, 'Reunion mi-semestre alternance'),
(26, 'reunion de rentree du master informatique'),
(27, 'reunion d\'information Ada Lovelace'),
(28, 'ceremonie de remise des diplômes'),
(29, 'soutenance alternance'),
(30, 'Entretiens individuels'),
(31, 'salon alternance 2024'),
(32, 'semaine femmes en sciences'),
(33, 'Voyage scolaire'),
(34, 'VISIO'),
(35, 'QCM'),
(36, 'Seminaire de recherche LIA - CMI UNIQUEMENT'),
(37, 'AGORA - CMI UNIQUEMENT'),
(38, 'Seminaire recherche LIA - CMI UNIQUEMENT'),
(39, 'Presentation de l\'alternance'),
(40, 'Informations pratiques sur l\'alternance');

-- --------------------------------------------------------

--
-- Structure de la table `salle`
--

CREATE TABLE `salle` (
  `id` int(11) NOT NULL,
  `nom` varchar(255) DEFAULT NULL,
  `disponible` tinyint(1) DEFAULT NULL
) ENGINE=InnoDB DEFAULT CHARSET=utf8mb4 COLLATE=utf8mb4_general_ci;

--
-- Déchargement des données de la table `salle`
--

INSERT INTO `salle` (`id`, `nom`, `disponible`) VALUES
(1, 'salle', NULL),
(2, 'Amphi Ada', NULL),
(3, 'Amphi Blaise', NULL),
(4, 'CISCO = C 133 reseaux', NULL),
(5, 'Stat 2 = Info - C 136', NULL),
(6, 'Stat 3 = Info - C 135', NULL),
(7, 'S3 = C 036', NULL),
(8, 'S5 = C 024', NULL),
(9, 'S4 = C 034', NULL),
(10, 'S2 = C 040', NULL),
(11, 'S6 = C 022', NULL),
(12, 'Stat 1 = Info - C 137', NULL),
(13, 'Stat9 = Info - C 026', NULL),
(14, 'Stat 5 = Info - C 130', NULL),
(15, 'Stat 6 = Info - C 129', NULL),
(16, 'Stat 5 = Info - C 130, Stat 6 = Info - C 129', NULL),
(17, 'Stat 8 = Info - C 127, Stat9 = Info - C 026', NULL),
(18, 'Stat 4 = Info - C 131', NULL),
(19, 'Stat 6 = Info - C 129, Stat 7 = Info - C 128', NULL),
(20, 'Stat 1 = Info - C 137, Stat 2 = Info - C 136', NULL),
(21, 'S7 = C 032', NULL),
(22, 'Stat 8 = Info - C 127', NULL),
(23, 'RES = C 132 Reseaux', NULL),
(24, 'CERI, Stat 2 = Info - C 136, Stat 3 = Info - C 135', NULL),
(25, 'AGRB020 ( HDMI ), AGRB021 ( HDMI ), AGRB022 ( HDMI ), AGRB023 ( HDMI )', NULL),
(26, 'S2 = C 040, S3 = C 036, S4 = C 034, S7 = C 032', NULL),
(27, 'Stat 7 = Info - C 128', NULL),
(28, 'S2 BIS = C 038', NULL),
(29, '', NULL),
(30, 'Amphi Ada, Amphi Blaise, S1 = C 042 Nodes, S2 = C 040, S2 BIS = C 038, S3 = C 036, S4 = C 034, S5 = C 024, S6 = C 022, S7 = C 032, S8 = C 030', NULL),
(31, 'S5 = C 024, S6 = C 022', NULL),
(32, 'Amphi Ada, Amphi Blaise, S1 = C 042 Nodes, S2 = C 040, S2 BIS = C 038, S3 = C 036, S4 = C 034, S5 = C 024, S6 = C 022, S7 = C 032, S8 = C 030, Stat 1 = Info - C 137, Stat 6 = Info - C 129, Stat 7 = Info - C 128', NULL),
(33, 'Stat 1 = Info - C 137, Stat 2 = Info - C 136, Stat 7 = Info - C 128', NULL),
(34, 'S1 = C 042 Nodes', NULL),
(35, 'S8 = C 030', NULL);

-- --------------------------------------------------------

--
-- Structure de la table `seance`
--

CREATE TABLE `seance` (
  `uid` varchar(50) NOT NULL,
  `dtStart` datetime DEFAULT NULL,
  `dtEnd` datetime DEFAULT NULL,
  `matiere_id` int(11) DEFAULT NULL,
  `enseignant_id` int(11) DEFAULT NULL,
  `salle_id` int(11) DEFAULT NULL,
  `formation_id` int(11) DEFAULT NULL,
  `type_id` int(11) DEFAULT NULL,
  `memo_id` int(11) DEFAULT NULL
) ENGINE=InnoDB DEFAULT CHARSET=utf8mb4 COLLATE=utf8mb4_general_ci;

--
-- Déchargement des données de la table `seance`
--

INSERT INTO `seance` (`uid`, `dtStart`, `dtEnd`, `matiere_id`, `enseignant_id`, `salle_id`, `formation_id`, `type_id`, `memo_id`) VALUES
('Cours-20569-29-M1-IA-IL-ALT-Index-Education', '2024-01-09 15:00:00', '2024-01-09 18:00:00', 7, 10, 3, 4, 5, 3),
('Cours-20569-29-M1-IA-IL-CLA-Index-Education', '2024-01-09 15:00:00', '2024-01-09 18:00:00', 7, 10, 3, 3, 5, 3),
('Cours-20569-29-M1-ILSEN-cla-Gr1-Index-Education', '2024-01-09 15:00:00', '2024-01-09 18:00:00', 7, 10, 3, 1, 5, 3),
('Cours-20588-29-M1-IA-IL-ALT-Index-Education', '2024-01-09 10:30:00', '2024-01-09 12:00:00', 7, 10, 2, 4, 3, 3),
('Cours-20588-29-M1-IA-IL-CLA-Index-Education', '2024-01-09 10:30:00', '2024-01-09 12:00:00', 7, 10, 2, 3, 3, 3),
('Cours-20588-29-M1-ILSEN-cla-Gr1-Index-Education', '2024-01-09 10:30:00', '2024-01-09 12:00:00', 7, 10, 2, 1, 3, 3),
('Cours-20601-16-M1-ILSEN-cla-Gr1-Index-Education', '2023-10-09 12:30:00', '2023-10-09 15:30:00', 10, 12, 22, 1, 4, 3),
('Cours-20602-20-M1-IA-IL-ALT-Index-Education', '2023-11-10 07:30:00', '2023-11-10 10:30:00', 10, 13, 5, 4, 4, 3),
('Cours-2543-14-M1-IA-IL-ALT-Index-Education', '2023-09-25 06:00:00', '2023-09-25 17:00:00', 2, 26, 29, 4, 2, 23),
('Cours-2543-14-M1-ILSEN-alt-GR1-Index-Education', '2023-09-25 06:00:00', '2023-09-25 17:00:00', 2, 26, 29, 2, 2, 23),
('Cours-2543-15-M1-IA-IL-ALT-Index-Education', '2023-10-02 06:00:00', '2023-10-02 17:00:00', 2, 26, 29, 4, 2, 23),
('Cours-2543-15-M1-ILSEN-alt-GR1-Index-Education', '2023-10-02 06:00:00', '2023-10-02 17:00:00', 2, 26, 29, 2, 2, 23),
('Cours-2543-18-M1-IA-IL-ALT-Index-Education', '2023-10-23 06:00:00', '2023-10-23 17:00:00', 2, 26, 29, 4, 2, 23),
('Cours-2543-18-M1-ILSEN-alt-GR1-Index-Education', '2023-10-23 06:00:00', '2023-10-23 17:00:00', 2, 26, 29, 2, 2, 23),
('Cours-2543-19-M1-IA-IL-ALT-Index-Education', '2023-10-30 07:00:00', '2023-10-30 18:00:00', 2, 26, 29, 4, 2, 23),
('Cours-2543-19-M1-ILSEN-alt-GR1-Index-Education', '2023-10-30 07:00:00', '2023-10-30 18:00:00', 2, 26, 29, 2, 2, 23),
('Cours-2543-22-M1-IA-IL-ALT-Index-Education', '2023-11-20 07:00:00', '2023-11-20 18:00:00', 2, 26, 29, 4, 2, 23),
('Cours-2543-22-M1-ILSEN-alt-GR1-Index-Education', '2023-11-20 07:00:00', '2023-11-20 18:00:00', 2, 26, 29, 2, 2, 23),
('Cours-2543-23-M1-IA-IL-ALT-Index-Education', '2023-11-27 07:00:00', '2023-11-27 18:00:00', 2, 26, 29, 4, 2, 23),
('Cours-2543-23-M1-ILSEN-alt-GR1-Index-Education', '2023-11-27 07:00:00', '2023-11-27 18:00:00', 2, 26, 29, 2, 2, 23),
('Cours-2543-30-M1-IA-IL-ALT-Index-Education', '2024-01-15 07:00:00', '2024-01-15 18:00:00', 2, 26, 29, 4, 2, 23),
('Cours-2543-30-M1-ILSEN-alt-GR1-Index-Education', '2024-01-15 07:00:00', '2024-01-15 18:00:00', 2, 26, 29, 2, 2, 23),
('Cours-2543-31-M1-IA-IL-ALT-Index-Education', '2024-01-22 07:00:00', '2024-01-22 18:00:00', 2, 26, 29, 4, 2, 23),
('Cours-2543-31-M1-ILSEN-alt-GR1-Index-Education', '2024-01-22 07:00:00', '2024-01-22 18:00:00', 2, 26, 29, 2, 2, 23),
('Cours-2543-35-M1-IA-IL-ALT-Index-Education', '2024-02-19 07:00:00', '2024-02-19 18:00:00', 2, 26, 29, 4, 2, 23),
('Cours-2543-35-M1-ILSEN-alt-GR1-Index-Education', '2024-02-19 07:00:00', '2024-02-19 18:00:00', 2, 26, 29, 2, 2, 23),
('Cours-2543-36-M1-IA-IL-ALT-Index-Education', '2024-02-26 07:00:00', '2024-02-26 18:00:00', 2, 26, 29, 4, 2, 23),
('Cours-2543-36-M1-ILSEN-alt-GR1-Index-Education', '2024-02-26 07:00:00', '2024-02-26 18:00:00', 2, 26, 29, 2, 2, 23),
('Cours-2543-40-M1-IA-IL-ALT-Index-Education', '2024-03-25 07:00:00', '2024-03-25 18:00:00', 2, 26, 29, 4, 2, 23),
('Cours-2543-40-M1-ILSEN-alt-GR1-Index-Education', '2024-03-25 07:00:00', '2024-03-25 18:00:00', 2, 26, 29, 2, 2, 23),
('Cours-2543-44-M1-IA-IL-ALT-Index-Education', '2024-04-22 06:00:00', '2024-04-22 17:00:00', 2, 26, 29, 4, 2, 23),
('Cours-2543-44-M1-ILSEN-alt-GR1-Index-Education', '2024-04-22 06:00:00', '2024-04-22 17:00:00', 2, 26, 29, 2, 2, 23),
('Cours-2543-45-M1-IA-IL-ALT-Index-Education', '2024-04-29 06:00:00', '2024-04-29 17:00:00', 2, 26, 29, 4, 2, 23),
('Cours-2543-45-M1-ILSEN-alt-GR1-Index-Education', '2024-04-29 06:00:00', '2024-04-29 17:00:00', 2, 26, 29, 2, 2, 23),
('Cours-2543-46-M1-IA-IL-ALT-Index-Education', '2024-05-06 06:00:00', '2024-05-06 17:00:00', 2, 26, 29, 4, 2, 23),
('Cours-2543-46-M1-ILSEN-alt-GR1-Index-Education', '2024-05-06 06:00:00', '2024-05-06 17:00:00', 2, 26, 29, 2, 2, 23),
('Cours-2543-49-M1-IA-IL-ALT-Index-Education', '2024-05-27 06:00:00', '2024-05-27 17:00:00', 2, 26, 29, 4, 2, 23),
('Cours-2543-49-M1-ILSEN-alt-GR1-Index-Education', '2024-05-27 06:00:00', '2024-05-27 17:00:00', 2, 26, 29, 2, 2, 23),
('Cours-2543-50-M1-IA-IL-ALT-Index-Education', '2024-06-03 06:00:00', '2024-06-03 17:00:00', 2, 26, 29, 4, 2, 23),
('Cours-2543-50-M1-ILSEN-alt-GR1-Index-Education', '2024-06-03 06:00:00', '2024-06-03 17:00:00', 2, 26, 29, 2, 2, 23),
('Cours-2543-51-M1-IA-IL-ALT-Index-Education', '2024-06-10 06:00:00', '2024-06-10 17:00:00', 2, 26, 29, 4, 2, 23),
('Cours-2543-51-M1-ILSEN-alt-GR1-Index-Education', '2024-06-10 06:00:00', '2024-06-10 17:00:00', 2, 26, 29, 2, 2, 23),
('Cours-2543-52-M1-IA-IL-ALT-Index-Education', '2024-06-17 06:00:00', '2024-06-17 17:00:00', 2, 26, 29, 4, 2, 23),
('Cours-2543-52-M1-ILSEN-alt-GR1-Index-Education', '2024-06-17 06:00:00', '2024-06-17 17:00:00', 2, 26, 29, 2, 2, 23),
('Cours-2543-53-M1-IA-IL-ALT-Index-Education', '2024-06-24 06:00:00', '2024-06-24 17:00:00', 2, 26, 29, 4, 2, 23),
('Cours-2543-53-M1-ILSEN-alt-GR1-Index-Education', '2024-06-24 06:00:00', '2024-06-24 17:00:00', 2, 26, 29, 2, 2, 23),
('Cours-2543-54-M1-IA-IL-ALT-Index-Education', '2024-07-01 06:00:00', '2024-07-01 17:00:00', 2, 26, 29, 4, 2, 23),
('Cours-2543-54-M1-ILSEN-alt-GR1-Index-Education', '2024-07-01 06:00:00', '2024-07-01 17:00:00', 2, 26, 29, 2, 2, 23),
('Cours-2548-14-M1-IA-IL-ALT-Index-Education', '2023-09-26 06:00:00', '2023-09-26 17:00:00', 2, 26, 29, 4, 2, 23),
('Cours-2548-14-M1-ILSEN-alt-GR1-Index-Education', '2023-09-26 06:00:00', '2023-09-26 17:00:00', 2, 26, 29, 2, 2, 23),
('Cours-2548-15-M1-IA-IL-ALT-Index-Education', '2023-10-03 06:00:00', '2023-10-03 17:00:00', 2, 26, 29, 4, 2, 23),
('Cours-2548-15-M1-ILSEN-alt-GR1-Index-Education', '2023-10-03 06:00:00', '2023-10-03 17:00:00', 2, 26, 29, 2, 2, 23),
('Cours-2548-18-M1-IA-IL-ALT-Index-Education', '2023-10-24 06:00:00', '2023-10-24 17:00:00', 2, 26, 29, 4, 2, 23),
('Cours-2548-18-M1-ILSEN-alt-GR1-Index-Education', '2023-10-24 06:00:00', '2023-10-24 17:00:00', 2, 26, 29, 2, 2, 23),
('Cours-2548-19-M1-IA-IL-ALT-Index-Education', '2023-10-31 07:00:00', '2023-10-31 18:00:00', 2, 26, 29, 4, 2, 23),
('Cours-2548-19-M1-ILSEN-alt-GR1-Index-Education', '2023-10-31 07:00:00', '2023-10-31 18:00:00', 2, 26, 29, 2, 2, 23),
('Cours-2548-22-M1-IA-IL-ALT-Index-Education', '2023-11-21 07:00:00', '2023-11-21 18:00:00', 2, 26, 29, 4, 2, 23),
('Cours-2548-22-M1-ILSEN-alt-GR1-Index-Education', '2023-11-21 07:00:00', '2023-11-21 18:00:00', 2, 26, 29, 2, 2, 23),
('Cours-2548-23-M1-IA-IL-ALT-Index-Education', '2023-11-28 07:00:00', '2023-11-28 18:00:00', 2, 26, 29, 4, 2, 23),
('Cours-2548-23-M1-ILSEN-alt-GR1-Index-Education', '2023-11-28 07:00:00', '2023-11-28 18:00:00', 2, 26, 29, 2, 2, 23),
('Cours-2548-27-M1-IA-IL-ALT-Index-Education', '2023-12-26 07:00:00', '2023-12-26 18:00:00', 2, 26, 29, 4, 2, 23),
('Cours-2548-27-M1-ILSEN-alt-GR1-Index-Education', '2023-12-26 07:00:00', '2023-12-26 18:00:00', 2, 26, 29, 2, 2, 23),
('Cours-2548-28-M1-IA-IL-ALT-Index-Education', '2024-01-02 07:00:00', '2024-01-02 18:00:00', 2, 26, 29, 4, 2, 23),
('Cours-2548-28-M1-ILSEN-alt-GR1-Index-Education', '2024-01-02 07:00:00', '2024-01-02 18:00:00', 2, 26, 29, 2, 2, 23),
('Cours-2548-30-M1-IA-IL-ALT-Index-Education', '2024-01-16 07:00:00', '2024-01-16 18:00:00', 2, 26, 29, 4, 2, 23),
('Cours-2548-30-M1-ILSEN-alt-GR1-Index-Education', '2024-01-16 07:00:00', '2024-01-16 18:00:00', 2, 26, 29, 2, 2, 23),
('Cours-2548-31-M1-IA-IL-ALT-Index-Education', '2024-01-23 07:00:00', '2024-01-23 18:00:00', 2, 26, 29, 4, 2, 23),
('Cours-2548-31-M1-ILSEN-alt-GR1-Index-Education', '2024-01-23 07:00:00', '2024-01-23 18:00:00', 2, 26, 29, 2, 2, 23),
('Cours-2548-35-M1-IA-IL-ALT-Index-Education', '2024-02-20 07:00:00', '2024-02-20 18:00:00', 2, 26, 29, 4, 2, 23),
('Cours-2548-35-M1-ILSEN-alt-GR1-Index-Education', '2024-02-20 07:00:00', '2024-02-20 18:00:00', 2, 26, 29, 2, 2, 23),
('Cours-2548-36-M1-IA-IL-ALT-Index-Education', '2024-02-27 07:00:00', '2024-02-27 18:00:00', 2, 26, 29, 4, 2, 23),
('Cours-2548-36-M1-ILSEN-alt-GR1-Index-Education', '2024-02-27 07:00:00', '2024-02-27 18:00:00', 2, 26, 29, 2, 2, 23),
('Cours-2548-40-M1-IA-IL-ALT-Index-Education', '2024-03-26 07:00:00', '2024-03-26 18:00:00', 2, 26, 29, 4, 2, 23),
('Cours-2548-40-M1-ILSEN-alt-GR1-Index-Education', '2024-03-26 07:00:00', '2024-03-26 18:00:00', 2, 26, 29, 2, 2, 23),
('Cours-2548-41-M1-IA-IL-ALT-Index-Education', '2024-04-02 06:00:00', '2024-04-02 17:00:00', 2, 26, 29, 4, 2, 23),
('Cours-2548-41-M1-ILSEN-alt-GR1-Index-Education', '2024-04-02 06:00:00', '2024-04-02 17:00:00', 2, 26, 29, 2, 2, 23),
('Cours-2548-44-M1-IA-IL-ALT-Index-Education', '2024-04-23 06:00:00', '2024-04-23 17:00:00', 2, 26, 29, 4, 2, 23),
('Cours-2548-44-M1-ILSEN-alt-GR1-Index-Education', '2024-04-23 06:00:00', '2024-04-23 17:00:00', 2, 26, 29, 2, 2, 23),
('Cours-2548-45-M1-IA-IL-ALT-Index-Education', '2024-04-30 06:00:00', '2024-04-30 17:00:00', 2, 26, 29, 4, 2, 23),
('Cours-2548-45-M1-ILSEN-alt-GR1-Index-Education', '2024-04-30 06:00:00', '2024-04-30 17:00:00', 2, 26, 29, 2, 2, 23),
('Cours-2548-46-M1-IA-IL-ALT-Index-Education', '2024-05-07 06:00:00', '2024-05-07 17:00:00', 2, 26, 29, 4, 2, 23),
('Cours-2548-46-M1-ILSEN-alt-GR1-Index-Education', '2024-05-07 06:00:00', '2024-05-07 17:00:00', 2, 26, 29, 2, 2, 23),
('Cours-2548-48-M1-IA-IL-ALT-Index-Education', '2024-05-21 06:00:00', '2024-05-21 17:00:00', 2, 26, 29, 4, 2, 23),
('Cours-2548-49-M1-IA-IL-ALT-Index-Education', '2024-05-28 06:00:00', '2024-05-28 17:00:00', 2, 26, 29, 4, 2, 23),
('Cours-2548-49-M1-ILSEN-alt-GR1-Index-Education', '2024-05-28 06:00:00', '2024-05-28 17:00:00', 2, 26, 29, 2, 2, 23),
('Cours-2548-50-M1-IA-IL-ALT-Index-Education', '2024-06-04 06:00:00', '2024-06-04 17:00:00', 2, 26, 29, 4, 2, 23),
('Cours-2548-50-M1-ILSEN-alt-GR1-Index-Education', '2024-06-04 06:00:00', '2024-06-04 17:00:00', 2, 26, 29, 2, 2, 23),
('Cours-2548-51-M1-IA-IL-ALT-Index-Education', '2024-06-11 06:00:00', '2024-06-11 17:00:00', 2, 26, 29, 4, 2, 23),
('Cours-2548-51-M1-ILSEN-alt-GR1-Index-Education', '2024-06-11 06:00:00', '2024-06-11 17:00:00', 2, 26, 29, 2, 2, 23),
('Cours-2548-52-M1-IA-IL-ALT-Index-Education', '2024-06-18 06:00:00', '2024-06-18 17:00:00', 2, 26, 29, 4, 2, 23),
('Cours-2548-52-M1-ILSEN-alt-GR1-Index-Education', '2024-06-18 06:00:00', '2024-06-18 17:00:00', 2, 26, 29, 2, 2, 23),
('Cours-2548-53-M1-IA-IL-ALT-Index-Education', '2024-06-25 06:00:00', '2024-06-25 17:00:00', 2, 26, 29, 4, 2, 23),
('Cours-2548-53-M1-ILSEN-alt-GR1-Index-Education', '2024-06-25 06:00:00', '2024-06-25 17:00:00', 2, 26, 29, 2, 2, 23),
('Cours-2548-54-M1-IA-IL-ALT-Index-Education', '2024-07-02 06:00:00', '2024-07-02 17:00:00', 2, 26, 29, 4, 2, 23),
('Cours-2548-54-M1-ILSEN-alt-GR1-Index-Education', '2024-07-02 06:00:00', '2024-07-02 17:00:00', 2, 26, 29, 2, 2, 23),
('Cours-2552-14-M1-IA-IL-ALT-Index-Education', '2023-09-28 06:00:00', '2023-09-28 17:00:00', 2, 26, 29, 4, 2, 23),
('Cours-2552-14-M1-ILSEN-alt-GR1-Index-Education', '2023-09-28 06:00:00', '2023-09-28 17:00:00', 2, 26, 29, 2, 2, 23),
('Cours-2552-15-M1-IA-IL-ALT-Index-Education', '2023-10-05 06:00:00', '2023-10-05 17:00:00', 2, 26, 29, 4, 2, 23),
('Cours-2552-15-M1-ILSEN-alt-GR1-Index-Education', '2023-10-05 06:00:00', '2023-10-05 17:00:00', 2, 26, 29, 2, 2, 23),
('Cours-2552-18-M1-IA-IL-ALT-Index-Education', '2023-10-26 06:00:00', '2023-10-26 17:00:00', 2, 26, 29, 4, 2, 23),
('Cours-2552-18-M1-ILSEN-alt-GR1-Index-Education', '2023-10-26 06:00:00', '2023-10-26 17:00:00', 2, 26, 29, 2, 2, 23),
('Cours-2552-22-M1-IA-IL-ALT-Index-Education', '2023-11-23 07:00:00', '2023-11-23 18:00:00', 2, 26, 29, 4, 2, 23),
('Cours-2552-22-M1-ILSEN-alt-GR1-Index-Education', '2023-11-23 07:00:00', '2023-11-23 18:00:00', 2, 26, 29, 2, 2, 23),
('Cours-2552-23-M1-IA-IL-ALT-Index-Education', '2023-11-30 07:00:00', '2023-11-30 18:00:00', 2, 26, 29, 4, 2, 23),
('Cours-2552-23-M1-ILSEN-alt-GR1-Index-Education', '2023-11-30 07:00:00', '2023-11-30 18:00:00', 2, 26, 29, 2, 2, 23),
('Cours-2552-27-M1-IA-IL-ALT-Index-Education', '2023-12-28 07:00:00', '2023-12-28 18:00:00', 2, 26, 29, 4, 2, 23),
('Cours-2552-27-M1-ILSEN-alt-GR1-Index-Education', '2023-12-28 07:00:00', '2023-12-28 18:00:00', 2, 26, 29, 2, 2, 23),
('Cours-2552-28-M1-IA-IL-ALT-Index-Education', '2024-01-04 07:00:00', '2024-01-04 18:00:00', 2, 26, 29, 4, 2, 23),
('Cours-2552-28-M1-ILSEN-alt-GR1-Index-Education', '2024-01-04 07:00:00', '2024-01-04 18:00:00', 2, 26, 29, 2, 2, 23),
('Cours-2552-30-M1-IA-IL-ALT-Index-Education', '2024-01-18 07:00:00', '2024-01-18 18:00:00', 2, 26, 29, 4, 2, 23),
('Cours-2552-30-M1-ILSEN-alt-GR1-Index-Education', '2024-01-18 07:00:00', '2024-01-18 18:00:00', 2, 26, 29, 2, 2, 23),
('Cours-2552-31-M1-IA-IL-ALT-Index-Education', '2024-01-25 07:00:00', '2024-01-25 18:00:00', 2, 26, 29, 4, 2, 23),
('Cours-2552-31-M1-ILSEN-alt-GR1-Index-Education', '2024-01-25 07:00:00', '2024-01-25 18:00:00', 2, 26, 29, 2, 2, 23),
('Cours-2552-35-M1-IA-IL-ALT-Index-Education', '2024-02-22 07:00:00', '2024-02-22 18:00:00', 2, 26, 29, 4, 2, 23),
('Cours-2552-35-M1-ILSEN-alt-GR1-Index-Education', '2024-02-22 07:00:00', '2024-02-22 18:00:00', 2, 26, 29, 2, 2, 23),
('Cours-2552-36-M1-IA-IL-ALT-Index-Education', '2024-02-29 07:00:00', '2024-02-29 18:00:00', 2, 26, 29, 4, 2, 23),
('Cours-2552-36-M1-ILSEN-alt-GR1-Index-Education', '2024-02-29 07:00:00', '2024-02-29 18:00:00', 2, 26, 29, 2, 2, 23),
('Cours-2552-40-M1-IA-IL-ALT-Index-Education', '2024-03-28 07:00:00', '2024-03-28 18:00:00', 2, 26, 29, 4, 2, 23),
('Cours-2552-40-M1-ILSEN-alt-GR1-Index-Education', '2024-03-28 07:00:00', '2024-03-28 18:00:00', 2, 26, 29, 2, 2, 23),
('Cours-2552-41-M1-IA-IL-ALT-Index-Education', '2024-04-04 06:00:00', '2024-04-04 17:00:00', 2, 26, 29, 4, 2, 23),
('Cours-2552-41-M1-ILSEN-alt-GR1-Index-Education', '2024-04-04 06:00:00', '2024-04-04 17:00:00', 2, 26, 29, 2, 2, 23),
('Cours-2552-44-M1-IA-IL-ALT-Index-Education', '2024-04-25 06:00:00', '2024-04-25 17:00:00', 2, 26, 29, 4, 2, 23),
('Cours-2552-44-M1-ILSEN-alt-GR1-Index-Education', '2024-04-25 06:00:00', '2024-04-25 17:00:00', 2, 26, 29, 2, 2, 23),
('Cours-2552-48-M1-IA-IL-ALT-Index-Education', '2024-05-23 06:00:00', '2024-05-23 17:00:00', 2, 26, 29, 4, 2, 23),
('Cours-2552-49-M1-IA-IL-ALT-Index-Education', '2024-05-30 06:00:00', '2024-05-30 17:00:00', 2, 26, 29, 4, 2, 23),
('Cours-2552-49-M1-ILSEN-alt-GR1-Index-Education', '2024-05-30 06:00:00', '2024-05-30 17:00:00', 2, 26, 29, 2, 2, 23),
('Cours-2552-50-M1-IA-IL-ALT-Index-Education', '2024-06-06 06:00:00', '2024-06-06 17:00:00', 2, 26, 29, 4, 2, 23),
('Cours-2552-50-M1-ILSEN-alt-GR1-Index-Education', '2024-06-06 06:00:00', '2024-06-06 17:00:00', 2, 26, 29, 2, 2, 23),
('Cours-2552-51-M1-IA-IL-ALT-Index-Education', '2024-06-13 06:00:00', '2024-06-13 17:00:00', 2, 26, 29, 4, 2, 23),
('Cours-2552-51-M1-ILSEN-alt-GR1-Index-Education', '2024-06-13 06:00:00', '2024-06-13 17:00:00', 2, 26, 29, 2, 2, 23),
('Cours-2552-52-M1-IA-IL-ALT-Index-Education', '2024-06-20 06:00:00', '2024-06-20 17:00:00', 2, 26, 29, 4, 2, 23),
('Cours-2552-52-M1-ILSEN-alt-GR1-Index-Education', '2024-06-20 06:00:00', '2024-06-20 17:00:00', 2, 26, 29, 2, 2, 23),
('Cours-2552-53-M1-IA-IL-ALT-Index-Education', '2024-06-27 06:00:00', '2024-06-27 17:00:00', 2, 26, 29, 4, 2, 23),
('Cours-2552-53-M1-ILSEN-alt-GR1-Index-Education', '2024-06-27 06:00:00', '2024-06-27 17:00:00', 2, 26, 29, 2, 2, 23),
('Cours-2552-54-M1-IA-IL-ALT-Index-Education', '2024-07-04 06:00:00', '2024-07-04 17:00:00', 2, 26, 29, 4, 2, 23),
('Cours-2552-54-M1-ILSEN-alt-GR1-Index-Education', '2024-07-04 06:00:00', '2024-07-04 17:00:00', 2, 26, 29, 2, 2, 23),
('Cours-2553-14-M1-IA-IL-ALT-Index-Education', '2023-09-29 06:00:00', '2023-09-29 17:00:00', 2, 26, 29, 4, 2, 23),
('Cours-2553-14-M1-ILSEN-alt-GR1-Index-Education', '2023-09-29 06:00:00', '2023-09-29 17:00:00', 2, 26, 29, 2, 2, 23),
('Cours-2553-15-M1-IA-IL-ALT-Index-Education', '2023-10-06 06:00:00', '2023-10-06 17:00:00', 2, 26, 29, 4, 2, 23),
('Cours-2553-15-M1-ILSEN-alt-GR1-Index-Education', '2023-10-06 06:00:00', '2023-10-06 17:00:00', 2, 26, 29, 2, 2, 23),
('Cours-2553-18-M1-IA-IL-ALT-Index-Education', '2023-10-27 06:00:00', '2023-10-27 17:00:00', 2, 26, 29, 4, 2, 23),
('Cours-2553-18-M1-ILSEN-alt-GR1-Index-Education', '2023-10-27 06:00:00', '2023-10-27 17:00:00', 2, 26, 29, 2, 2, 23),
('Cours-2553-22-M1-IA-IL-ALT-Index-Education', '2023-11-24 07:00:00', '2023-11-24 18:00:00', 2, 26, 29, 4, 2, 23),
('Cours-2553-22-M1-ILSEN-alt-GR1-Index-Education', '2023-11-24 07:00:00', '2023-11-24 18:00:00', 2, 26, 29, 2, 2, 23),
('Cours-2553-23-M1-IA-IL-ALT-Index-Education', '2023-12-01 07:00:00', '2023-12-01 18:00:00', 2, 26, 29, 4, 2, 23),
('Cours-2553-23-M1-ILSEN-alt-GR1-Index-Education', '2023-12-01 07:00:00', '2023-12-01 18:00:00', 2, 26, 29, 2, 2, 23),
('Cours-2553-27-M1-IA-IL-ALT-Index-Education', '2023-12-29 07:00:00', '2023-12-29 18:00:00', 2, 26, 29, 4, 2, 23),
('Cours-2553-27-M1-ILSEN-alt-GR1-Index-Education', '2023-12-29 07:00:00', '2023-12-29 18:00:00', 2, 26, 29, 2, 2, 23),
('Cours-2553-28-M1-IA-IL-ALT-Index-Education', '2024-01-05 07:00:00', '2024-01-05 18:00:00', 2, 26, 29, 4, 2, 23),
('Cours-2553-28-M1-ILSEN-alt-GR1-Index-Education', '2024-01-05 07:00:00', '2024-01-05 18:00:00', 2, 26, 29, 2, 2, 23),
('Cours-2553-30-M1-IA-IL-ALT-Index-Education', '2024-01-19 07:00:00', '2024-01-19 18:00:00', 2, 26, 29, 4, 2, 23),
('Cours-2553-30-M1-ILSEN-alt-GR1-Index-Education', '2024-01-19 07:00:00', '2024-01-19 18:00:00', 2, 26, 29, 2, 2, 23),
('Cours-2553-31-M1-IA-IL-ALT-Index-Education', '2024-01-26 07:00:00', '2024-01-26 18:00:00', 2, 26, 29, 4, 2, 23),
('Cours-2553-31-M1-ILSEN-alt-GR1-Index-Education', '2024-01-26 07:00:00', '2024-01-26 18:00:00', 2, 26, 29, 2, 2, 23),
('Cours-2553-35-M1-IA-IL-ALT-Index-Education', '2024-02-23 07:00:00', '2024-02-23 18:00:00', 2, 26, 29, 4, 2, 23),
('Cours-2553-35-M1-ILSEN-alt-GR1-Index-Education', '2024-02-23 07:00:00', '2024-02-23 18:00:00', 2, 26, 29, 2, 2, 23),
('Cours-2553-36-M1-IA-IL-ALT-Index-Education', '2024-03-01 07:00:00', '2024-03-01 18:00:00', 2, 26, 29, 4, 2, 23),
('Cours-2553-36-M1-ILSEN-alt-GR1-Index-Education', '2024-03-01 07:00:00', '2024-03-01 18:00:00', 2, 26, 29, 2, 2, 23),
('Cours-2553-40-M1-IA-IL-ALT-Index-Education', '2024-03-29 07:00:00', '2024-03-29 18:00:00', 2, 26, 29, 4, 2, 23),
('Cours-2553-40-M1-ILSEN-alt-GR1-Index-Education', '2024-03-29 07:00:00', '2024-03-29 18:00:00', 2, 26, 29, 2, 2, 23),
('Cours-2553-41-M1-IA-IL-ALT-Index-Education', '2024-04-05 06:00:00', '2024-04-05 17:00:00', 2, 26, 29, 4, 2, 23),
('Cours-2553-41-M1-ILSEN-alt-GR1-Index-Education', '2024-04-05 06:00:00', '2024-04-05 17:00:00', 2, 26, 29, 2, 2, 23),
('Cours-2553-44-M1-IA-IL-ALT-Index-Education', '2024-04-26 06:00:00', '2024-04-26 17:00:00', 2, 26, 29, 4, 2, 23),
('Cours-2553-44-M1-ILSEN-alt-GR1-Index-Education', '2024-04-26 06:00:00', '2024-04-26 17:00:00', 2, 26, 29, 2, 2, 23),
('Cours-2553-48-M1-IA-IL-ALT-Index-Education', '2024-05-24 06:00:00', '2024-05-24 17:00:00', 2, 26, 29, 4, 2, 23),
('Cours-2553-49-M1-IA-IL-ALT-Index-Education', '2024-05-31 06:00:00', '2024-05-31 17:00:00', 2, 26, 29, 4, 2, 23),
('Cours-2553-49-M1-ILSEN-alt-GR1-Index-Education', '2024-05-31 06:00:00', '2024-05-31 17:00:00', 2, 26, 29, 2, 2, 23),
('Cours-2553-50-M1-IA-IL-ALT-Index-Education', '2024-06-07 06:00:00', '2024-06-07 17:00:00', 2, 26, 29, 4, 2, 23),
('Cours-2553-50-M1-ILSEN-alt-GR1-Index-Education', '2024-06-07 06:00:00', '2024-06-07 17:00:00', 2, 26, 29, 2, 2, 23),
('Cours-2553-51-M1-IA-IL-ALT-Index-Education', '2024-06-14 06:00:00', '2024-06-14 17:00:00', 2, 26, 29, 4, 2, 23),
('Cours-2553-51-M1-ILSEN-alt-GR1-Index-Education', '2024-06-14 06:00:00', '2024-06-14 17:00:00', 2, 26, 29, 2, 2, 23),
('Cours-2553-52-M1-IA-IL-ALT-Index-Education', '2024-06-21 06:00:00', '2024-06-21 17:00:00', 2, 26, 29, 4, 2, 23),
('Cours-2553-52-M1-ILSEN-alt-GR1-Index-Education', '2024-06-21 06:00:00', '2024-06-21 17:00:00', 2, 26, 29, 2, 2, 23),
('Cours-2553-53-M1-IA-IL-ALT-Index-Education', '2024-06-28 06:00:00', '2024-06-28 17:00:00', 2, 26, 29, 4, 2, 23),
('Cours-2553-53-M1-ILSEN-alt-GR1-Index-Education', '2024-06-28 06:00:00', '2024-06-28 17:00:00', 2, 26, 29, 2, 2, 23),
('Cours-2553-54-M1-IA-IL-ALT-Index-Education', '2024-07-05 06:00:00', '2024-07-05 17:00:00', 2, 26, 29, 4, 2, 23),
('Cours-2553-54-M1-ILSEN-alt-GR1-Index-Education', '2024-07-05 06:00:00', '2024-07-05 17:00:00', 2, 26, 29, 2, 2, 23),
('Cours-2572-41-M1-IA-IL-ALT-Index-Education', '2024-04-01 06:00:00', '2024-04-01 17:00:00', 2, 26, 29, 4, 2, 23),
('Cours-2579-14-M1-IA-IL-ALT-Index-Education', '2023-09-27 06:00:00', '2023-09-27 17:00:00', 2, 26, 29, 4, 2, 23),
('Cours-2579-14-M1-ILSEN-alt-GR1-Index-Education', '2023-09-27 06:00:00', '2023-09-27 17:00:00', 2, 26, 29, 2, 2, 23),
('Cours-2579-15-M1-IA-IL-ALT-Index-Education', '2023-10-04 06:00:00', '2023-10-04 17:00:00', 2, 26, 29, 4, 2, 23),
('Cours-2579-15-M1-ILSEN-alt-GR1-Index-Education', '2023-10-04 06:00:00', '2023-10-04 17:00:00', 2, 26, 29, 2, 2, 23),
('Cours-2579-18-M1-IA-IL-ALT-Index-Education', '2023-10-25 06:00:00', '2023-10-25 17:00:00', 2, 26, 29, 4, 2, 23),
('Cours-2579-18-M1-ILSEN-alt-GR1-Index-Education', '2023-10-25 06:00:00', '2023-10-25 17:00:00', 2, 26, 29, 2, 2, 23),
('Cours-2579-19-M1-IA-IL-ALT-Index-Education', '2023-11-01 07:00:00', '2023-11-01 18:00:00', 2, 26, 29, 4, 2, 23),
('Cours-2579-19-M1-ILSEN-alt-GR1-Index-Education', '2023-11-01 07:00:00', '2023-11-01 18:00:00', 2, 26, 29, 2, 2, 23),
('Cours-2579-22-M1-IA-IL-ALT-Index-Education', '2023-11-22 07:00:00', '2023-11-22 18:00:00', 2, 26, 29, 4, 2, 23),
('Cours-2579-22-M1-ILSEN-alt-GR1-Index-Education', '2023-11-22 07:00:00', '2023-11-22 18:00:00', 2, 26, 29, 2, 2, 23),
('Cours-2579-23-M1-IA-IL-ALT-Index-Education', '2023-11-29 07:00:00', '2023-11-29 18:00:00', 2, 26, 29, 4, 2, 23),
('Cours-2579-23-M1-ILSEN-alt-GR1-Index-Education', '2023-11-29 07:00:00', '2023-11-29 18:00:00', 2, 26, 29, 2, 2, 23),
('Cours-2579-27-M1-IA-IL-ALT-Index-Education', '2023-12-27 07:00:00', '2023-12-27 18:00:00', 2, 26, 29, 4, 2, 23),
('Cours-2579-27-M1-ILSEN-alt-GR1-Index-Education', '2023-12-27 07:00:00', '2023-12-27 18:00:00', 2, 26, 29, 2, 2, 23),
('Cours-2579-28-M1-IA-IL-ALT-Index-Education', '2024-01-03 07:00:00', '2024-01-03 18:00:00', 2, 26, 29, 4, 2, 23),
('Cours-2579-28-M1-ILSEN-alt-GR1-Index-Education', '2024-01-03 07:00:00', '2024-01-03 18:00:00', 2, 26, 29, 2, 2, 23),
('Cours-2579-30-M1-IA-IL-ALT-Index-Education', '2024-01-17 07:00:00', '2024-01-17 18:00:00', 2, 26, 29, 4, 2, 23),
('Cours-2579-30-M1-ILSEN-alt-GR1-Index-Education', '2024-01-17 07:00:00', '2024-01-17 18:00:00', 2, 26, 29, 2, 2, 23),
('Cours-2579-31-M1-IA-IL-ALT-Index-Education', '2024-01-24 07:00:00', '2024-01-24 18:00:00', 2, 26, 29, 4, 2, 23),
('Cours-2579-31-M1-ILSEN-alt-GR1-Index-Education', '2024-01-24 07:00:00', '2024-01-24 18:00:00', 2, 26, 29, 2, 2, 23),
('Cours-2579-35-M1-IA-IL-ALT-Index-Education', '2024-02-21 07:00:00', '2024-02-21 18:00:00', 2, 26, 29, 4, 2, 23),
('Cours-2579-35-M1-ILSEN-alt-GR1-Index-Education', '2024-02-21 07:00:00', '2024-02-21 18:00:00', 2, 26, 29, 2, 2, 23),
('Cours-2579-36-M1-IA-IL-ALT-Index-Education', '2024-02-28 07:00:00', '2024-02-28 18:00:00', 2, 26, 29, 4, 2, 23),
('Cours-2579-36-M1-ILSEN-alt-GR1-Index-Education', '2024-02-28 07:00:00', '2024-02-28 18:00:00', 2, 26, 29, 2, 2, 23),
('Cours-2579-40-M1-IA-IL-ALT-Index-Education', '2024-03-27 07:00:00', '2024-03-27 18:00:00', 2, 26, 29, 4, 2, 23),
('Cours-2579-40-M1-ILSEN-alt-GR1-Index-Education', '2024-03-27 07:00:00', '2024-03-27 18:00:00', 2, 26, 29, 2, 2, 23),
('Cours-2579-41-M1-IA-IL-ALT-Index-Education', '2024-04-03 06:00:00', '2024-04-03 17:00:00', 2, 26, 29, 4, 2, 23),
('Cours-2579-41-M1-ILSEN-alt-GR1-Index-Education', '2024-04-03 06:00:00', '2024-04-03 17:00:00', 2, 26, 29, 2, 2, 23),
('Cours-2579-44-M1-IA-IL-ALT-Index-Education', '2024-04-24 06:00:00', '2024-04-24 17:00:00', 2, 26, 29, 4, 2, 23),
('Cours-2579-44-M1-ILSEN-alt-GR1-Index-Education', '2024-04-24 06:00:00', '2024-04-24 17:00:00', 2, 26, 29, 2, 2, 23),
('Cours-2579-48-M1-IA-IL-ALT-Index-Education', '2024-05-22 06:00:00', '2024-05-22 17:00:00', 2, 26, 29, 4, 2, 23),
('Cours-2579-49-M1-IA-IL-ALT-Index-Education', '2024-05-29 06:00:00', '2024-05-29 17:00:00', 2, 26, 29, 4, 2, 23),
('Cours-2579-49-M1-ILSEN-alt-GR1-Index-Education', '2024-05-29 06:00:00', '2024-05-29 17:00:00', 2, 26, 29, 2, 2, 23),
('Cours-2579-50-M1-IA-IL-ALT-Index-Education', '2024-06-05 06:00:00', '2024-06-05 17:00:00', 2, 26, 29, 4, 2, 23),
('Cours-2579-50-M1-ILSEN-alt-GR1-Index-Education', '2024-06-05 06:00:00', '2024-06-05 17:00:00', 2, 26, 29, 2, 2, 23),
('Cours-2579-51-M1-IA-IL-ALT-Index-Education', '2024-06-12 06:00:00', '2024-06-12 17:00:00', 2, 26, 29, 4, 2, 23),
('Cours-2579-51-M1-ILSEN-alt-GR1-Index-Education', '2024-06-12 06:00:00', '2024-06-12 17:00:00', 2, 26, 29, 2, 2, 23),
('Cours-2579-52-M1-IA-IL-ALT-Index-Education', '2024-06-19 06:00:00', '2024-06-19 17:00:00', 2, 26, 29, 4, 2, 23),
('Cours-2579-52-M1-ILSEN-alt-GR1-Index-Education', '2024-06-19 06:00:00', '2024-06-19 17:00:00', 2, 26, 29, 2, 2, 23),
('Cours-2579-53-M1-IA-IL-ALT-Index-Education', '2024-06-26 06:00:00', '2024-06-26 17:00:00', 2, 26, 29, 4, 2, 23),
('Cours-2579-53-M1-ILSEN-alt-GR1-Index-Education', '2024-06-26 06:00:00', '2024-06-26 17:00:00', 2, 26, 29, 2, 2, 23),
('Cours-2579-54-M1-IA-IL-ALT-Index-Education', '2024-07-03 06:00:00', '2024-07-03 17:00:00', 2, 26, 29, 4, 2, 23),
('Cours-2579-54-M1-ILSEN-alt-GR1-Index-Education', '2024-07-03 06:00:00', '2024-07-03 17:00:00', 2, 26, 29, 2, 2, 23),
('Cours-2580-48-M1-IA-IL-ALT-Index-Education', '2024-05-20 06:00:00', '2024-05-20 17:00:00', 2, 26, 29, 4, 2, 23),
('Cours-2643-12-M1-IA-IL-ALT-Index-Education', '2023-09-11 08:00:00', '2023-09-11 09:30:00', 25, 30, 2, 4, 2, 26),
('Cours-2643-12-M1-IA-IL-CLA-Index-Education', '2023-09-11 08:00:00', '2023-09-11 09:30:00', 25, 30, 2, 3, 2, 26),
('Cours-2643-12-M1-ILSEN-alt-GR1-Index-Education', '2023-09-11 08:00:00', '2023-09-11 09:30:00', 25, 30, 2, 2, 2, 26),
('Cours-2644-12-M1-IA-IL-ALT-Index-Education', '2023-09-11 07:00:00', '2023-09-11 08:00:00', 2, 2, 2, 4, 2, 2),
('Cours-2644-12-M1-ILSEN-cla-Gr1-Index-Education', '2023-09-11 07:00:00', '2023-09-11 08:00:00', 2, 2, 2, 1, 2, 2),
('Cours-2652-16-M1-IA-IL-ALT-Index-Education', '2023-10-10 14:00:00', '2023-10-10 17:00:00', 2, 31, 3, 4, 2, 27),
('Cours-2652-16-M1-IA-IL-CLA-Index-Education', '2023-10-10 14:00:00', '2023-10-10 17:00:00', 2, 31, 3, 3, 2, 27),
('Cours-2652-16-M1-ILSEN-alt-GR1-Index-Education', '2023-10-10 14:00:00', '2023-10-10 17:00:00', 2, 31, 3, 2, 2, 27),
('Cours-2653-17-M1-IA-IL-ALT-Index-Education', '2023-10-20 15:30:00', '2023-10-20 18:00:00', 2, 32, 3, 4, 2, 28),
('Cours-2653-17-M1-IA-IL-CLA-Index-Education', '2023-10-20 15:30:00', '2023-10-20 18:00:00', 2, 32, 3, 3, 2, 28),
('Cours-2653-17-M1-ILSEN-alt-GR1-Index-Education', '2023-10-20 15:30:00', '2023-10-20 18:00:00', 2, 32, 3, 2, 2, 28),
('Cours-2658-29-M1-IA-IL-ALT-Index-Education', '2024-01-11 07:00:00', '2024-01-11 16:30:00', 2, 33, 30, 4, 2, 29),
('Cours-2658-29-M1-IA-IL-CLA-Index-Education', '2024-01-11 07:00:00', '2024-01-11 16:30:00', 2, 33, 30, 3, 2, 29),
('Cours-2658-29-M1-ILSEN-alt-GR1-Index-Education', '2024-01-11 07:00:00', '2024-01-11 16:30:00', 2, 33, 30, 2, 2, 29),
('Cours-29623-17-M1-ILSEN-cla-Gr1-Index-Education', '2023-10-18 08:00:00', '2023-10-18 09:30:00', 5, 7, 7, 1, 4, 3),
('Cours-29623-20-M1-ILSEN-cla-Gr1-Index-Education', '2023-11-08 09:00:00', '2023-11-08 10:30:00', 5, 7, 7, 1, 4, 3),
('Cours-29625-13-M1-IA-IL-ALT-Index-Education', '2023-09-22 06:30:00', '2023-09-22 09:30:00', 10, 13, 27, 4, 4, 3),
('Cours-29631-13-M1-IA-IL-ALT-Index-Education', '2023-09-18 11:00:00', '2023-09-18 14:00:00', 6, 3, 2, 4, 3, 3),
('Cours-29631-13-M1-IA-IL-CLA-Index-Education', '2023-09-18 11:00:00', '2023-09-18 14:00:00', 6, 3, 2, 3, 3, 3),
('Cours-29631-13-M1-ILSEN-cla-Gr1-Index-Education', '2023-09-18 11:00:00', '2023-09-18 14:00:00', 6, 3, 2, 1, 3, 3),
('Cours-29643-13-M1-ILSEN-cla-Gr1-Index-Education', '2023-09-18 14:00:00', '2023-09-18 17:00:00', 3, 3, 2, 1, 3, 3),
('Cours-29646-16-M1-ILSEN-cla-Gr1-Index-Education', '2023-10-12 11:00:00', '2023-10-12 14:00:00', 10, 12, 22, 1, 4, 3),
('Cours-29679-21-M1-IA-IL-ALT-Index-Education', '2023-11-16 16:30:00', '2023-11-16 18:00:00', 27, 39, 9, 4, 6, 3),
('Cours-29679-21-M1-IA-IL-CLA-Index-Education', '2023-11-16 16:30:00', '2023-11-16 18:00:00', 27, 39, 9, 3, 6, 3),
('Cours-29703-25-M1-IA-IL-ALT-Index-Education', '2023-12-13 15:00:00', '2023-12-13 18:00:00', 6, 3, 3, 4, 3, 3),
('Cours-29703-25-M1-IA-IL-CLA-Index-Education', '2023-12-13 15:00:00', '2023-12-13 18:00:00', 6, 3, 3, 3, 3, 3),
('Cours-29703-25-M1-ILSEN-cla-Gr1-Index-Education', '2023-12-13 15:00:00', '2023-12-13 18:00:00', 6, 3, 3, 1, 3, 3),
('Cours-29706-26-M1-IA-IL-ALT-Index-Education', '2023-12-21 10:30:00', '2023-12-21 12:00:00', 6, 3, 3, 4, 5, 3),
('Cours-29706-26-M1-IA-IL-CLA-Index-Education', '2023-12-21 10:30:00', '2023-12-21 12:00:00', 6, 3, 3, 3, 5, 3),
('Cours-29706-26-M1-ILSEN-cla-Gr1-Index-Education', '2023-12-21 10:30:00', '2023-12-21 12:00:00', 6, 3, 3, 1, 5, 3),
('Cours-29750-25-M1-IA-IL-ALT-Index-Education', '2023-12-12 15:00:00', '2023-12-12 16:30:00', 26, 16, 18, 4, 5, 3),
('Cours-29750-25-M1-IA-IL-CLA-Index-Education', '2023-12-12 15:00:00', '2023-12-12 16:30:00', 26, 16, 18, 3, 5, 3),
('Cours-30340-25-M1-ILSEN-cla-Gr1-Index-Education', '2023-12-14 12:00:00', '2023-12-14 15:00:00', 3, 4, 4, 1, 4, 3),
('Cours-30509-13-M1-ILSEN-alt-GR1-Index-Education', '2023-09-19 14:00:00', '2023-09-19 15:30:00', 4, 6, 18, 2, 4, 3),
('Cours-30940-20-M1-ILSEN-cla-Gr1-Index-Education', '2023-11-06 13:30:00', '2023-11-06 15:00:00', 3, 3, 3, 1, 3, 3),
('Cours-30946-12-M1-ILSEN-alt-GR1-Index-Education', '2023-09-11 11:30:00', '2023-09-11 16:30:00', 2, 34, 31, 2, 2, 30),
('Cours-31014-12-M1-IA-IL-ALT-Index-Education', '2023-09-12 11:00:00', '2023-09-12 12:30:00', 10, 13, 3, 4, 3, 3),
('Cours-31014-12-M1-IA-IL-CLA-Index-Education', '2023-09-12 11:00:00', '2023-09-12 12:30:00', 10, 13, 3, 3, 3, 3),
('Cours-31014-12-M1-ILSEN-alt-GR1-Index-Education', '2023-09-12 11:00:00', '2023-09-12 12:30:00', 10, 13, 3, 2, 3, 3),
('Cours-31014-12-M1-ILSEN-cla-Gr1-Index-Education', '2023-09-12 11:00:00', '2023-09-12 12:30:00', 10, 13, 3, 1, 3, 3),
('Cours-31017-20-M1-IA-IL-CLA-Index-Education', '2023-11-09 10:30:00', '2023-11-09 12:00:00', 5, 7, 7, 3, 4, 3),
('Cours-31018-25-M1-IA-IL-ALT-Index-Education', '2023-12-13 13:30:00', '2023-12-13 15:00:00', 5, 7, 7, 4, 4, 3),
('Cours-31045-13-M1-IA-IL-ALT-Index-Education', '2023-09-21 06:30:00', '2023-09-21 08:00:00', 5, 7, 7, 4, 4, 3),
('Cours-31045-20-M1-IA-IL-ALT-Index-Education', '2023-11-09 07:30:00', '2023-11-09 09:00:00', 5, 7, 7, 4, 4, 3),
('Cours-31045-21-M1-IA-IL-ALT-Index-Education', '2023-11-16 07:30:00', '2023-11-16 09:00:00', 5, 7, 7, 4, 4, 3),
('Cours-31194-15-M1-IA-IL-CLA-Index-Education', '2023-10-05 08:00:00', '2023-10-05 11:00:00', 9, 4, 18, 3, 4, 3),
('Cours-31195-15-M1-IA-IL-CLA-Index-Education', '2023-10-05 12:30:00', '2023-10-05 15:30:00', 9, 4, 27, 3, 4, 3),
('Cours-31202-16-M1-IA-IL-ALT-Index-Education', '2023-10-11 06:30:00', '2023-10-11 09:30:00', 9, 4, 2, 4, 3, 3),
('Cours-31202-16-M1-IA-IL-CLA-Index-Education', '2023-10-11 06:30:00', '2023-10-11 09:30:00', 9, 4, 2, 3, 3, 3),
('Cours-31202-16-M1-ILSEN-cla-Gr1-Index-Education', '2023-10-11 06:30:00', '2023-10-11 09:30:00', 9, 4, 2, 1, 3, 3),
('Cours-31203-16-M1-IA-IL-ALT-Index-Education', '2023-10-11 14:00:00', '2023-10-11 17:00:00', 7, 10, 8, 4, 6, 3),
('Cours-31205-24-M1-IA-IL-ALT-Index-Education', '2023-12-07 13:30:00', '2023-12-07 16:30:00', 7, 10, 9, 4, 6, 3),
('Cours-31217-16-M1-IA-IL-ALT-Index-Education', '2023-10-12 14:00:00', '2023-10-12 17:00:00', 9, 4, 22, 4, 4, 3),
('Cours-31232-16-M1-IA-IL-ALT-Index-Education', '2023-10-11 11:00:00', '2023-10-11 14:00:00', 9, 4, 18, 4, 4, 3),
('Cours-31239-26-M1-ILSEN-cla-Gr1-Index-Education', '2023-12-20 12:00:00', '2023-12-20 15:00:00', 3, 4, 4, 1, 4, 3),
('Cours-31240-13-M1-ILSEN-cla-Gr1-Index-Education', '2023-09-21 14:00:00', '2023-09-21 17:00:00', 9, 4, 12, 1, 4, 3),
('Cours-31263-24-M1-ILSEN-cla-Gr1-Index-Education', '2023-12-08 12:00:00', '2023-12-08 13:30:00', 5, 7, 7, 1, 4, 3),
('Cours-31263-25-M1-ILSEN-cla-Gr1-Index-Education', '2023-12-15 12:00:00', '2023-12-15 13:30:00', 5, 7, 7, 1, 4, 3),
('Cours-31632-24-M1-ILSEN-cla-Gr1-Index-Education', '2023-12-06 15:00:00', '2023-12-06 18:00:00', 3, 4, 4, 1, 4, 3),
('Cours-31662-21-M1-IA-IL-ALT-Index-Education', '2023-11-15 07:30:00', '2023-11-15 09:00:00', 29, 13, 8, 4, 3, 3),
('Cours-31662-21-M1-IA-IL-CLA-Index-Education', '2023-11-15 07:30:00', '2023-11-15 09:00:00', 29, 13, 8, 3, 3, 3),
('Cours-31796-17-M1-IA-IL-ALT-Index-Education', '2023-10-20 12:30:00', '2023-10-20 14:00:00', 27, 39, 9, 4, 6, 3),
('Cours-31796-17-M1-IA-IL-CLA-Index-Education', '2023-10-20 12:30:00', '2023-10-20 14:00:00', 27, 39, 9, 3, 6, 3),
('Cours-31806-24-M1-IA-IL-ALT-Index-Education', '2023-12-07 16:30:00', '2023-12-07 18:00:00', 9, 4, 2, 4, 5, 3),
('Cours-31806-24-M1-IA-IL-CLA-Index-Education', '2023-12-07 16:30:00', '2023-12-07 18:00:00', 9, 4, 2, 3, 5, 3),
('Cours-31806-24-M1-ILSEN-cla-Gr1-Index-Education', '2023-12-07 16:30:00', '2023-12-07 18:00:00', 9, 4, 2, 1, 5, 3),
('Cours-31918-25-M1-ILSEN-cla-Gr1-Index-Education', '2023-12-14 15:00:00', '2023-12-14 18:00:00', 3, 4, 4, 1, 4, 3),
('Cours-32022-21-M1-IA-IL-ALT-Index-Education', '2023-11-15 13:30:00', '2023-11-15 15:00:00', 27, 39, 11, 4, 6, 3),
('Cours-32022-21-M1-IA-IL-CLA-Index-Education', '2023-11-15 13:30:00', '2023-11-15 15:00:00', 27, 39, 11, 3, 6, 3),
('Cours-32068-24-M1-ILSEN-cla-Gr1-Index-Education', '2023-12-06 09:00:00', '2023-12-06 12:00:00', 3, 4, 23, 1, 4, 3),
('Cours-32690-16-M1-IA-IL-CLA-Index-Education', '2023-10-12 11:00:00', '2023-10-12 14:00:00', 9, 4, 5, 3, 4, 3),
('Cours-33401-24-M1-IA-IL-ALT-Index-Education', '2023-12-08 07:30:00', '2023-12-08 09:00:00', 28, 40, 8, 4, 3, 3),
('Cours-33401-24-M1-IA-IL-CLA-Index-Education', '2023-12-08 07:30:00', '2023-12-08 09:00:00', 28, 40, 8, 3, 3, 3),
('Cours-33406-21-M1-IA-IL-ALT-Index-Education', '2023-11-17 09:00:00', '2023-11-17 12:00:00', 28, 40, 2, 4, 3, 3),
('Cours-33406-21-M1-IA-IL-CLA-Index-Education', '2023-11-17 09:00:00', '2023-11-17 12:00:00', 28, 40, 2, 3, 3, 3),
('Cours-33407-24-M1-IA-IL-ALT-Index-Education', '2023-12-07 07:30:00', '2023-12-07 09:00:00', 28, 40, 2, 4, 3, 3),
('Cours-33407-24-M1-IA-IL-CLA-Index-Education', '2023-12-07 07:30:00', '2023-12-07 09:00:00', 28, 40, 2, 3, 3, 3),
('Cours-33408-26-M1-IA-IL-ALT-Index-Education', '2023-12-22 07:30:00', '2023-12-22 10:30:00', 28, 40, 13, 4, 3, 3),
('Cours-33408-26-M1-IA-IL-CLA-Index-Education', '2023-12-22 07:30:00', '2023-12-22 10:30:00', 28, 40, 13, 3, 3, 3),
('Cours-33411-20-M1-IA-IL-ALT-Index-Education', '2023-11-10 12:00:00', '2023-11-10 15:00:00', 28, 40, 2, 4, 3, 3),
('Cours-33411-20-M1-IA-IL-CLA-Index-Education', '2023-11-10 12:00:00', '2023-11-10 15:00:00', 28, 40, 2, 3, 3, 3),
('Cours-33440-26-M1-IA-IL-CLA-Index-Education', '2023-12-21 13:30:00', '2023-12-21 15:00:00', 14, 15, 11, 3, 5, 8),
('Cours-33440-26-M1-ILSEN-cla-Gr1-Index-Education', '2023-12-21 13:30:00', '2023-12-21 15:00:00', 14, 15, 11, 1, 5, 8),
('Cours-33494-26-M1-IA-IL-CLA-Index-Education', '2023-12-22 15:00:00', '2023-12-22 18:00:00', 14, 15, 2, 3, 6, 8),
('Cours-33494-26-M1-ILSEN-cla-Gr1-Index-Education', '2023-12-22 15:00:00', '2023-12-22 18:00:00', 14, 15, 2, 1, 6, 8),
('Cours-33514-22-M1-IA-IL-CLA-Index-Education', '2023-11-24 09:00:00', '2023-11-24 12:00:00', 12, 13, 24, 3, 4, 3),
('Cours-33514-22-M1-ILSEN-cla-Gr1-Index-Education', '2023-11-24 09:00:00', '2023-11-24 12:00:00', 12, 13, 24, 1, 4, 3),
('Cours-33514-23-M1-IA-IL-CLA-Index-Education', '2023-12-01 09:00:00', '2023-12-01 12:00:00', 12, 13, 20, 3, 4, 3),
('Cours-33514-23-M1-ILSEN-cla-Gr1-Index-Education', '2023-12-01 09:00:00', '2023-12-01 12:00:00', 12, 13, 20, 1, 4, 3),
('Cours-33514-24-M1-IA-IL-CLA-Index-Education', '2023-12-08 09:00:00', '2023-12-08 12:00:00', 12, 13, 20, 3, 4, 3),
('Cours-33514-24-M1-ILSEN-cla-Gr1-Index-Education', '2023-12-08 09:00:00', '2023-12-08 12:00:00', 12, 13, 20, 1, 4, 3),
('Cours-35391-17-M1-IA-IL-ALT-Index-Education', '2023-10-17 14:00:00', '2023-10-17 17:00:00', 6, 8, 3, 4, 3, 3),
('Cours-35391-17-M1-IA-IL-CLA-Index-Education', '2023-10-17 14:00:00', '2023-10-17 17:00:00', 6, 8, 3, 3, 3, 3),
('Cours-35391-17-M1-ILSEN-cla-Gr1-Index-Education', '2023-10-17 14:00:00', '2023-10-17 17:00:00', 6, 8, 3, 1, 3, 3),
('Cours-35437-20-M1-ILSEN-cla-Gr1-Index-Education', '2023-11-07 15:00:00', '2023-11-07 18:00:00', 8, 8, 13, 1, 4, 3),
('Cours-35447-12-M1-ILSEN-alt-GR1-Index-Education', '2023-09-15 12:30:00', '2023-09-15 15:30:00', 10, 12, 12, 2, 4, 3),
('Cours-35448-17-M1-ILSEN-cla-Gr1-Index-Education', '2023-10-20 06:30:00', '2023-10-20 09:30:00', 11, 11, 22, 1, 4, 3),
('Cours-36415-17-M1-IA-IL-ALT-Index-Education', '2023-10-20 14:00:00', '2023-10-20 15:30:00', 29, 13, 7, 4, 3, 3),
('Cours-36415-17-M1-IA-IL-CLA-Index-Education', '2023-10-20 14:00:00', '2023-10-20 15:30:00', 29, 13, 7, 3, 3, 3),
('Cours-37212-13-M1-IA-IL-ALT-Index-Education', '2023-09-19 12:30:00', '2023-09-19 14:00:00', 10, 13, 3, 4, 3, 3),
('Cours-37212-13-M1-IA-IL-CLA-Index-Education', '2023-09-19 12:30:00', '2023-09-19 14:00:00', 10, 13, 3, 3, 3, 3),
('Cours-37212-13-M1-ILSEN-cla-Gr1-Index-Education', '2023-09-19 12:30:00', '2023-09-19 14:00:00', 10, 13, 3, 1, 3, 3),
('Cours-37266-12-M1-IA-IL-ALT-Index-Education', '2023-09-11 14:00:00', '2023-09-11 17:00:00', 2, 39, 10, 4, 2, 30),
('Cours-37266-12-M1-IA-IL-CLA-Index-Education', '2023-09-11 14:00:00', '2023-09-11 17:00:00', 2, 39, 10, 3, 2, 30),
('Cours-37512-21-M1-ILSEN-cla-Gr1-Index-Education', '2023-11-15 07:30:00', '2023-11-15 10:30:00', 8, 8, 22, 1, 4, 3),
('Cours-37739-21-M1-IA-IL-ALT-Index-Education', '2023-11-17 15:00:00', '2023-11-17 16:30:00', 2, 2, 2, 4, 2, 24),
('Cours-37739-21-M1-ILSEN-alt-GR1-Index-Education', '2023-11-17 15:00:00', '2023-11-17 16:30:00', 2, 2, 2, 2, 2, 24),
('Cours-37759-26-M1-ILSEN-cla-Gr1-Index-Education', '2023-12-22 13:30:00', '2023-12-22 15:00:00', 5, 7, 7, 1, 4, 3),
('Cours-37892-21-M1-ILSEN-cla-Gr1-Index-Education', '2023-11-16 13:30:00', '2023-11-16 15:00:00', 5, 7, 7, 1, 4, 3),
('Cours-37893-12-M1-IA-IL-ALT-Index-Education', '2023-09-12 14:00:00', '2023-09-12 15:30:00', 5, 7, 7, 4, 4, 3),
('Cours-37898-16-M1-IA-IL-ALT-Index-Education', '2023-10-13 14:00:00', '2023-10-13 15:30:00', 5, 7, 7, 4, 4, 3),
('Cours-37899-12-M1-IA-IL-ALT-Index-Education', '2023-09-13 06:30:00', '2023-09-13 08:00:00', 5, 7, 7, 4, 4, 3),
('Cours-37906-24-M1-IA-IL-CLA-Index-Education', '2023-12-06 15:00:00', '2023-12-06 16:30:00', 5, 7, 7, 3, 4, 3),
('Cours-38377-12-M1-IA-IL-ALT-Index-Education', '2023-09-13 12:30:00', '2023-09-13 14:00:00', 10, 13, 2, 4, 3, 3),
('Cours-38377-12-M1-IA-IL-CLA-Index-Education', '2023-09-13 12:30:00', '2023-09-13 14:00:00', 10, 13, 2, 3, 3, 3),
('Cours-38377-12-M1-ILSEN-alt-GR1-Index-Education', '2023-09-13 12:30:00', '2023-09-13 14:00:00', 10, 13, 2, 2, 3, 3),
('Cours-38377-12-M1-ILSEN-cla-Gr1-Index-Education', '2023-09-13 12:30:00', '2023-09-13 14:00:00', 10, 13, 2, 1, 3, 3),
('Cours-39403-20-M1-ILSEN-cla-Gr1-Index-Education', '2023-11-09 09:00:00', '2023-11-09 12:00:00', 3, 3, 2, 1, 3, 3),
('Cours-39641-16-M1-IA-IL-ALT-Index-Education', '2023-10-10 06:30:00', '2023-10-10 08:00:00', 26, 16, 11, 4, 3, 3),
('Cours-39641-16-M1-IA-IL-CLA-Index-Education', '2023-10-10 06:30:00', '2023-10-10 08:00:00', 26, 16, 11, 3, 3, 3),
('Cours-39642-17-M1-IA-IL-ALT-Index-Education', '2023-10-20 06:30:00', '2023-10-20 08:00:00', 26, 16, 11, 4, 3, 3),
('Cours-39642-17-M1-IA-IL-CLA-Index-Education', '2023-10-20 06:30:00', '2023-10-20 08:00:00', 26, 16, 11, 3, 3, 3),
('Cours-40436-47-M1-IA-IL-ALT-Index-Education', '2024-05-14 06:00:00', '2024-05-14 18:00:00', 2, 35, 32, 4, 2, 31),
('Cours-40436-47-M1-IA-IL-CLA-Index-Education', '2024-05-14 06:00:00', '2024-05-14 18:00:00', 2, 35, 32, 3, 2, 31),
('Cours-40436-47-M1-ILSEN-alt-GR1-Index-Education', '2024-05-14 06:00:00', '2024-05-14 18:00:00', 2, 35, 32, 2, 2, 31),
('Cours-40483-25-M1-ILSEN-cla-Gr1-Index-Education', '2023-12-13 07:30:00', '2023-12-13 10:30:00', 3, 4, 4, 1, 4, 3),
('Cours-40486-24-M1-ILSEN-cla-Gr1-Index-Education', '2023-12-04 13:30:00', '2023-12-04 16:30:00', 11, 11, 5, 1, 4, 3),
('Cours-40486-25-M1-ILSEN-cla-Gr1-Index-Education', '2023-12-11 13:30:00', '2023-12-11 16:30:00', 11, 11, 5, 1, 4, 3),
('Cours-40488-29-M1-IA-IL-CLA-Index-Education', '2024-01-12 12:00:00', '2024-01-12 15:00:00', 12, 13, 20, 3, 4, 3),
('Cours-40488-29-M1-ILSEN-cla-Gr1-Index-Education', '2024-01-12 12:00:00', '2024-01-12 15:00:00', 12, 13, 20, 1, 4, 3),
('Cours-40496-22-M1-IA-IL-CLA-Index-Education', '2023-11-21 09:00:00', '2023-11-21 12:00:00', 12, 13, 19, 3, 4, 3),
('Cours-40496-22-M1-ILSEN-cla-Gr1-Index-Education', '2023-11-21 09:00:00', '2023-11-21 12:00:00', 12, 13, 19, 1, 4, 3),
('Cours-40501-16-M1-ILSEN-cla-Gr1-Index-Education', '2023-10-11 14:00:00', '2023-10-11 17:00:00', 9, 4, 13, 1, 4, 3),
('Cours-40506-14-M1-ILSEN-cla-Gr1-Index-Education', '2023-09-27 06:30:00', '2023-09-27 09:30:00', 11, 11, 18, 1, 4, 3),
('Cours-40509-20-M1-ILSEN-cla-Gr1-Index-Education', '2023-11-10 15:00:00', '2023-11-10 18:00:00', 11, 11, 13, 1, 4, 3),
('Cours-40519-21-M1-ILSEN-cla-Gr1-Index-Education', '2023-11-17 09:00:00', '2023-11-17 12:00:00', 11, 11, 13, 1, 4, 3),
('Cours-41766-14-M1-ILSEN-cla-Gr1-Index-Education', '2023-09-27 11:00:00', '2023-09-27 12:30:00', 5, 7, 7, 1, 4, 3),
('Cours-42494-26-M1-IA-IL-ALT-Index-Education', '2023-12-20 13:30:00', '2023-12-20 15:00:00', 5, 7, 7, 4, 4, 3),
('Cours-42496-17-M1-IA-IL-CLA-Index-Education', '2023-10-18 06:30:00', '2023-10-18 08:00:00', 5, 7, 7, 3, 4, 3),
('Cours-42496-25-M1-IA-IL-CLA-Index-Education', '2023-12-13 07:30:00', '2023-12-13 09:00:00', 5, 7, 7, 3, 4, 3),
('Cours-42527-22-M1-ILSEN-cla-Gr1-Index-Education', '2023-11-23 15:00:00', '2023-11-23 18:00:00', 3, 4, 4, 1, 4, 3),
('Cours-42527-23-M1-ILSEN-cla-Gr1-Index-Education', '2023-11-30 15:00:00', '2023-11-30 18:00:00', 3, 4, 4, 1, 4, 3),
('Cours-44246-21-M1-ILSEN-cla-Gr1-Index-Education', '2023-11-16 15:00:00', '2023-11-16 18:00:00', 9, 4, 13, 1, 4, 3),
('Cours-44251-20-M1-IA-IL-ALT-Index-Education', '2023-11-09 15:00:00', '2023-11-09 18:00:00', 9, 4, 22, 4, 4, 3),
('Cours-44636-24-M1-IA-IL-ALT-Index-Education', '2023-12-04 12:00:00', '2023-12-04 18:00:00', 26, 16, 34, 4, 5, 3),
('Cours-44636-24-M1-IA-IL-CLA-Index-Education', '2023-12-04 12:00:00', '2023-12-04 18:00:00', 26, 16, 34, 3, 5, 3),
('Cours-44776-29-M1-IA-IL-CLA-Index-Education', '2024-01-10 13:30:00', '2024-01-10 17:30:00', 13, 17, 25, 3, 7, 9),
('Cours-44776-29-M1-ILSEN-cla-Gr1-Index-Education', '2024-01-10 13:30:00', '2024-01-10 17:30:00', 13, 17, 25, 1, 7, 9),
('Cours-46640-34-M1-IA-IL-ALT-Index-Education', '2024-02-16 12:00:00', '2024-02-16 13:30:00', 2, 36, 3, 4, 2, 32),
('Cours-46640-34-M1-IA-IL-CLA-Index-Education', '2024-02-16 12:00:00', '2024-02-16 13:30:00', 2, 36, 3, 3, 2, 32),
('Cours-46640-34-M1-ILSEN-alt-GR1-Index-Education', '2024-02-16 12:00:00', '2024-02-16 13:30:00', 2, 36, 3, 2, 2, 32),
('Cours-46766-52-M1-IA-IL-CLA-Index-Education', '2024-06-19 06:30:00', '2024-06-19 16:00:00', 16, 17, 26, 3, 8, 10),
('Cours-46766-52-M1-ILSEN-cla-Gr1-Index-Education', '2024-06-19 06:30:00', '2024-06-19 16:00:00', 16, 17, 26, 1, 8, 10),
('Cours-47056-18-M1-IA-IL-CLA-Index-Education', '2023-10-25 14:00:00', '2023-10-25 17:00:00', 9, 4, 27, 3, 4, 3),
('Cours-47074-21-M1-IA-IL-ALT-Index-Education', '2023-11-15 15:00:00', '2023-11-15 18:00:00', 9, 4, 13, 4, 4, 3),
('Cours-47700-15-M1-IA-IL-CLA-Index-Education', '2023-10-04 11:00:00', '2023-10-04 14:00:00', 8, 8, 15, 3, 4, 3),
('Cours-47700-17-M1-IA-IL-CLA-Index-Education', '2023-10-18 11:00:00', '2023-10-18 14:00:00', 8, 8, 27, 3, 4, 3),
('Cours-4896-24-M1-ILSEN-cla-Gr1-Index-Education', '2023-12-07 07:30:00', '2023-12-07 09:00:00', 3, 3, 3, 1, 3, 3),
('Cours-4980-24-M1-ILSEN-cla-Gr1-Index-Education', '2023-12-07 13:30:00', '2023-12-07 16:30:00', 3, 4, 4, 1, 4, 3),
('Cours-4984-26-M1-ILSEN-cla-Gr1-Index-Education', '2023-12-21 16:30:00', '2023-12-21 18:00:00', 3, 4, 4, 1, 4, 3),
('Cours-4989-29-M1-ILSEN-cla-Gr1-Index-Education', '2024-01-10 09:00:00', '2024-01-10 10:30:00', 3, 3, 2, 1, 5, 3),
('Cours-4992-12-M1-ILSEN-alt-GR1-Index-Education', '2023-09-12 06:30:00', '2023-09-12 09:30:00', 4, 2, 2, 2, 3, 3),
('Cours-4992-12-M1-ILSEN-cla-Gr1-Index-Education', '2023-09-12 06:30:00', '2023-09-12 09:30:00', 4, 2, 2, 1, 3, 3),
('Cours-4995-12-M1-ILSEN-alt-GR1-Index-Education', '2023-09-13 11:00:00', '2023-09-13 12:30:00', 4, 2, 3, 2, 3, 3),
('Cours-4995-12-M1-ILSEN-cla-Gr1-Index-Education', '2023-09-13 11:00:00', '2023-09-13 12:30:00', 4, 2, 3, 1, 3, 3),
('Cours-4999-13-M1-ILSEN-alt-GR1-Index-Education', '2023-09-19 06:30:00', '2023-09-19 08:00:00', 4, 2, 2, 2, 3, 3),
('Cours-4999-13-M1-ILSEN-cla-Gr1-Index-Education', '2023-09-19 06:30:00', '2023-09-19 08:00:00', 4, 2, 2, 1, 3, 3),
('Cours-5005-13-M1-ILSEN-alt-GR1-Index-Education', '2023-09-18 06:30:00', '2023-09-18 08:00:00', 4, 2, 2, 2, 3, 3),
('Cours-5005-13-M1-ILSEN-cla-Gr1-Index-Education', '2023-09-18 06:30:00', '2023-09-18 08:00:00', 4, 2, 2, 1, 3, 3),
('Cours-5005-16-M1-ILSEN-alt-GR1-Index-Education', '2023-10-09 06:30:00', '2023-10-09 08:00:00', 4, 2, 2, 2, 3, 3),
('Cours-5005-16-M1-ILSEN-cla-Gr1-Index-Education', '2023-10-09 06:30:00', '2023-10-09 08:00:00', 4, 2, 2, 1, 3, 3),
('Cours-5006-29-M1-ILSEN-alt-GR1-Index-Education', '2024-01-08 12:00:00', '2024-01-08 13:30:00', 4, 5, 3, 2, 5, 3),
('Cours-5006-29-M1-ILSEN-cla-Gr1-Index-Education', '2024-01-08 12:00:00', '2024-01-08 13:30:00', 4, 5, 3, 1, 5, 3),
('Cours-5018-21-M1-ILSEN-alt-GR1-Index-Education', '2023-11-13 16:30:00', '2023-11-13 18:00:00', 4, 6, 5, 2, 4, 3),
('Cours-5024-13-M1-ILSEN-cla-Gr1-Index-Education', '2023-09-21 06:30:00', '2023-09-21 08:00:00', 4, 6, 5, 1, 4, 3),
('Cours-5024-21-M1-ILSEN-cla-Gr1-Index-Education', '2023-11-16 07:30:00', '2023-11-16 09:00:00', 4, 6, 5, 1, 4, 3),
('Cours-5033-26-M1-ILSEN-cla-Gr1-Index-Education', '2023-12-18 07:30:00', '2023-12-18 10:30:00', 4, 5, 6, 1, 5, 4),
('Cours-5034-26-M1-ILSEN-alt-GR1-Index-Education', '2023-12-18 12:00:00', '2023-12-18 15:00:00', 4, 5, 6, 2, 5, 4),
('Cours-5126-17-M1-IA-IL-ALT-Index-Education', '2023-10-18 11:00:00', '2023-10-18 12:30:00', 5, 7, 7, 4, 4, 3),
('Cours-5127-12-M1-ILSEN-cla-Gr1-Index-Education', '2023-09-12 15:30:00', '2023-09-12 17:00:00', 5, 7, 7, 1, 4, 3),
('Cours-5128-12-M1-ILSEN-alt-GR1-Index-Education', '2023-09-14 08:00:00', '2023-09-14 09:30:00', 5, 7, 7, 2, 4, 3),
('Cours-5129-13-M1-IA-IL-ALT-Index-Education', '2023-09-19 09:30:00', '2023-09-19 11:00:00', 5, 7, 7, 4, 4, 3),
('Cours-5130-16-M1-IA-IL-ALT-Index-Education', '2023-10-12 12:30:00', '2023-10-12 14:00:00', 5, 7, 7, 4, 4, 3),
('Cours-5131-13-M1-ILSEN-cla-Gr1-Index-Education', '2023-09-18 08:00:00', '2023-09-18 09:30:00', 5, 7, 7, 1, 4, 3),
('Cours-5132-16-M1-ILSEN-cla-Gr1-Index-Education', '2023-10-09 09:30:00', '2023-10-09 11:00:00', 5, 7, 7, 1, 4, 3),
('Cours-5137-16-M1-ILSEN-cla-Gr1-Index-Education', '2023-10-13 09:30:00', '2023-10-13 11:00:00', 5, 7, 7, 1, 4, 3),
('Cours-5140-18-M1-ILSEN-cla-Gr1-Index-Education', '2023-10-26 14:00:00', '2023-10-26 15:30:00', 5, 7, 7, 1, 4, 3),
('Cours-5143-20-M1-IA-IL-ALT-Index-Education', '2023-11-06 07:30:00', '2023-11-06 09:00:00', 5, 7, 7, 4, 4, 3),
('Cours-5145-20-M1-ILSEN-cla-Gr1-Index-Education', '2023-11-06 10:30:00', '2023-11-06 12:00:00', 5, 7, 7, 1, 4, 3),
('Cours-5147-21-M1-IA-IL-ALT-Index-Education', '2023-11-13 07:30:00', '2023-11-13 09:00:00', 5, 7, 7, 4, 4, 3),
('Cours-5149-21-M1-ILSEN-cla-Gr1-Index-Education', '2023-11-13 09:00:00', '2023-11-13 10:30:00', 5, 7, 7, 1, 4, 3),
('Cours-5151-24-M1-IA-IL-ALT-Index-Education', '2023-12-06 07:30:00', '2023-12-06 09:00:00', 5, 7, 7, 4, 4, 3),
('Cours-5153-23-M1-ILSEN-cla-Gr1-Index-Education', '2023-11-28 10:30:00', '2023-11-28 12:00:00', 5, 7, 7, 1, 4, 3),
('Cours-5155-25-M1-IA-IL-ALT-Index-Education', '2023-12-11 07:30:00', '2023-12-11 09:00:00', 5, 7, 7, 4, 4, 3),
('Cours-5157-25-M1-ILSEN-cla-Gr1-Index-Education', '2023-12-11 09:00:00', '2023-12-11 10:30:00', 5, 7, 7, 1, 4, 3),
('Cours-5161-22-M1-ILSEN-cla-Gr1-Index-Education', '2023-11-20 07:30:00', '2023-11-20 09:00:00', 5, 7, 7, 1, 4, 3),
('Cours-5163-29-M1-IA-IL-ALT-Index-Education', '2024-01-08 07:30:00', '2024-01-08 09:00:00', 5, 7, 7, 4, 4, 3),
('Cours-5175-13-M1-IA-IL-CLA-Index-Education', '2023-09-22 12:30:00', '2023-09-22 14:00:00', 5, 7, 7, 3, 4, 3),
('Cours-5177-12-M1-IA-IL-CLA-Index-Education', '2023-09-15 06:30:00', '2023-09-15 08:00:00', 5, 7, 7, 3, 4, 3),
('Cours-5187-14-M1-IA-IL-CLA-Index-Education', '2023-09-27 14:00:00', '2023-09-27 15:30:00', 5, 7, 7, 3, 4, 3),
('Cours-5193-21-M1-IA-IL-CLA-Index-Education', '2023-11-16 15:00:00', '2023-11-16 16:30:00', 5, 7, 7, 3, 4, 3),
('Cours-5197-15-M1-IA-IL-CLA-Index-Education', '2023-10-05 06:30:00', '2023-10-05 08:00:00', 5, 7, 7, 3, 4, 3),
('Cours-5202-18-M1-IA-IL-CLA-Index-Education', '2023-10-26 08:00:00', '2023-10-26 09:30:00', 5, 7, 7, 3, 4, 3),
('Cours-5205-22-M1-IA-IL-CLA-Index-Education', '2023-11-23 15:00:00', '2023-11-23 16:30:00', 5, 7, 7, 3, 4, 3),
('Cours-5209-23-M1-IA-IL-CLA-Index-Education', '2023-11-30 07:30:00', '2023-11-30 09:00:00', 5, 7, 7, 3, 4, 3),
('Cours-5214-23-M1-IA-IL-CLA-Index-Education', '2023-11-28 07:30:00', '2023-11-28 09:00:00', 5, 7, 34, 3, 4, 3),
('Cours-5214-26-M1-IA-IL-CLA-Index-Education', '2023-12-19 07:30:00', '2023-12-19 09:00:00', 5, 7, 7, 3, 4, 3),
('Cours-5229-16-M1-IA-IL-CLA-Index-Education', '2023-10-12 08:00:00', '2023-10-12 09:30:00', 5, 7, 7, 3, 4, 3),
('Cours-5232-21-M1-IA-IL-ALT-Index-Education', '2023-11-17 07:30:00', '2023-11-17 09:00:00', 5, 7, 3, 4, 5, 3),
('Cours-5232-21-M1-IA-IL-CLA-Index-Education', '2023-11-17 07:30:00', '2023-11-17 09:00:00', 5, 7, 3, 3, 5, 3),
('Cours-5232-21-M1-ILSEN-cla-Gr1-Index-Education', '2023-11-17 07:30:00', '2023-11-17 09:00:00', 5, 7, 3, 1, 5, 3),
('Cours-5239-29-M1-IA-IL-ALT-Index-Education', '2024-01-12 15:00:00', '2024-01-12 16:30:00', 5, 7, 3, 4, 5, 3),
('Cours-5239-29-M1-IA-IL-CLA-Index-Education', '2024-01-12 15:00:00', '2024-01-12 16:30:00', 5, 7, 3, 3, 5, 3),
('Cours-5239-29-M1-ILSEN-cla-Gr1-Index-Education', '2024-01-12 15:00:00', '2024-01-12 16:30:00', 5, 7, 3, 1, 5, 3);
INSERT INTO `seance` (`uid`, `dtStart`, `dtEnd`, `matiere_id`, `enseignant_id`, `salle_id`, `formation_id`, `type_id`, `memo_id`) VALUES
('Cours-5241-13-M1-IA-IL-ALT-Index-Education', '2023-09-21 08:00:00', '2023-09-21 11:00:00', 6, 8, 2, 4, 3, 3),
('Cours-5241-13-M1-IA-IL-CLA-Index-Education', '2023-09-21 08:00:00', '2023-09-21 11:00:00', 6, 8, 2, 3, 3, 3),
('Cours-5241-13-M1-ILSEN-cla-Gr1-Index-Education', '2023-09-21 08:00:00', '2023-09-21 11:00:00', 6, 8, 2, 1, 3, 3),
('Cours-5243-12-M1-IA-IL-ALT-Index-Education', '2023-09-15 08:00:00', '2023-09-15 11:00:00', 6, 3, 8, 4, 3, 3),
('Cours-5243-12-M1-IA-IL-CLA-Index-Education', '2023-09-15 08:00:00', '2023-09-15 11:00:00', 6, 3, 8, 3, 3, 3),
('Cours-5243-12-M1-ILSEN-cla-Gr1-Index-Education', '2023-09-15 08:00:00', '2023-09-15 11:00:00', 6, 3, 8, 1, 3, 3),
('Cours-5246-25-M1-IA-IL-ALT-Index-Education', '2023-12-12 13:30:00', '2023-12-12 15:00:00', 6, 8, 3, 4, 3, 3),
('Cours-5246-25-M1-IA-IL-CLA-Index-Education', '2023-12-12 13:30:00', '2023-12-12 15:00:00', 6, 8, 3, 3, 3, 3),
('Cours-5246-25-M1-ILSEN-cla-Gr1-Index-Education', '2023-12-12 13:30:00', '2023-12-12 15:00:00', 6, 8, 3, 1, 3, 3),
('Cours-5248-20-M1-IA-IL-ALT-Index-Education', '2023-11-06 15:00:00', '2023-11-06 18:00:00', 6, 3, 3, 4, 3, 3),
('Cours-5248-20-M1-IA-IL-CLA-Index-Education', '2023-11-06 15:00:00', '2023-11-06 18:00:00', 6, 3, 3, 3, 3, 3),
('Cours-5248-20-M1-ILSEN-cla-Gr1-Index-Education', '2023-11-06 15:00:00', '2023-11-06 18:00:00', 6, 3, 3, 1, 3, 3),
('Cours-52605-38-M1-IA-IL-ALT-Index-Education', '2024-03-12 10:30:00', '2024-03-12 11:30:00', 2, 28, 2, 4, 2, 25),
('Cours-52605-38-M1-ILSEN-alt-GR1-Index-Education', '2024-03-12 10:30:00', '2024-03-12 11:30:00', 2, 28, 2, 2, 2, 25),
('Cours-5262-21-M1-IA-IL-ALT-Index-Education', '2023-11-16 10:30:00', '2023-11-16 12:00:00', 6, 3, 2, 4, 3, 3),
('Cours-5262-21-M1-IA-IL-CLA-Index-Education', '2023-11-16 10:30:00', '2023-11-16 12:00:00', 6, 3, 2, 3, 3, 3),
('Cours-5262-21-M1-ILSEN-cla-Gr1-Index-Education', '2023-11-16 10:30:00', '2023-11-16 12:00:00', 6, 3, 2, 1, 3, 3),
('Cours-5265-24-M1-IA-IL-ALT-Index-Education', '2023-12-07 09:00:00', '2023-12-07 12:00:00', 6, 3, 2, 4, 3, 3),
('Cours-5265-24-M1-IA-IL-CLA-Index-Education', '2023-12-07 09:00:00', '2023-12-07 12:00:00', 6, 3, 2, 3, 3, 3),
('Cours-5265-24-M1-ILSEN-cla-Gr1-Index-Education', '2023-12-07 09:00:00', '2023-12-07 12:00:00', 6, 3, 2, 1, 3, 3),
('Cours-5271-25-M1-IA-IL-ALT-Index-Education', '2023-12-12 09:00:00', '2023-12-12 12:00:00', 6, 8, 2, 4, 3, 3),
('Cours-5271-25-M1-IA-IL-CLA-Index-Education', '2023-12-12 09:00:00', '2023-12-12 12:00:00', 6, 8, 2, 3, 3, 3),
('Cours-5271-25-M1-ILSEN-cla-Gr1-Index-Education', '2023-12-12 09:00:00', '2023-12-12 12:00:00', 6, 8, 2, 1, 3, 3),
('Cours-5278-29-M1-IA-IL-ALT-Index-Education', '2024-01-10 12:00:00', '2024-01-10 13:30:00', 6, 9, 3, 4, 5, 3),
('Cours-5278-29-M1-IA-IL-CLA-Index-Education', '2024-01-10 12:00:00', '2024-01-10 13:30:00', 6, 9, 3, 3, 5, 3),
('Cours-5278-29-M1-ILSEN-cla-Gr1-Index-Education', '2024-01-10 12:00:00', '2024-01-10 13:30:00', 6, 9, 3, 1, 5, 3),
('Cours-5302-12-M1-IA-IL-ALT-Index-Education', '2023-09-14 11:00:00', '2023-09-14 14:00:00', 7, 10, 3, 4, 3, 3),
('Cours-5302-12-M1-IA-IL-CLA-Index-Education', '2023-09-14 11:00:00', '2023-09-14 14:00:00', 7, 10, 3, 3, 3, 3),
('Cours-5302-12-M1-ILSEN-cla-Gr1-Index-Education', '2023-09-14 11:00:00', '2023-09-14 14:00:00', 7, 10, 3, 1, 3, 3),
('Cours-5304-12-M1-IA-IL-ALT-Index-Education', '2023-09-14 14:00:00', '2023-09-14 17:00:00', 7, 10, 3, 4, 3, 3),
('Cours-5304-12-M1-IA-IL-CLA-Index-Education', '2023-09-14 14:00:00', '2023-09-14 17:00:00', 7, 10, 3, 3, 3, 3),
('Cours-5304-12-M1-ILSEN-alt-GR1-Index-Education', '2023-09-14 14:00:00', '2023-09-14 17:00:00', 7, 10, 3, 2, 3, 3),
('Cours-5304-12-M1-ILSEN-cla-Gr1-Index-Education', '2023-09-14 14:00:00', '2023-09-14 17:00:00', 7, 10, 3, 1, 3, 3),
('Cours-53238-39-M1-IA-IL-CLA-Index-Education', '2024-03-22 08:00:00', '2024-03-22 12:00:00', 16, 42, 8, 3, 7, 11),
('Cours-53238-39-M1-ILSEN-cla-Gr1-Index-Education', '2024-03-22 08:00:00', '2024-03-22 12:00:00', 16, 14, 8, 1, 7, 11),
('Cours-53277-33-M1-IA-IL-ALT-Index-Education', '2024-02-05 07:30:00', '2024-02-05 10:30:00', 18, 19, 9, 4, 3, 3),
('Cours-53277-33-M1-IA-IL-CLA-Index-Education', '2024-02-05 07:30:00', '2024-02-05 10:30:00', 18, 19, 9, 3, 3, 3),
('Cours-53277-33-M1-ILSEN-alt-GR1-Index-Education', '2024-02-05 07:30:00', '2024-02-05 10:30:00', 18, 19, 9, 2, 3, 3),
('Cours-53277-33-M1-ILSEN-cla-Gr1-Index-Education', '2024-02-05 07:30:00', '2024-02-05 10:30:00', 18, 19, 9, 1, 3, 3),
('Cours-53299-33-M1-ILSEN-cla-Gr1-Index-Education', '2024-02-06 15:00:00', '2024-02-06 18:00:00', 18, 20, 27, 1, 4, 3),
('Cours-53310-33-M1-IA-IL-CLA-Index-Education', '2024-02-06 12:00:00', '2024-02-06 15:00:00', 18, 21, 27, 3, 4, 3),
('Cours-53310-37-M1-IA-IL-CLA-Index-Education', '2024-03-05 12:00:00', '2024-03-05 15:00:00', 18, 21, 5, 3, 4, 3),
('Cours-53314-42-M1-ILSEN-cla-Gr1-Index-Education', '2024-04-08 06:30:00', '2024-04-08 08:00:00', 18, 20, 18, 1, 4, 3),
('Cours-53315-42-M1-IA-IL-ALT-Index-Education', '2024-04-09 08:00:00', '2024-04-09 09:30:00', 18, 21, 18, 4, 4, 3),
('Cours-53315-42-M1-ILSEN-alt-GR1-Index-Education', '2024-04-09 08:00:00', '2024-04-09 09:30:00', 18, 21, 18, 2, 4, 3),
('Cours-53316-42-M1-IA-IL-CLA-Index-Education', '2024-04-09 06:30:00', '2024-04-09 08:00:00', 18, 21, 18, 3, 4, 3),
('Cours-53317-34-M1-ILSEN-cla-Gr1-Index-Education', '2024-02-12 07:30:00', '2024-02-12 10:30:00', 18, 20, 22, 1, 4, 3),
('Cours-53317-37-M1-ILSEN-cla-Gr1-Index-Education', '2024-03-04 07:30:00', '2024-03-04 10:30:00', 18, 20, 15, 1, 4, 3),
('Cours-53317-38-M1-ILSEN-cla-Gr1-Index-Education', '2024-03-11 07:30:00', '2024-03-11 10:30:00', 18, 20, 27, 1, 4, 3),
('Cours-53317-39-M1-ILSEN-cla-Gr1-Index-Education', '2024-03-18 07:30:00', '2024-03-18 10:30:00', 18, 20, 18, 1, 4, 3),
('Cours-53321-33-M1-IA-IL-ALT-Index-Education', '2024-02-06 15:00:00', '2024-02-06 18:00:00', 18, 21, 6, 4, 4, 3),
('Cours-53321-33-M1-ILSEN-alt-GR1-Index-Education', '2024-02-06 15:00:00', '2024-02-06 18:00:00', 18, 21, 6, 2, 4, 3),
('Cours-53321-39-M1-IA-IL-ALT-Index-Education', '2024-03-19 15:00:00', '2024-03-19 18:00:00', 18, 21, 15, 4, 4, 3),
('Cours-53321-39-M1-ILSEN-alt-GR1-Index-Education', '2024-03-19 15:00:00', '2024-03-19 18:00:00', 18, 21, 15, 2, 4, 3),
('Cours-53326-32-M1-IA-IL-ALT-Index-Education', '2024-01-29 15:00:00', '2024-01-29 18:00:00', 18, 20, 9, 4, 3, 3),
('Cours-53326-32-M1-IA-IL-CLA-Index-Education', '2024-01-29 15:00:00', '2024-01-29 18:00:00', 18, 20, 9, 3, 3, 3),
('Cours-53326-32-M1-ILSEN-alt-GR1-Index-Education', '2024-01-29 15:00:00', '2024-01-29 18:00:00', 18, 20, 9, 2, 3, 3),
('Cours-53326-32-M1-ILSEN-cla-Gr1-Index-Education', '2024-01-29 15:00:00', '2024-01-29 18:00:00', 18, 20, 9, 1, 3, 3),
('Cours-53327-43-M1-IA-IL-ALT-Index-Education', '2024-04-15 08:00:00', '2024-04-15 09:30:00', 18, 20, 2, 4, 5, 3),
('Cours-53327-43-M1-IA-IL-CLA-Index-Education', '2024-04-15 08:00:00', '2024-04-15 09:30:00', 18, 20, 2, 3, 5, 3),
('Cours-53327-43-M1-ILSEN-alt-GR1-Index-Education', '2024-04-15 08:00:00', '2024-04-15 09:30:00', 18, 20, 2, 2, 5, 3),
('Cours-53327-43-M1-ILSEN-cla-Gr1-Index-Education', '2024-04-15 08:00:00', '2024-04-15 09:30:00', 18, 20, 2, 1, 5, 3),
('Cours-53339-32-M1-ILSEN-alt-GR1-Index-Education', '2024-02-01 16:30:00', '2024-02-01 18:00:00', 19, 4, 9, 2, 3, 3),
('Cours-53339-32-M1-ILSEN-cla-Gr1-Index-Education', '2024-02-01 16:30:00', '2024-02-01 18:00:00', 19, 4, 9, 1, 3, 3),
('Cours-53340-33-M1-ILSEN-alt-GR1-Index-Education', '2024-02-07 16:30:00', '2024-02-07 18:00:00', 19, 4, 9, 2, 3, 3),
('Cours-53340-33-M1-ILSEN-cla-Gr1-Index-Education', '2024-02-07 16:30:00', '2024-02-07 18:00:00', 19, 4, 9, 1, 3, 3),
('Cours-53341-33-M1-ILSEN-alt-GR1-Index-Education', '2024-02-08 07:30:00', '2024-02-08 09:00:00', 19, 4, 9, 2, 3, 3),
('Cours-53341-33-M1-ILSEN-cla-Gr1-Index-Education', '2024-02-08 07:30:00', '2024-02-08 09:00:00', 19, 4, 9, 1, 3, 3),
('Cours-53344-32-M1-ILSEN-cla-Gr1-Index-Education', '2024-02-01 09:00:00', '2024-02-01 12:00:00', 19, 4, 5, 1, 4, 12),
('Cours-53345-32-M1-ILSEN-cla-Gr1-Index-Education', '2024-02-01 13:30:00', '2024-02-01 16:30:00', 19, 4, 18, 1, 4, 13),
('Cours-5335-16-M1-ILSEN-cla-Gr1-Index-Education', '2023-10-12 14:00:00', '2023-10-12 17:00:00', 7, 10, 9, 1, 6, 3),
('Cours-53351-32-M1-ILSEN-cla-Gr1-Index-Education', '2024-01-31 13:30:00', '2024-01-31 16:30:00', 19, 4, 18, 1, 4, 14),
('Cours-53352-33-M1-ILSEN-cla-Gr1-Index-Education', '2024-02-07 13:30:00', '2024-02-07 16:30:00', 19, 4, 18, 1, 4, 15),
('Cours-53353-32-M1-ILSEN-cla-Gr1-Index-Education', '2024-01-31 09:00:00', '2024-01-31 12:00:00', 19, 4, 5, 1, 4, 16),
('Cours-53354-33-M1-ILSEN-cla-Gr1-Index-Education', '2024-02-07 09:00:00', '2024-02-07 12:00:00', 19, 4, 5, 1, 4, 17),
('Cours-5336-13-M1-ILSEN-cla-Gr1-Index-Education', '2023-09-19 08:00:00', '2023-09-19 11:00:00', 7, 10, 10, 1, 6, 3),
('Cours-53362-33-M1-ILSEN-cla-Gr1-Index-Education', '2024-02-08 09:00:00', '2024-02-08 12:00:00', 19, 4, 5, 1, 4, 18),
('Cours-53364-33-M1-ILSEN-cla-Gr1-Index-Education', '2024-02-08 13:30:00', '2024-02-08 16:30:00', 19, 4, 18, 1, 4, 19),
('Cours-53378-32-M1-ILSEN-alt-GR1-Index-Education', '2024-01-31 09:00:00', '2024-01-31 12:00:00', 19, 29, 6, 2, 4, 16),
('Cours-53379-33-M1-ILSEN-alt-GR1-Index-Education', '2024-02-07 09:00:00', '2024-02-07 12:00:00', 19, 29, 6, 2, 4, 17),
('Cours-5338-13-M1-IA-IL-CLA-Index-Education', '2023-09-21 14:00:00', '2023-09-21 17:00:00', 7, 10, 9, 3, 6, 3),
('Cours-53380-32-M1-ILSEN-alt-GR1-Index-Education', '2024-01-31 13:30:00', '2024-01-31 16:30:00', 19, 29, 6, 2, 4, 14),
('Cours-53381-33-M1-ILSEN-alt-GR1-Index-Education', '2024-02-07 13:30:00', '2024-02-07 16:30:00', 19, 29, 6, 2, 4, 15),
('Cours-53382-32-M1-ILSEN-alt-GR1-Index-Education', '2024-02-01 09:00:00', '2024-02-01 12:00:00', 19, 29, 6, 2, 4, 12),
('Cours-53384-32-M1-ILSEN-alt-GR1-Index-Education', '2024-02-01 13:30:00', '2024-02-01 16:30:00', 19, 29, 6, 2, 4, 13),
('Cours-53386-34-M1-ILSEN-alt-GR1-Index-Education', '2024-02-12 13:30:00', '2024-02-12 16:30:00', 19, 29, 6, 2, 4, 20),
('Cours-53387-34-M1-ILSEN-alt-GR1-Index-Education', '2024-02-12 07:30:00', '2024-02-12 10:30:00', 19, 29, 6, 2, 4, 21),
('Cours-53388-33-M1-ILSEN-alt-GR1-Index-Education', '2024-02-08 09:00:00', '2024-02-08 12:00:00', 19, 29, 6, 2, 4, 18),
('Cours-53389-33-M1-ILSEN-alt-GR1-Index-Education', '2024-02-08 13:30:00', '2024-02-08 16:30:00', 19, 29, 6, 2, 4, 19),
('Cours-53400-32-M1-ILSEN-alt-GR1-Index-Education', '2024-01-31 16:30:00', '2024-01-31 18:00:00', 19, 4, 9, 2, 3, 3),
('Cours-53400-32-M1-ILSEN-cla-Gr1-Index-Education', '2024-01-31 16:30:00', '2024-01-31 18:00:00', 19, 4, 9, 1, 3, 3),
('Cours-53401-34-M1-ILSEN-alt-GR1-Index-Education', '2024-02-14 07:30:00', '2024-02-14 09:00:00', 20, 4, 9, 2, 3, 3),
('Cours-53401-34-M1-ILSEN-cla-Gr1-Index-Education', '2024-02-14 07:30:00', '2024-02-14 09:00:00', 20, 4, 9, 1, 3, 3),
('Cours-53406-35-M1-ILSEN-cla-Gr1-Index-Education', '2024-02-21 09:00:00', '2024-02-21 12:00:00', 19, 4, 5, 1, 4, 20),
('Cours-53407-35-M1-ILSEN-cla-Gr1-Index-Education', '2024-02-21 13:30:00', '2024-02-21 16:30:00', 19, 4, 18, 1, 4, 21),
('Cours-53412-35-M1-ILSEN-cla-Gr1-Index-Education', '2024-02-22 13:30:00', '2024-02-22 16:30:00', 20, 4, 6, 1, 4, 3),
('Cours-53414-35-M1-ILSEN-cla-Gr1-Index-Education', '2024-02-22 07:30:00', '2024-02-22 12:00:00', 20, 4, 6, 1, 4, 3),
('Cours-53417-34-M1-ILSEN-alt-GR1-Index-Education', '2024-02-15 13:30:00', '2024-02-15 18:00:00', 20, 4, 6, 2, 4, 3),
('Cours-53419-37-M1-ILSEN-alt-GR1-Index-Education', '2024-03-07 15:00:00', '2024-03-07 18:00:00', 20, 4, 6, 2, 4, 3),
('Cours-5342-14-M1-IA-IL-CLA-Index-Education', '2023-09-26 11:00:00', '2023-09-26 14:00:00', 7, 10, 35, 3, 6, 3),
('Cours-5342-15-M1-IA-IL-CLA-Index-Education', '2023-10-03 11:00:00', '2023-10-03 14:00:00', 7, 10, 35, 3, 6, 3),
('Cours-53471-34-M1-ILSEN-cla-Gr1-Index-Education', '2024-02-16 07:30:00', '2024-02-16 12:00:00', 20, 21, 15, 1, 4, 3),
('Cours-5348-16-M1-IA-IL-CLA-Index-Education', '2023-10-11 11:00:00', '2023-10-11 14:00:00', 7, 10, 9, 3, 6, 3),
('Cours-53489-34-M1-ILSEN-alt-GR1-Index-Education', '2024-02-13 15:00:00', '2024-02-13 18:00:00', 20, 21, 14, 2, 4, 3),
('Cours-53490-37-M1-ILSEN-alt-GR1-Index-Education', '2024-03-08 15:00:00', '2024-03-08 18:00:00', 20, 21, 5, 2, 4, 3),
('Cours-53491-38-M1-ILSEN-alt-GR1-Index-Education', '2024-03-14 12:00:00', '2024-03-14 15:00:00', 20, 4, 5, 2, 4, 3),
('Cours-53493-37-M1-ILSEN-alt-GR1-Index-Education', '2024-03-07 07:30:00', '2024-03-07 09:00:00', 21, 4, 8, 2, 3, 3),
('Cours-53493-37-M1-ILSEN-cla-Gr1-Index-Education', '2024-03-07 07:30:00', '2024-03-07 09:00:00', 21, 4, 8, 1, 3, 3),
('Cours-5350-17-M1-ILSEN-cla-Gr1-Index-Education', '2023-10-16 11:00:00', '2023-10-16 14:00:00', 7, 10, 11, 1, 6, 3),
('Cours-53503-37-M1-ILSEN-alt-GR1-Index-Education', '2024-03-07 12:00:00', '2024-03-07 15:00:00', 21, 4, 8, 2, 3, 3),
('Cours-53503-37-M1-ILSEN-cla-Gr1-Index-Education', '2024-03-07 12:00:00', '2024-03-07 15:00:00', 21, 4, 8, 1, 3, 3),
('Cours-53506-34-M1-ILSEN-cla-Gr1-Index-Education', '2024-02-15 09:00:00', '2024-02-15 12:00:00', 20, 4, 6, 1, 4, 3),
('Cours-5351-20-M1-IA-IL-ALT-Index-Education', '2023-11-08 13:30:00', '2023-11-08 16:30:00', 7, 10, 7, 4, 6, 3),
('Cours-53510-38-M1-ILSEN-cla-Gr1-Index-Education', '2024-03-14 07:30:00', '2024-03-14 10:30:00', 21, 4, 12, 1, 4, 3),
('Cours-53511-39-M1-ILSEN-cla-Gr1-Index-Education', '2024-03-21 13:30:00', '2024-03-21 16:30:00', 21, 4, 12, 1, 4, 3),
('Cours-53511-40-M1-ILSEN-cla-Gr1-Index-Education', '2024-03-28 13:30:00', '2024-03-28 16:30:00', 21, 4, 12, 1, 4, 3),
('Cours-53514-40-M1-ILSEN-cla-Gr1-Index-Education', '2024-03-28 09:00:00', '2024-03-28 12:00:00', 21, 4, 12, 1, 4, 3),
('Cours-53514-41-M1-ILSEN-cla-Gr1-Index-Education', '2024-04-04 08:00:00', '2024-04-04 11:00:00', 21, 4, 12, 1, 4, 3),
('Cours-53517-41-M1-ILSEN-cla-Gr1-Index-Education', '2024-04-04 12:30:00', '2024-04-04 15:30:00', 21, 4, 12, 1, 4, 3),
('Cours-5352-20-M1-ILSEN-cla-Gr1-Index-Education', '2023-11-06 07:30:00', '2023-11-06 10:30:00', 7, 10, 9, 1, 6, 3),
('Cours-53533-38-M1-ILSEN-alt-GR1-Index-Education', '2024-03-15 12:00:00', '2024-03-15 15:00:00', 21, 27, 22, 2, 4, 3),
('Cours-53534-43-M1-ILSEN-alt-GR1-Index-Education', '2024-04-15 11:00:00', '2024-04-15 14:00:00', 21, 27, 12, 2, 4, 3),
('Cours-53536-42-M1-ILSEN-alt-GR1-Index-Education', '2024-04-12 11:00:00', '2024-04-12 14:00:00', 21, 27, 12, 2, 4, 3),
('Cours-53582-39-M1-ILSEN-cla-Gr1-Index-Education', '2024-03-20 09:00:00', '2024-03-20 12:00:00', 17, 18, 6, 1, 4, 3),
('Cours-53584-40-M1-ILSEN-cla-Gr1-Index-Education', '2024-03-25 07:30:00', '2024-03-25 10:30:00', 17, 18, 12, 1, 4, 3),
('Cours-53585-41-M1-ILSEN-cla-Gr1-Index-Education', '2024-04-02 06:30:00', '2024-04-02 09:30:00', 17, 18, 18, 1, 4, 3),
('Cours-53590-43-M1-IA-IL-ALT-Index-Education', '2024-04-18 06:00:00', '2024-04-18 18:00:00', 2, 26, 29, 4, 2, 33),
('Cours-53590-43-M1-IA-IL-CLA-Index-Education', '2024-04-18 06:00:00', '2024-04-18 18:00:00', 2, 26, 29, 3, 2, 33),
('Cours-53590-43-M1-ILSEN-alt-GR1-Index-Education', '2024-04-18 06:00:00', '2024-04-18 18:00:00', 2, 26, 29, 2, 2, 33),
('Cours-53592-43-M1-IA-IL-ALT-Index-Education', '2024-04-19 06:00:00', '2024-04-19 18:00:00', 2, 26, 29, 4, 2, 33),
('Cours-53592-43-M1-IA-IL-CLA-Index-Education', '2024-04-19 06:00:00', '2024-04-19 18:00:00', 2, 26, 29, 3, 2, 33),
('Cours-53592-43-M1-ILSEN-alt-GR1-Index-Education', '2024-04-19 06:00:00', '2024-04-19 18:00:00', 2, 26, 29, 2, 2, 33),
('Cours-53628-33-M1-ILSEN-cla-Gr1-Index-Education', '2024-02-05 16:30:00', '2024-02-05 18:00:00', 22, 22, 7, 1, 6, 3),
('Cours-53630-32-M1-ILSEN-cla-Gr1-Index-Education', '2024-02-01 07:30:00', '2024-02-01 09:00:00', 22, 22, 10, 1, 6, 3),
('Cours-53640-32-M1-IA-IL-ALT-Index-Education', '2024-02-02 13:30:00', '2024-02-02 15:00:00', 22, 22, 9, 4, 6, 3),
('Cours-53640-32-M1-ILSEN-alt-GR1-Index-Education', '2024-02-02 13:30:00', '2024-02-02 15:00:00', 22, 22, 9, 2, 6, 3),
('Cours-53642-33-M1-IA-IL-CLA-Index-Education', '2024-02-07 09:00:00', '2024-02-07 10:30:00', 22, 22, 7, 3, 6, 3),
('Cours-53643-32-M1-IA-IL-CLA-Index-Education', '2024-01-29 09:00:00', '2024-01-29 10:30:00', 22, 22, 9, 3, 6, 3),
('Cours-53644-32-M1-IA-IL-CLA-Index-Education', '2024-02-01 09:00:00', '2024-02-01 10:30:00', 22, 22, 8, 3, 6, 3),
('Cours-53653-33-M1-IA-IL-ALT-Index-Education', '2024-02-05 13:30:00', '2024-02-05 15:00:00', 22, 22, 9, 4, 6, 3),
('Cours-53653-33-M1-ILSEN-alt-GR1-Index-Education', '2024-02-05 13:30:00', '2024-02-05 15:00:00', 22, 22, 9, 2, 6, 3),
('Cours-53654-33-M1-IA-IL-ALT-Index-Education', '2024-02-08 16:30:00', '2024-02-08 18:00:00', 22, 22, 9, 4, 6, 3),
('Cours-53654-33-M1-ILSEN-alt-GR1-Index-Education', '2024-02-08 16:30:00', '2024-02-08 18:00:00', 22, 22, 9, 2, 6, 3),
('Cours-53656-33-M1-IA-IL-ALT-Index-Education', '2024-02-09 13:30:00', '2024-02-09 15:00:00', 22, 22, 7, 4, 6, 3),
('Cours-53656-33-M1-ILSEN-alt-GR1-Index-Education', '2024-02-09 13:30:00', '2024-02-09 15:00:00', 22, 22, 7, 2, 6, 3),
('Cours-53659-33-M1-IA-IL-CLA-Index-Education', '2024-02-09 15:00:00', '2024-02-09 16:30:00', 22, 22, 7, 3, 6, 3),
('Cours-53664-34-M1-ILSEN-cla-Gr1-Index-Education', '2024-02-15 07:30:00', '2024-02-15 09:00:00', 22, 22, 7, 1, 6, 3),
('Cours-53672-34-M1-IA-IL-CLA-Index-Education', '2024-02-15 09:00:00', '2024-02-15 10:30:00', 22, 22, 7, 3, 6, 3),
('Cours-53676-37-M1-ILSEN-cla-Gr1-Index-Education', '2024-03-05 16:30:00', '2024-03-05 18:00:00', 22, 22, 28, 1, 6, 3),
('Cours-53685-37-M1-IA-IL-ALT-Index-Education', '2024-03-06 09:00:00', '2024-03-06 10:30:00', 22, 22, 28, 4, 6, 3),
('Cours-53685-37-M1-ILSEN-alt-GR1-Index-Education', '2024-03-06 09:00:00', '2024-03-06 10:30:00', 22, 22, 28, 2, 6, 3),
('Cours-53689-37-M1-IA-IL-CLA-Index-Education', '2024-03-08 13:30:00', '2024-03-08 15:00:00', 22, 22, 9, 3, 6, 3),
('Cours-53695-38-M1-ILSEN-cla-Gr1-Index-Education', '2024-03-13 07:30:00', '2024-03-13 09:00:00', 22, 22, 9, 1, 6, 3),
('Cours-53696-38-M1-IA-IL-ALT-Index-Education', '2024-03-13 15:00:00', '2024-03-13 16:30:00', 22, 22, 10, 4, 6, 3),
('Cours-53696-38-M1-ILSEN-alt-GR1-Index-Education', '2024-03-13 15:00:00', '2024-03-13 16:30:00', 22, 22, 10, 2, 6, 3),
('Cours-53697-38-M1-IA-IL-ALT-Index-Education', '2024-03-15 16:30:00', '2024-03-15 18:00:00', 22, 22, 10, 4, 6, 3),
('Cours-53697-38-M1-ILSEN-alt-GR1-Index-Education', '2024-03-15 16:30:00', '2024-03-15 18:00:00', 22, 22, 10, 2, 6, 3),
('Cours-53699-38-M1-IA-IL-CLA-Index-Education', '2024-03-13 13:30:00', '2024-03-13 15:00:00', 22, 22, 10, 3, 6, 3),
('Cours-53704-34-M1-IA-IL-ALT-Index-Education', '2024-02-16 15:00:00', '2024-02-16 16:30:00', 22, 22, 28, 4, 6, 3),
('Cours-53704-34-M1-ILSEN-alt-GR1-Index-Education', '2024-02-16 15:00:00', '2024-02-16 16:30:00', 22, 22, 28, 2, 6, 3),
('Cours-53705-39-M1-IA-IL-ALT-Index-Education', '2024-03-21 16:30:00', '2024-03-21 18:00:00', 22, 22, 10, 4, 6, 3),
('Cours-53705-39-M1-ILSEN-alt-GR1-Index-Education', '2024-03-21 16:30:00', '2024-03-21 18:00:00', 22, 22, 10, 2, 6, 3),
('Cours-53707-39-M1-IA-IL-CLA-Index-Education', '2024-03-21 13:30:00', '2024-03-21 15:00:00', 22, 22, 10, 3, 6, 3),
('Cours-53710-41-M1-ILSEN-cla-Gr1-Index-Education', '2024-04-02 09:30:00', '2024-04-02 11:00:00', 22, 22, 28, 1, 6, 3),
('Cours-53712-40-M1-IA-IL-CLA-Index-Education', '2024-03-27 13:30:00', '2024-03-27 15:00:00', 22, 22, 7, 3, 6, 3),
('Cours-53716-41-M1-IA-IL-CLA-Index-Education', '2024-04-04 08:00:00', '2024-04-04 09:30:00', 22, 22, 28, 3, 6, 3),
('Cours-53721-42-M1-IA-IL-CLA-Index-Education', '2024-04-09 14:00:00', '2024-04-09 15:30:00', 22, 22, 28, 3, 6, 3),
('Cours-53722-42-M1-IA-IL-CLA-Index-Education', '2024-04-12 12:30:00', '2024-04-12 14:00:00', 22, 22, 10, 3, 6, 3),
('Cours-53724-42-M1-IA-IL-ALT-Index-Education', '2024-04-11 14:00:00', '2024-04-11 15:30:00', 22, 22, 10, 4, 6, 3),
('Cours-53724-42-M1-ILSEN-alt-GR1-Index-Education', '2024-04-11 14:00:00', '2024-04-11 15:30:00', 22, 22, 10, 2, 6, 3),
('Cours-53725-42-M1-ILSEN-cla-Gr1-Index-Education', '2024-04-09 12:30:00', '2024-04-09 14:00:00', 22, 22, 10, 1, 6, 3),
('Cours-53731-43-M1-ILSEN-cla-Gr1-Index-Education', '2024-04-17 08:00:00', '2024-04-17 09:30:00', 22, 22, 10, 1, 6, 3),
('Cours-53733-43-M1-IA-IL-ALT-Index-Education', '2024-04-17 09:30:00', '2024-04-17 11:00:00', 22, 22, 10, 4, 6, 3),
('Cours-53733-43-M1-ILSEN-alt-GR1-Index-Education', '2024-04-17 09:30:00', '2024-04-17 11:00:00', 22, 22, 10, 2, 6, 3),
('Cours-53734-45-M1-IA-IL-CLA-Index-Education', '2024-05-02 11:00:00', '2024-05-02 12:30:00', 22, 22, 10, 3, 6, 3),
('Cours-53735-43-M1-IA-IL-CLA-Index-Education', '2024-04-17 11:00:00', '2024-04-17 12:30:00', 22, 22, 10, 3, 6, 3),
('Cours-53738-34-M1-ILSEN-cla-Gr1-Index-Education', '2024-02-13 07:30:00', '2024-02-13 09:00:00', 22, 22, 7, 1, 6, 3),
('Cours-53740-47-M1-IA-IL-ALT-Index-Education', '2024-05-16 06:30:00', '2024-05-16 08:00:00', 22, 22, 10, 4, 6, 3),
('Cours-53740-47-M1-ILSEN-alt-GR1-Index-Education', '2024-05-16 06:30:00', '2024-05-16 08:00:00', 22, 22, 10, 2, 6, 3),
('Cours-53742-45-M1-IA-IL-CLA-Index-Education', '2024-04-30 11:00:00', '2024-04-30 12:30:00', 22, 22, 10, 3, 6, 3),
('Cours-53746-40-M1-IA-IL-CLA-Index-Education', '2024-03-29 15:00:00', '2024-03-29 16:30:00', 22, 22, 28, 3, 6, 3),
('Cours-53749-47-M1-IA-IL-ALT-Index-Education', '2024-05-15 12:30:00', '2024-05-15 14:00:00', 22, 22, 10, 4, 6, 3),
('Cours-53749-47-M1-ILSEN-alt-GR1-Index-Education', '2024-05-15 12:30:00', '2024-05-15 14:00:00', 22, 22, 10, 2, 6, 3),
('Cours-53760-33-M1-IA-IL-ALT-Index-Education', '2024-02-05 15:00:00', '2024-02-05 16:30:00', 22, 22, 7, 4, 6, 3),
('Cours-53760-33-M1-ILSEN-alt-GR1-Index-Education', '2024-02-05 15:00:00', '2024-02-05 16:30:00', 22, 22, 7, 2, 6, 3),
('Cours-53761-43-M1-ILSEN-cla-Gr1-Index-Education', '2024-04-16 15:30:00', '2024-04-16 17:00:00', 22, 22, 10, 1, 6, 3),
('Cours-53762-32-M1-ILSEN-cla-Gr1-Index-Education', '2024-01-29 12:00:00', '2024-01-29 13:30:00', 22, 22, 10, 1, 6, 3),
('Cours-53776-42-M1-ILSEN-cla-Gr1-Index-Education', '2024-04-12 14:00:00', '2024-04-12 15:30:00', 22, 22, 10, 1, 6, 3),
('Cours-53777-32-M1-IA-IL-ALT-Index-Education', '2024-01-31 07:30:00', '2024-01-31 09:00:00', 22, 22, 10, 4, 6, 3),
('Cours-53777-32-M1-ILSEN-alt-GR1-Index-Education', '2024-01-31 07:30:00', '2024-01-31 09:00:00', 22, 22, 10, 2, 6, 3),
('Cours-53778-33-M1-ILSEN-cla-Gr1-Index-Education', '2024-02-07 07:30:00', '2024-02-07 09:00:00', 22, 22, 7, 1, 6, 3),
('Cours-53780-35-M1-ILSEN-cla-Gr1-Index-Education', '2024-02-21 07:30:00', '2024-02-21 09:00:00', 22, 22, 9, 1, 6, 3),
('Cours-53781-37-M1-ILSEN-cla-Gr1-Index-Education', '2024-03-07 09:00:00', '2024-03-07 10:30:00', 22, 22, 21, 1, 6, 3),
('Cours-53782-37-M1-ILSEN-cla-Gr1-Index-Education', '2024-03-05 15:00:00', '2024-03-05 16:30:00', 22, 22, 10, 1, 6, 3),
('Cours-53783-38-M1-ILSEN-cla-Gr1-Index-Education', '2024-03-12 15:00:00', '2024-03-12 16:30:00', 22, 22, 9, 1, 6, 3),
('Cours-53784-35-M1-IA-IL-CLA-Index-Education', '2024-02-21 10:30:00', '2024-02-21 12:00:00', 22, 22, 9, 3, 6, 3),
('Cours-53786-37-M1-IA-IL-CLA-Index-Education', '2024-03-05 07:30:00', '2024-03-05 09:00:00', 22, 22, 9, 3, 6, 3),
('Cours-53787-38-M1-IA-IL-CLA-Index-Education', '2024-03-12 12:00:00', '2024-03-12 13:30:00', 22, 22, 9, 3, 6, 3),
('Cours-53788-39-M1-IA-IL-CLA-Index-Education', '2024-03-19 10:30:00', '2024-03-19 12:00:00', 22, 22, 10, 3, 6, 3),
('Cours-53794-37-M1-IA-IL-CLA-Index-Education', '2024-03-07 15:00:00', '2024-03-07 16:30:00', 22, 22, 21, 3, 6, 3),
('Cours-53795-37-M1-ILSEN-cla-Gr1-Index-Education', '2024-03-06 12:00:00', '2024-03-06 13:30:00', 22, 22, 9, 1, 6, 3),
('Cours-53796-38-M1-IA-IL-CLA-Index-Education', '2024-03-13 09:00:00', '2024-03-13 10:30:00', 22, 22, 9, 3, 6, 3),
('Cours-53797-38-M1-ILSEN-cla-Gr1-Index-Education', '2024-03-12 13:30:00', '2024-03-12 15:00:00', 22, 22, 9, 1, 6, 3),
('Cours-53798-39-M1-IA-IL-CLA-Index-Education', '2024-03-20 13:30:00', '2024-03-20 15:00:00', 22, 22, 10, 3, 6, 3),
('Cours-5380-16-M1-IA-IL-CLA-Index-Education', '2023-10-11 14:00:00', '2023-10-11 17:00:00', 8, 8, 15, 3, 4, 3),
('Cours-53800-39-M1-ILSEN-cla-Gr1-Index-Education', '2024-03-21 07:30:00', '2024-03-21 09:00:00', 22, 22, 10, 1, 6, 3),
('Cours-53808-47-M1-IA-IL-ALT-Index-Education', '2024-05-17 15:30:00', '2024-05-17 17:00:00', 22, 22, 3, 4, 5, 3),
('Cours-53808-47-M1-IA-IL-CLA-Index-Education', '2024-05-17 15:30:00', '2024-05-17 17:00:00', 22, 22, 3, 3, 5, 3),
('Cours-53808-47-M1-ILSEN-alt-GR1-Index-Education', '2024-05-17 15:30:00', '2024-05-17 17:00:00', 22, 22, 3, 2, 5, 3),
('Cours-53809-39-M1-IA-IL-ALT-Index-Education', '2024-03-22 13:30:00', '2024-03-22 15:00:00', 22, 22, 3, 4, 5, 3),
('Cours-53809-39-M1-IA-IL-CLA-Index-Education', '2024-03-22 13:30:00', '2024-03-22 15:00:00', 22, 22, 3, 3, 5, 3),
('Cours-53809-39-M1-ILSEN-alt-GR1-Index-Education', '2024-03-22 13:30:00', '2024-03-22 15:00:00', 22, 22, 3, 2, 5, 3),
('Cours-53812-47-M1-ILSEN-cla-Gr1-Index-Education', '2024-05-16 08:00:00', '2024-05-16 09:30:00', 22, 22, 10, 1, 6, 3),
('Cours-53813-45-M1-ILSEN-cla-Gr1-Index-Education', '2024-04-30 12:30:00', '2024-04-30 14:00:00', 22, 22, 10, 1, 6, 3),
('Cours-53813-46-M1-ILSEN-cla-Gr1-Index-Education', '2024-05-07 12:30:00', '2024-05-07 14:00:00', 22, 22, 10, 1, 6, 3),
('Cours-53815-39-M1-ILSEN-cla-Gr1-Index-Education', '2024-03-18 15:00:00', '2024-03-18 18:00:00', 17, 18, 12, 1, 4, 3),
('Cours-53816-39-M1-ILSEN-cla-Gr1-Index-Education', '2024-03-19 07:30:00', '2024-03-19 10:30:00', 17, 18, 6, 1, 4, 3),
('Cours-53817-40-M1-ILSEN-cla-Gr1-Index-Education', '2024-03-27 07:30:00', '2024-03-27 10:30:00', 17, 18, 12, 1, 4, 3),
('Cours-53818-40-M1-ILSEN-cla-Gr1-Index-Education', '2024-03-29 07:30:00', '2024-03-29 10:30:00', 17, 18, 12, 1, 4, 3),
('Cours-53819-41-M1-ILSEN-cla-Gr1-Index-Education', '2024-04-03 06:30:00', '2024-04-03 09:30:00', 17, 18, 18, 1, 4, 3),
('Cours-5382-18-M1-IA-IL-CLA-Index-Education', '2023-10-25 06:30:00', '2023-10-25 09:30:00', 8, 8, 15, 3, 4, 3),
('Cours-53820-40-M1-ILSEN-cla-Gr1-Index-Education', '2024-03-26 15:00:00', '2024-03-26 18:00:00', 17, 18, 18, 1, 4, 3),
('Cours-53822-39-M1-ILSEN-cla-Gr1-Index-Education', '2024-03-19 16:30:00', '2024-03-19 18:00:00', 17, 18, 18, 1, 4, 3),
('Cours-53823-39-M1-ILSEN-alt-GR1-Index-Education', '2024-03-20 15:00:00', '2024-03-20 18:00:00', 17, 13, 6, 2, 4, 3),
('Cours-53824-38-M1-ILSEN-alt-GR1-Index-Education', '2024-03-14 07:30:00', '2024-03-14 10:30:00', 17, 26, 15, 2, 4, 3),
('Cours-53825-42-M1-ILSEN-alt-GR1-Index-Education', '2024-04-08 11:00:00', '2024-04-08 14:00:00', 17, 13, 12, 2, 4, 3),
('Cours-53830-39-M1-ILSEN-alt-GR1-Index-Education', '2024-03-18 07:30:00', '2024-03-18 10:30:00', 17, 13, 6, 2, 4, 3),
('Cours-53831-43-M1-ILSEN-alt-GR1-Index-Education', '2024-04-16 06:30:00', '2024-04-16 09:30:00', 17, 26, 6, 2, 4, 3),
('Cours-53832-42-M1-ILSEN-alt-GR1-Index-Education', '2024-04-12 06:30:00', '2024-04-12 09:30:00', 17, 13, 6, 2, 4, 3),
('Cours-53833-47-M1-ILSEN-alt-GR1-Index-Education', '2024-05-16 08:00:00', '2024-05-16 11:00:00', 17, 13, 12, 2, 4, 3),
('Cours-53841-34-M1-IA-IL-ALT-Index-Education', '2024-02-13 12:00:00', '2024-02-13 15:00:00', 23, 23, 11, 4, 3, 3),
('Cours-53841-34-M1-IA-IL-CLA-Index-Education', '2024-02-13 12:00:00', '2024-02-13 15:00:00', 23, 23, 11, 3, 3, 3),
('Cours-53841-34-M1-ILSEN-alt-GR1-Index-Education', '2024-02-13 12:00:00', '2024-02-13 15:00:00', 23, 23, 11, 2, 3, 3),
('Cours-53841-34-M1-ILSEN-cla-Gr1-Index-Education', '2024-02-13 12:00:00', '2024-02-13 15:00:00', 23, 23, 11, 1, 3, 3),
('Cours-53842-32-M1-IA-IL-ALT-Index-Education', '2024-01-30 07:30:00', '2024-01-30 09:00:00', 23, 23, 11, 4, 3, 3),
('Cours-53842-32-M1-IA-IL-CLA-Index-Education', '2024-01-30 07:30:00', '2024-01-30 09:00:00', 23, 23, 11, 3, 3, 3),
('Cours-53842-32-M1-ILSEN-alt-GR1-Index-Education', '2024-01-30 07:30:00', '2024-01-30 09:00:00', 23, 23, 11, 2, 3, 3),
('Cours-53842-32-M1-ILSEN-cla-Gr1-Index-Education', '2024-01-30 07:30:00', '2024-01-30 09:00:00', 23, 23, 11, 1, 3, 3),
('Cours-53843-32-M1-IA-IL-ALT-Index-Education', '2024-02-02 07:30:00', '2024-02-02 09:00:00', 23, 24, 8, 4, 3, 3),
('Cours-53843-32-M1-IA-IL-CLA-Index-Education', '2024-02-02 07:30:00', '2024-02-02 09:00:00', 23, 24, 8, 3, 3, 3),
('Cours-53843-32-M1-ILSEN-alt-GR1-Index-Education', '2024-02-02 07:30:00', '2024-02-02 09:00:00', 23, 24, 8, 2, 3, 3),
('Cours-53843-32-M1-ILSEN-cla-Gr1-Index-Education', '2024-02-02 07:30:00', '2024-02-02 09:00:00', 23, 24, 8, 1, 3, 3),
('Cours-53843-33-M1-IA-IL-ALT-Index-Education', '2024-02-09 07:30:00', '2024-02-09 09:00:00', 23, 24, 8, 4, 3, 3),
('Cours-53843-33-M1-IA-IL-CLA-Index-Education', '2024-02-09 07:30:00', '2024-02-09 09:00:00', 23, 24, 8, 3, 3, 3),
('Cours-53843-33-M1-ILSEN-alt-GR1-Index-Education', '2024-02-09 07:30:00', '2024-02-09 09:00:00', 23, 24, 8, 2, 3, 3),
('Cours-53843-33-M1-ILSEN-cla-Gr1-Index-Education', '2024-02-09 07:30:00', '2024-02-09 09:00:00', 23, 24, 8, 1, 3, 3),
('Cours-53867-34-M1-IA-IL-CLA-Index-Education', '2024-02-16 15:00:00', '2024-02-16 18:00:00', 23, 24, 15, 3, 4, 3),
('Cours-53868-37-M1-IA-IL-CLA-Index-Education', '2024-03-07 12:00:00', '2024-03-07 15:00:00', 23, 24, 22, 3, 4, 3),
('Cours-53868-41-M1-IA-IL-CLA-Index-Education', '2024-04-04 11:00:00', '2024-04-04 14:00:00', 23, 24, 13, 3, 4, 3),
('Cours-53869-34-M1-IA-IL-ALT-Index-Education', '2024-02-14 15:00:00', '2024-02-14 18:00:00', 23, 24, 6, 4, 4, 3),
('Cours-53869-34-M1-ILSEN-alt-GR1-Index-Education', '2024-02-14 15:00:00', '2024-02-14 18:00:00', 23, 24, 6, 2, 4, 3),
('Cours-53871-34-M1-ILSEN-cla-Gr1-Index-Education', '2024-02-12 13:30:00', '2024-02-12 16:30:00', 23, 25, 15, 1, 4, 3),
('Cours-53872-39-M1-ILSEN-cla-Gr1-Index-Education', '2024-03-18 12:00:00', '2024-03-18 15:00:00', 23, 25, 14, 1, 4, 3),
('Cours-53875-35-M1-ILSEN-cla-Gr1-Index-Education', '2024-02-19 07:30:00', '2024-02-19 10:30:00', 23, 25, 12, 1, 4, 3),
('Cours-53879-37-M1-IA-IL-ALT-Index-Education', '2024-03-04 12:00:00', '2024-03-04 15:00:00', 23, 24, 12, 4, 4, 3),
('Cours-53879-37-M1-ILSEN-alt-GR1-Index-Education', '2024-03-04 12:00:00', '2024-03-04 15:00:00', 23, 24, 12, 2, 4, 3),
('Cours-53879-38-M1-IA-IL-ALT-Index-Education', '2024-03-11 12:00:00', '2024-03-11 15:00:00', 23, 24, 14, 4, 4, 3),
('Cours-53879-38-M1-ILSEN-alt-GR1-Index-Education', '2024-03-11 12:00:00', '2024-03-11 15:00:00', 23, 24, 14, 2, 4, 3),
('Cours-53880-38-M1-ILSEN-cla-Gr1-Index-Education', '2024-03-13 13:30:00', '2024-03-13 16:30:00', 23, 25, 14, 1, 4, 3),
('Cours-53882-39-M1-IA-IL-ALT-Index-Education', '2024-03-20 12:00:00', '2024-03-20 13:30:00', 23, 24, 5, 4, 4, 3),
('Cours-53882-39-M1-ILSEN-alt-GR1-Index-Education', '2024-03-20 12:00:00', '2024-03-20 13:30:00', 23, 24, 5, 2, 4, 3),
('Cours-53883-35-M1-IA-IL-CLA-Index-Education', '2024-02-20 13:30:00', '2024-02-20 16:30:00', 23, 24, 12, 3, 4, 3),
('Cours-53883-38-M1-IA-IL-CLA-Index-Education', '2024-03-12 13:30:00', '2024-03-12 16:30:00', 23, 24, 14, 3, 4, 3),
('Cours-53883-39-M1-IA-IL-CLA-Index-Education', '2024-03-19 13:30:00', '2024-03-19 16:30:00', 23, 24, 18, 3, 4, 3),
('Cours-53885-40-M1-IA-IL-CLA-Index-Education', '2024-03-25 12:00:00', '2024-03-25 13:30:00', 23, 24, 12, 3, 4, 3),
('Cours-53887-40-M1-ILSEN-cla-Gr1-Index-Education', '2024-03-26 12:00:00', '2024-03-26 13:30:00', 23, 25, 12, 1, 4, 3),
('Cours-53892-38-M1-IA-IL-ALT-Index-Education', '2024-03-11 07:30:00', '2024-03-11 10:30:00', 23, 24, 14, 4, 4, 3),
('Cours-53892-38-M1-ILSEN-alt-GR1-Index-Education', '2024-03-11 07:30:00', '2024-03-11 10:30:00', 23, 24, 14, 2, 4, 3),
('Cours-53895-39-M1-IA-IL-ALT-Index-Education', '2024-03-23 14:00:00', '2024-03-23 17:00:00', 23, 24, 12, 4, 4, 3),
('Cours-53895-39-M1-ILSEN-alt-GR1-Index-Education', '2024-03-23 14:00:00', '2024-03-23 17:00:00', 23, 24, 12, 2, 4, 3),
('Cours-53896-42-M1-IA-IL-ALT-Index-Education', '2024-04-08 14:00:00', '2024-04-08 17:00:00', 23, 24, 12, 4, 4, 3),
('Cours-53896-42-M1-ILSEN-alt-GR1-Index-Education', '2024-04-08 14:00:00', '2024-04-08 17:00:00', 23, 24, 12, 2, 4, 3),
('Cours-53898-32-M1-IA-IL-ALT-Index-Education', '2024-01-30 09:00:00', '2024-01-30 12:00:00', 24, 20, 11, 4, 3, 3),
('Cours-53898-32-M1-IA-IL-CLA-Index-Education', '2024-01-30 09:00:00', '2024-01-30 12:00:00', 24, 20, 11, 3, 3, 3),
('Cours-53898-32-M1-ILSEN-alt-GR1-Index-Education', '2024-01-30 09:00:00', '2024-01-30 12:00:00', 24, 20, 11, 2, 3, 3),
('Cours-53898-32-M1-ILSEN-cla-Gr1-Index-Education', '2024-01-30 09:00:00', '2024-01-30 12:00:00', 24, 20, 11, 1, 3, 3),
('Cours-53899-32-M1-IA-IL-ALT-Index-Education', '2024-02-02 09:00:00', '2024-02-02 12:00:00', 24, 20, 8, 4, 3, 3),
('Cours-53899-32-M1-IA-IL-CLA-Index-Education', '2024-02-02 09:00:00', '2024-02-02 12:00:00', 24, 20, 8, 3, 3, 3),
('Cours-53899-32-M1-ILSEN-alt-GR1-Index-Education', '2024-02-02 09:00:00', '2024-02-02 12:00:00', 24, 20, 8, 2, 3, 3),
('Cours-53899-32-M1-ILSEN-cla-Gr1-Index-Education', '2024-02-02 09:00:00', '2024-02-02 12:00:00', 24, 20, 8, 1, 3, 3),
('Cours-53924-33-M1-ILSEN-cla-Gr1-Index-Education', '2024-02-06 07:30:00', '2024-02-06 10:30:00', 24, 20, 6, 1, 4, 3),
('Cours-53934-33-M1-IA-IL-CLA-Index-Education', '2024-02-05 13:30:00', '2024-02-05 16:30:00', 24, 41, 12, 3, 4, 3),
('Cours-53934-39-M1-IA-IL-CLA-Index-Education', '2024-03-18 13:30:00', '2024-03-18 16:30:00', 24, 41, 15, 3, 4, 3),
('Cours-53935-40-M1-ILSEN-cla-Gr1-Index-Education', '2024-03-25 12:00:00', '2024-03-25 13:30:00', 24, 20, 6, 1, 5, 3),
('Cours-53937-40-M1-IA-IL-CLA-Index-Education', '2024-03-25 13:30:00', '2024-03-25 15:00:00', 24, 41, 6, 3, 5, 3),
('Cours-53938-34-M1-ILSEN-cla-Gr1-Index-Education', '2024-02-15 13:30:00', '2024-02-15 16:30:00', 24, 20, 15, 1, 4, 3),
('Cours-53939-34-M1-IA-IL-ALT-Index-Education', '2024-02-15 07:30:00', '2024-02-15 10:30:00', 24, 21, 5, 4, 4, 3),
('Cours-53939-34-M1-ILSEN-alt-GR1-Index-Education', '2024-02-15 07:30:00', '2024-02-15 10:30:00', 24, 21, 5, 2, 4, 3),
('Cours-53940-34-M1-IA-IL-CLA-Index-Education', '2024-02-13 07:30:00', '2024-02-13 10:30:00', 24, 41, 27, 3, 4, 3),
('Cours-53943-35-M1-ILSEN-cla-Gr1-Index-Education', '2024-02-23 13:30:00', '2024-02-23 16:30:00', 24, 20, 5, 1, 4, 3),
('Cours-53944-35-M1-IA-IL-CLA-Index-Education', '2024-02-21 13:30:00', '2024-02-21 16:30:00', 24, 41, 5, 3, 4, 3),
('Cours-53945-37-M1-ILSEN-cla-Gr1-Index-Education', '2024-03-04 15:00:00', '2024-03-04 18:00:00', 24, 20, 18, 1, 4, 3),
('Cours-53947-38-M1-ILSEN-cla-Gr1-Index-Education', '2024-03-11 12:00:00', '2024-03-11 15:00:00', 24, 20, 15, 1, 4, 3),
('Cours-53948-38-M1-IA-IL-ALT-Index-Education', '2024-03-12 12:00:00', '2024-03-12 15:00:00', 24, 21, 15, 4, 4, 3),
('Cours-53948-38-M1-ILSEN-alt-GR1-Index-Education', '2024-03-12 12:00:00', '2024-03-12 15:00:00', 24, 21, 15, 2, 4, 3),
('Cours-53949-37-M1-IA-IL-CLA-Index-Education', '2024-03-04 07:30:00', '2024-03-04 10:30:00', 24, 41, 18, 3, 4, 3),
('Cours-53949-38-M1-IA-IL-CLA-Index-Education', '2024-03-11 07:30:00', '2024-03-11 10:30:00', 24, 41, 15, 3, 4, 3),
('Cours-53956-39-M1-ILSEN-cla-Gr1-Index-Education', '2024-03-20 13:30:00', '2024-03-20 16:30:00', 24, 20, 15, 1, 4, 3),
('Cours-53957-33-M1-IA-IL-ALT-Index-Education', '2024-02-06 07:30:00', '2024-02-06 10:30:00', 24, 21, 5, 4, 4, 3),
('Cours-53957-33-M1-ILSEN-alt-GR1-Index-Education', '2024-02-06 07:30:00', '2024-02-06 10:30:00', 24, 21, 5, 2, 4, 3),
('Cours-53957-39-M1-IA-IL-ALT-Index-Education', '2024-03-19 07:30:00', '2024-03-19 10:30:00', 24, 21, 27, 4, 4, 3),
('Cours-53957-39-M1-ILSEN-alt-GR1-Index-Education', '2024-03-19 07:30:00', '2024-03-19 10:30:00', 24, 21, 27, 2, 4, 3),
('Cours-53964-39-M1-IA-IL-ALT-Index-Education', '2024-03-19 10:30:00', '2024-03-19 12:00:00', 24, 21, 6, 4, 5, 3),
('Cours-53964-39-M1-ILSEN-alt-GR1-Index-Education', '2024-03-19 10:30:00', '2024-03-19 12:00:00', 24, 21, 6, 2, 5, 3),
('Cours-5399-17-M1-IA-IL-ALT-Index-Education', '2023-10-18 14:00:00', '2023-10-18 17:00:00', 8, 8, 18, 4, 4, 3),
('Cours-5401-17-M1-ILSEN-cla-Gr1-Index-Education', '2023-10-19 11:00:00', '2023-10-19 14:00:00', 8, 8, 12, 1, 4, 3),
('Cours-5402-21-M1-IA-IL-ALT-Index-Education', '2023-11-16 13:30:00', '2023-11-16 16:30:00', 8, 8, 27, 4, 4, 3),
('Cours-5403-16-M1-ILSEN-cla-Gr1-Index-Education', '2023-10-10 08:00:00', '2023-10-10 11:00:00', 8, 8, 12, 1, 4, 3),
('Cours-5405-17-M1-IA-IL-ALT-Index-Education', '2023-10-19 06:30:00', '2023-10-19 09:30:00', 8, 8, 5, 4, 4, 3),
('Cours-5407-12-M1-IA-IL-ALT-Index-Education', '2023-09-13 14:00:00', '2023-09-13 15:30:00', 9, 4, 2, 4, 3, 3),
('Cours-5407-12-M1-IA-IL-CLA-Index-Education', '2023-09-13 14:00:00', '2023-09-13 15:30:00', 9, 4, 2, 3, 3, 3),
('Cours-5407-12-M1-ILSEN-cla-Gr1-Index-Education', '2023-09-13 14:00:00', '2023-09-13 15:30:00', 9, 4, 2, 1, 3, 3),
('Cours-54105-32-M1-IA-IL-ALT-Index-Education', '2024-01-29 10:30:00', '2024-01-29 12:00:00', 31, 44, 28, 4, 3, 3),
('Cours-54105-32-M1-IA-IL-CLA-Index-Education', '2024-01-29 10:30:00', '2024-01-29 12:00:00', 31, 44, 28, 3, 3, 3),
('Cours-54111-32-M1-IA-IL-ALT-Index-Education', '2024-02-01 13:30:00', '2024-02-01 15:00:00', 31, 44, 11, 4, 3, 3),
('Cours-54111-32-M1-IA-IL-CLA-Index-Education', '2024-02-01 13:30:00', '2024-02-01 15:00:00', 31, 44, 11, 3, 3, 3),
('Cours-54113-34-M1-IA-IL-ALT-Index-Education', '2024-02-12 09:00:00', '2024-02-12 10:30:00', 31, 44, 28, 4, 3, 3),
('Cours-54113-34-M1-IA-IL-CLA-Index-Education', '2024-02-12 09:00:00', '2024-02-12 10:30:00', 31, 44, 28, 3, 3, 3),
('Cours-54124-37-M1-IA-IL-ALT-Index-Education', '2024-03-06 07:30:00', '2024-03-06 09:00:00', 31, 28, 28, 4, 3, 3),
('Cours-54124-37-M1-IA-IL-CLA-Index-Education', '2024-03-06 07:30:00', '2024-03-06 09:00:00', 31, 28, 28, 3, 3, 3),
('Cours-54124-38-M1-IA-IL-ALT-Index-Education', '2024-03-13 07:30:00', '2024-03-13 09:00:00', 31, 28, 28, 4, 3, 3),
('Cours-54124-38-M1-IA-IL-CLA-Index-Education', '2024-03-13 07:30:00', '2024-03-13 09:00:00', 31, 28, 28, 3, 3, 3),
('Cours-54135-38-M1-IA-IL-ALT-Index-Education', '2024-03-14 13:30:00', '2024-03-14 15:00:00', 31, 28, 2, 4, 3, 3),
('Cours-54135-38-M1-IA-IL-CLA-Index-Education', '2024-03-14 13:30:00', '2024-03-14 15:00:00', 31, 28, 2, 3, 3, 3),
('Cours-54136-39-M1-IA-IL-ALT-Index-Education', '2024-03-18 07:30:00', '2024-03-18 09:00:00', 31, 28, 28, 4, 3, 3),
('Cours-54136-39-M1-IA-IL-CLA-Index-Education', '2024-03-18 07:30:00', '2024-03-18 09:00:00', 31, 28, 28, 3, 3, 3),
('Cours-54142-39-M1-IA-IL-ALT-Index-Education', '2024-03-20 07:30:00', '2024-03-20 09:00:00', 31, 28, 28, 4, 3, 3),
('Cours-54142-39-M1-IA-IL-CLA-Index-Education', '2024-03-20 07:30:00', '2024-03-20 09:00:00', 31, 28, 28, 3, 3, 3),
('Cours-54144-47-M1-IA-IL-ALT-Index-Education', '2024-05-13 06:30:00', '2024-05-13 08:00:00', 31, 28, 8, 4, 5, 3),
('Cours-54144-47-M1-IA-IL-CLA-Index-Education', '2024-05-13 06:30:00', '2024-05-13 08:00:00', 31, 28, 8, 3, 5, 3),
('Cours-54145-42-M1-IA-IL-ALT-Index-Education', '2024-04-08 06:30:00', '2024-04-08 08:00:00', 31, 28, 28, 4, 3, 3),
('Cours-54145-42-M1-IA-IL-CLA-Index-Education', '2024-04-08 06:30:00', '2024-04-08 08:00:00', 31, 28, 28, 3, 3, 3),
('Cours-54148-34-M1-IA-IL-ALT-Index-Education', '2024-02-12 12:00:00', '2024-02-12 15:00:00', 31, 44, 22, 4, 4, 3),
('Cours-54148-34-M1-IA-IL-CLA-Index-Education', '2024-02-12 12:00:00', '2024-02-12 15:00:00', 31, 44, 22, 3, 4, 3),
('Cours-54148-42-M1-IA-IL-ALT-Index-Education', '2024-04-08 11:00:00', '2024-04-08 14:00:00', 31, 28, 14, 4, 4, 3),
('Cours-54148-42-M1-IA-IL-CLA-Index-Education', '2024-04-08 11:00:00', '2024-04-08 14:00:00', 31, 28, 14, 3, 4, 3),
('Cours-54148-43-M1-IA-IL-ALT-Index-Education', '2024-04-15 11:00:00', '2024-04-15 14:00:00', 31, 28, 14, 4, 4, 3),
('Cours-54148-43-M1-IA-IL-CLA-Index-Education', '2024-04-15 11:00:00', '2024-04-15 14:00:00', 31, 28, 14, 3, 4, 3),
('Cours-54149-38-M1-IA-IL-ALT-Index-Education', '2024-03-15 07:30:00', '2024-03-15 10:30:00', 31, 28, 6, 4, 4, 3),
('Cours-54149-38-M1-IA-IL-CLA-Index-Education', '2024-03-15 07:30:00', '2024-03-15 10:30:00', 31, 28, 6, 3, 4, 3),
('Cours-54150-39-M1-IA-IL-ALT-Index-Education', '2024-03-21 09:00:00', '2024-03-21 12:00:00', 31, 28, 14, 4, 4, 3),
('Cours-54150-39-M1-IA-IL-CLA-Index-Education', '2024-03-21 09:00:00', '2024-03-21 12:00:00', 31, 28, 14, 3, 4, 3),
('Cours-54156-32-M1-IA-IL-ALT-Index-Education', '2024-02-01 07:30:00', '2024-02-01 09:00:00', 30, 43, 8, 4, 3, 3),
('Cours-54156-32-M1-IA-IL-CLA-Index-Education', '2024-02-01 07:30:00', '2024-02-01 09:00:00', 30, 43, 8, 3, 3, 3),
('Cours-54158-33-M1-IA-IL-ALT-Index-Education', '2024-02-07 07:30:00', '2024-02-07 09:00:00', 30, 43, 11, 4, 3, 3),
('Cours-54158-33-M1-IA-IL-CLA-Index-Education', '2024-02-07 07:30:00', '2024-02-07 09:00:00', 30, 43, 11, 3, 3, 3),
('Cours-54159-32-M1-IA-IL-ALT-Index-Education', '2024-01-31 09:00:00', '2024-01-31 10:30:00', 30, 43, 11, 4, 3, 3),
('Cours-54159-32-M1-IA-IL-CLA-Index-Education', '2024-01-31 09:00:00', '2024-01-31 10:30:00', 30, 43, 11, 3, 3, 3),
('Cours-54164-33-M1-IA-IL-ALT-Index-Education', '2024-02-08 07:30:00', '2024-02-08 09:00:00', 30, 43, 2, 4, 3, 3),
('Cours-54164-33-M1-IA-IL-CLA-Index-Education', '2024-02-08 07:30:00', '2024-02-08 09:00:00', 30, 43, 2, 3, 3, 3),
('Cours-54165-34-M1-IA-IL-ALT-Index-Education', '2024-02-15 10:30:00', '2024-02-15 12:00:00', 30, 43, 8, 4, 3, 3),
('Cours-54165-34-M1-IA-IL-CLA-Index-Education', '2024-02-15 10:30:00', '2024-02-15 12:00:00', 30, 43, 8, 3, 3, 3),
('Cours-54175-37-M1-IA-IL-ALT-Index-Education', '2024-03-08 07:30:00', '2024-03-08 09:00:00', 30, 45, 8, 4, 3, 3),
('Cours-54175-37-M1-IA-IL-CLA-Index-Education', '2024-03-08 07:30:00', '2024-03-08 09:00:00', 30, 45, 8, 3, 3, 3),
('Cours-54180-39-M1-IA-IL-ALT-Index-Education', '2024-03-18 09:00:00', '2024-03-18 10:30:00', 30, 45, 8, 4, 3, 3),
('Cours-54180-39-M1-IA-IL-CLA-Index-Education', '2024-03-18 09:00:00', '2024-03-18 10:30:00', 30, 45, 8, 3, 3, 3),
('Cours-54181-38-M1-IA-IL-ALT-Index-Education', '2024-03-14 10:30:00', '2024-03-14 12:00:00', 30, 45, 8, 4, 3, 3),
('Cours-54181-38-M1-IA-IL-CLA-Index-Education', '2024-03-14 10:30:00', '2024-03-14 12:00:00', 30, 45, 8, 3, 3, 3),
('Cours-54182-39-M1-IA-IL-ALT-Index-Education', '2024-03-20 09:00:00', '2024-03-20 10:30:00', 30, 45, 8, 4, 3, 3),
('Cours-54182-39-M1-IA-IL-CLA-Index-Education', '2024-03-20 09:00:00', '2024-03-20 10:30:00', 30, 45, 8, 3, 3, 3),
('Cours-54183-32-M1-IA-IL-ALT-Index-Education', '2024-02-02 15:00:00', '2024-02-02 18:00:00', 30, 43, 15, 4, 4, 3),
('Cours-54183-32-M1-IA-IL-CLA-Index-Education', '2024-02-02 15:00:00', '2024-02-02 18:00:00', 30, 43, 15, 3, 4, 3),
('Cours-54186-33-M1-IA-IL-ALT-Index-Education', '2024-02-08 12:00:00', '2024-02-08 15:00:00', 30, 43, 15, 4, 4, 3),
('Cours-54186-33-M1-IA-IL-CLA-Index-Education', '2024-02-08 12:00:00', '2024-02-08 15:00:00', 30, 43, 15, 3, 4, 3),
('Cours-54196-38-M1-IA-IL-ALT-Index-Education', '2024-03-15 12:00:00', '2024-03-15 15:00:00', 30, 45, 13, 4, 4, 3),
('Cours-54196-38-M1-IA-IL-CLA-Index-Education', '2024-03-15 12:00:00', '2024-03-15 15:00:00', 30, 45, 13, 3, 4, 3),
('Cours-54197-37-M1-IA-IL-ALT-Index-Education', '2024-03-08 15:00:00', '2024-03-08 18:00:00', 30, 45, 15, 4, 4, 3),
('Cours-54197-37-M1-IA-IL-CLA-Index-Education', '2024-03-08 15:00:00', '2024-03-08 18:00:00', 30, 45, 15, 3, 4, 3),
('Cours-54199-42-M1-IA-IL-ALT-Index-Education', '2024-04-09 11:00:00', '2024-04-09 14:00:00', 30, 45, 14, 4, 4, 3),
('Cours-54199-42-M1-IA-IL-CLA-Index-Education', '2024-04-09 11:00:00', '2024-04-09 14:00:00', 30, 45, 14, 3, 4, 3),
('Cours-54201-43-M1-IA-IL-ALT-Index-Education', '2024-04-16 06:30:00', '2024-04-16 09:30:00', 30, 45, 14, 4, 4, 3),
('Cours-54201-43-M1-IA-IL-CLA-Index-Education', '2024-04-16 06:30:00', '2024-04-16 09:30:00', 30, 45, 14, 3, 4, 3),
('Cours-54202-42-M1-IA-IL-ALT-Index-Education', '2024-04-10 11:00:00', '2024-04-10 14:00:00', 30, 45, 14, 4, 4, 3),
('Cours-54202-42-M1-IA-IL-CLA-Index-Education', '2024-04-10 11:00:00', '2024-04-10 14:00:00', 30, 45, 14, 3, 4, 3),
('Cours-54212-33-M1-IA-IL-ALT-Index-Education', '2024-02-07 13:30:00', '2024-02-07 16:30:00', 30, 43, 15, 4, 4, 3),
('Cours-54212-33-M1-IA-IL-CLA-Index-Education', '2024-02-07 13:30:00', '2024-02-07 16:30:00', 30, 43, 15, 3, 4, 3),
('Cours-54217-37-M1-IA-IL-ALT-Index-Education', '2024-03-07 07:30:00', '2024-03-07 10:30:00', 30, 43, 12, 4, 4, 3),
('Cours-54217-37-M1-IA-IL-CLA-Index-Education', '2024-03-07 07:30:00', '2024-03-07 10:30:00', 30, 43, 12, 3, 4, 3),
('Cours-5422-13-M1-IA-IL-ALT-Index-Education', '2023-09-20 14:00:00', '2023-09-20 17:00:00', 9, 4, 3, 4, 3, 3),
('Cours-5422-13-M1-IA-IL-CLA-Index-Education', '2023-09-20 14:00:00', '2023-09-20 17:00:00', 9, 4, 3, 3, 3, 3),
('Cours-5422-13-M1-ILSEN-cla-Gr1-Index-Education', '2023-09-20 14:00:00', '2023-09-20 17:00:00', 9, 4, 3, 1, 3, 3),
('Cours-54226-43-M1-IA-IL-ALT-Index-Education', '2024-04-16 12:30:00', '2024-04-16 15:30:00', 32, 45, 14, 4, 4, 3),
('Cours-54226-43-M1-IA-IL-CLA-Index-Education', '2024-04-16 12:30:00', '2024-04-16 15:30:00', 32, 45, 14, 3, 4, 3),
('Cours-54227-42-M1-IA-IL-ALT-Index-Education', '2024-04-11 06:30:00', '2024-04-11 09:30:00', 32, 45, 14, 4, 4, 3),
('Cours-54227-42-M1-IA-IL-CLA-Index-Education', '2024-04-11 06:30:00', '2024-04-11 09:30:00', 32, 45, 14, 3, 4, 3),
('Cours-54228-42-M1-IA-IL-ALT-Index-Education', '2024-04-10 14:00:00', '2024-04-10 17:00:00', 32, 45, 14, 4, 4, 3),
('Cours-54228-42-M1-IA-IL-CLA-Index-Education', '2024-04-10 14:00:00', '2024-04-10 17:00:00', 32, 45, 14, 3, 4, 3),
('Cours-54229-43-M1-IA-IL-ALT-Index-Education', '2024-04-17 12:30:00', '2024-04-17 15:30:00', 32, 45, 14, 4, 4, 3),
('Cours-54229-43-M1-IA-IL-CLA-Index-Education', '2024-04-17 12:30:00', '2024-04-17 15:30:00', 32, 45, 14, 3, 4, 3),
('Cours-54231-47-M1-IA-IL-ALT-Index-Education', '2024-05-13 11:00:00', '2024-05-13 14:00:00', 32, 45, 14, 4, 4, 3),
('Cours-54231-47-M1-IA-IL-CLA-Index-Education', '2024-05-13 11:00:00', '2024-05-13 14:00:00', 32, 45, 14, 3, 4, 3),
('Cours-54235-47-M1-IA-IL-ALT-Index-Education', '2024-05-16 11:00:00', '2024-05-16 14:00:00', 32, 45, 14, 4, 4, 3),
('Cours-54235-47-M1-IA-IL-CLA-Index-Education', '2024-05-16 11:00:00', '2024-05-16 14:00:00', 32, 45, 14, 3, 4, 3),
('Cours-54240-47-M1-IA-IL-ALT-Index-Education', '2024-05-17 12:30:00', '2024-05-17 15:30:00', 32, 45, 6, 4, 4, 3),
('Cours-54240-47-M1-IA-IL-CLA-Index-Education', '2024-05-17 12:30:00', '2024-05-17 15:30:00', 32, 45, 6, 3, 4, 3),
('Cours-54241-42-M1-IA-IL-ALT-Index-Education', '2024-04-12 14:00:00', '2024-04-12 17:00:00', 32, 45, 14, 4, 4, 3),
('Cours-54241-42-M1-IA-IL-CLA-Index-Education', '2024-04-12 14:00:00', '2024-04-12 17:00:00', 32, 45, 14, 3, 4, 3),
('Cours-54266-33-M1-IA-IL-ALT-Index-Education', '2024-02-05 10:30:00', '2024-02-05 12:00:00', 15, 16, 3, 4, 3, 3),
('Cours-54266-33-M1-IA-IL-CLA-Index-Education', '2024-02-05 10:30:00', '2024-02-05 12:00:00', 15, 16, 3, 3, 3, 3),
('Cours-54266-33-M1-ILSEN-alt-GR1-Index-Education', '2024-02-05 10:30:00', '2024-02-05 12:00:00', 15, 16, 3, 2, 3, 3),
('Cours-54267-32-M1-IA-IL-ALT-Index-Education', '2024-01-30 13:30:00', '2024-01-30 16:30:00', 15, 16, 3, 4, 3, 3),
('Cours-54267-32-M1-IA-IL-CLA-Index-Education', '2024-01-30 13:30:00', '2024-01-30 16:30:00', 15, 16, 3, 3, 3, 3),
('Cours-54267-32-M1-ILSEN-alt-GR1-Index-Education', '2024-01-30 13:30:00', '2024-01-30 16:30:00', 15, 16, 3, 2, 3, 3),
('Cours-54268-34-M1-IA-IL-ALT-Index-Education', '2024-02-14 12:00:00', '2024-02-14 15:00:00', 15, 37, 3, 4, 10, 3),
('Cours-54268-34-M1-IA-IL-CLA-Index-Education', '2024-02-14 12:00:00', '2024-02-14 15:00:00', 15, 37, 3, 3, 10, 3),
('Cours-54268-34-M1-ILSEN-alt-GR1-Index-Education', '2024-02-14 12:00:00', '2024-02-14 15:00:00', 15, 37, 3, 2, 10, 3),
('Cours-54275-34-M1-IA-IL-ALT-Index-Education', '2024-02-14 09:00:00', '2024-02-14 10:30:00', 15, 16, 3, 4, 3, 3),
('Cours-54275-34-M1-IA-IL-CLA-Index-Education', '2024-02-14 09:00:00', '2024-02-14 10:30:00', 15, 16, 3, 3, 3, 3),
('Cours-54275-34-M1-ILSEN-alt-GR1-Index-Education', '2024-02-14 09:00:00', '2024-02-14 10:30:00', 15, 16, 3, 2, 3, 3),
('Cours-54276-37-M1-IA-IL-ALT-Index-Education', '2024-03-05 13:30:00', '2024-03-05 15:00:00', 22, 22, 28, 4, 6, 3),
('Cours-54276-37-M1-ILSEN-alt-GR1-Index-Education', '2024-03-05 13:30:00', '2024-03-05 15:00:00', 22, 22, 28, 2, 6, 3),
('Cours-54278-37-M1-IA-IL-ALT-Index-Education', '2024-03-06 13:30:00', '2024-03-06 16:30:00', 15, 37, 3, 4, 10, 3),
('Cours-54278-37-M1-IA-IL-CLA-Index-Education', '2024-03-06 13:30:00', '2024-03-06 16:30:00', 15, 37, 3, 3, 10, 3),
('Cours-54278-37-M1-ILSEN-alt-GR1-Index-Education', '2024-03-06 13:30:00', '2024-03-06 16:30:00', 15, 37, 3, 2, 10, 3),
('Cours-54285-38-M1-IA-IL-ALT-Index-Education', '2024-03-14 15:00:00', '2024-03-14 18:00:00', 15, 38, 3, 4, 10, 3),
('Cours-54285-38-M1-IA-IL-CLA-Index-Education', '2024-03-14 15:00:00', '2024-03-14 18:00:00', 15, 38, 3, 3, 10, 3),
('Cours-54285-38-M1-ILSEN-alt-GR1-Index-Education', '2024-03-14 15:00:00', '2024-03-14 18:00:00', 15, 38, 3, 2, 10, 3),
('Cours-54286-37-M1-IA-IL-ALT-Index-Education', '2024-03-08 09:00:00', '2024-03-08 12:00:00', 31, 44, 14, 4, 4, 3),
('Cours-54286-37-M1-IA-IL-CLA-Index-Education', '2024-03-08 09:00:00', '2024-03-08 12:00:00', 31, 44, 14, 3, 4, 3),
('Cours-54288-47-M1-IA-IL-ALT-Index-Education', '2024-05-17 09:30:00', '2024-05-17 11:00:00', 15, 16, 33, 4, 7, 34),
('Cours-54288-47-M1-IA-IL-CLA-Index-Education', '2024-05-17 09:30:00', '2024-05-17 11:00:00', 15, 16, 33, 3, 7, 34),
('Cours-54288-47-M1-ILSEN-alt-GR1-Index-Education', '2024-05-17 09:30:00', '2024-05-17 11:00:00', 15, 16, 33, 2, 7, 34),
('Cours-54305-38-M1-IA-IL-ALT-Index-Education', '2024-03-12 15:00:00', '2024-03-12 16:30:00', 15, 16, 12, 4, 4, 3),
('Cours-54305-38-M1-ILSEN-alt-GR1-Index-Education', '2024-03-12 15:00:00', '2024-03-12 16:30:00', 15, 16, 12, 2, 4, 3),
('Cours-54312-46-M1-ILSEN-cla-Gr1-Index-Education', '2024-05-07 08:00:00', '2024-05-07 11:00:00', 15, 16, 12, 1, 4, 3),
('Cours-54313-46-M1-IA-IL-CLA-Index-Education', '2024-05-07 12:30:00', '2024-05-07 15:30:00', 15, 16, 12, 3, 4, 3),
('Cours-54316-47-M1-IA-IL-ALT-Index-Education', '2024-05-15 08:00:00', '2024-05-15 11:00:00', 15, 16, 12, 4, 4, 3),
('Cours-54316-47-M1-ILSEN-alt-GR1-Index-Education', '2024-05-15 08:00:00', '2024-05-15 11:00:00', 15, 16, 12, 2, 4, 3),
('Cours-54317-47-M1-IA-IL-ALT-Index-Education', '2024-05-16 14:00:00', '2024-05-16 15:30:00', 15, 16, 18, 4, 5, 35),
('Cours-54317-47-M1-IA-IL-CLA-Index-Education', '2024-05-16 14:00:00', '2024-05-16 15:30:00', 15, 16, 18, 3, 5, 35),
('Cours-54317-47-M1-ILSEN-alt-GR1-Index-Education', '2024-05-16 14:00:00', '2024-05-16 15:30:00', 15, 16, 18, 2, 5, 35),
('Cours-54324-43-M1-IA-IL-ALT-Index-Education', '2024-04-17 15:30:00', '2024-04-17 17:00:00', 15, 16, 5, 4, 10, 34),
('Cours-54324-43-M1-IA-IL-CLA-Index-Education', '2024-04-17 15:30:00', '2024-04-17 17:00:00', 15, 16, 5, 3, 10, 34);
INSERT INTO `seance` (`uid`, `dtStart`, `dtEnd`, `matiere_id`, `enseignant_id`, `salle_id`, `formation_id`, `type_id`, `memo_id`) VALUES
('Cours-54324-43-M1-ILSEN-alt-GR1-Index-Education', '2024-04-17 15:30:00', '2024-04-17 17:00:00', 15, 16, 5, 2, 10, 34),
('Cours-5440-16-M1-IA-IL-ALT-Index-Education', '2023-10-12 06:30:00', '2023-10-12 09:30:00', 9, 4, 27, 4, 4, 3),
('Cours-5444-17-M1-ILSEN-cla-Gr1-Index-Education', '2023-10-18 14:00:00', '2023-10-18 15:30:00', 4, 2, 5, 1, 4, 3),
('Cours-5451-20-M1-ILSEN-cla-Gr1-Index-Education', '2023-11-08 12:00:00', '2023-11-08 15:00:00', 9, 4, 13, 1, 4, 3),
('Cours-5451-21-M1-ILSEN-cla-Gr1-Index-Education', '2023-11-15 12:00:00', '2023-11-15 15:00:00', 9, 4, 13, 1, 4, 3),
('Cours-5458-20-M1-IA-IL-CLA-Index-Education', '2023-11-08 13:30:00', '2023-11-08 16:30:00', 8, 8, 15, 3, 4, 3),
('Cours-5496-13-M1-IA-IL-ALT-Index-Education', '2023-09-22 11:00:00', '2023-09-22 14:00:00', 10, 13, 14, 4, 4, 3),
('Cours-5499-12-M1-IA-IL-CLA-Index-Education', '2023-09-14 06:30:00', '2023-09-14 09:30:00', 10, 11, 12, 3, 4, 3),
('Cours-5499-12-M1-ILSEN-cla-Gr1-Index-Education', '2023-09-14 06:30:00', '2023-09-14 09:30:00', 10, 11, 12, 1, 4, 3),
('Cours-5500-13-M1-ILSEN-alt-GR1-Index-Education', '2023-09-21 12:30:00', '2023-09-21 14:00:00', 4, 2, 2, 2, 3, 3),
('Cours-5500-13-M1-ILSEN-cla-Gr1-Index-Education', '2023-09-21 12:30:00', '2023-09-21 14:00:00', 4, 2, 2, 1, 3, 3),
('Cours-5501-12-M1-ILSEN-alt-GR1-Index-Education', '2023-09-13 15:30:00', '2023-09-13 17:00:00', 4, 2, 2, 2, 3, 3),
('Cours-5501-12-M1-ILSEN-cla-Gr1-Index-Education', '2023-09-13 15:30:00', '2023-09-13 17:00:00', 4, 2, 2, 1, 3, 3),
('Cours-5505-17-M1-IA-IL-ALT-Index-Education', '2023-10-17 11:00:00', '2023-10-17 14:00:00', 10, 13, 13, 4, 4, 3),
('Cours-5508-17-M1-ILSEN-alt-GR1-Index-Education', '2023-10-18 12:30:00', '2023-10-18 14:00:00', 4, 2, 5, 2, 4, 3),
('Cours-5511-14-M1-IA-IL-CLA-Index-Education', '2023-09-26 06:30:00', '2023-09-26 09:30:00', 10, 11, 14, 3, 4, 3),
('Cours-5511-15-M1-IA-IL-CLA-Index-Education', '2023-10-03 06:30:00', '2023-10-03 09:30:00', 10, 11, 18, 3, 4, 3),
('Cours-5514-13-M1-IA-IL-CLA-Index-Education', '2023-09-20 11:00:00', '2023-09-20 14:00:00', 10, 11, 22, 3, 4, 3),
('Cours-5517-18-M1-IA-IL-CLA-Index-Education', '2023-10-23 11:00:00', '2023-10-23 14:00:00', 10, 11, 12, 3, 5, 3),
('Cours-5519-21-M1-IA-IL-ALT-Index-Education', '2023-11-13 09:00:00', '2023-11-13 12:00:00', 10, 13, 12, 4, 5, 3),
('Cours-5521-21-M1-ILSEN-alt-GR1-Index-Education', '2023-11-17 09:00:00', '2023-11-17 12:00:00', 10, 12, 14, 2, 5, 3),
('Cours-5522-17-M1-ILSEN-cla-Gr1-Index-Education', '2023-10-17 06:30:00', '2023-10-17 09:30:00', 10, 12, 14, 1, 4, 3),
('Cours-5526-16-M1-ILSEN-cla-Gr1-Index-Education', '2023-10-13 06:30:00', '2023-10-13 09:30:00', 10, 12, 15, 1, 4, 3),
('Cours-5529-12-M1-ILSEN-alt-GR1-Index-Education', '2023-09-13 08:00:00', '2023-09-13 09:30:00', 11, 13, 8, 2, 3, 3),
('Cours-5529-12-M1-ILSEN-cla-Gr1-Index-Education', '2023-09-13 08:00:00', '2023-09-13 09:30:00', 11, 13, 8, 1, 3, 3),
('Cours-5530-26-M1-ILSEN-alt-GR1-Index-Education', '2023-12-22 09:00:00', '2023-12-22 12:00:00', 11, 13, 3, 2, 5, 3),
('Cours-5530-26-M1-ILSEN-cla-Gr1-Index-Education', '2023-12-22 09:00:00', '2023-12-22 12:00:00', 11, 13, 3, 1, 5, 3),
('Cours-5564-21-M1-ILSEN-alt-GR1-Index-Education', '2023-11-13 12:00:00', '2023-11-13 15:00:00', 11, 13, 5, 2, 4, 3),
('Cours-5635-17-M1-IA-IL-CLA-Index-Education', '2023-10-16 14:00:00', '2023-10-16 17:00:00', 12, 13, 16, 3, 4, 3),
('Cours-5635-17-M1-ILSEN-cla-Gr1-Index-Education', '2023-10-16 14:00:00', '2023-10-16 17:00:00', 12, 13, 16, 1, 4, 3),
('Cours-5636-21-M1-IA-IL-CLA-Index-Education', '2023-11-15 15:00:00', '2023-11-15 18:00:00', 12, 13, 15, 3, 4, 3),
('Cours-5636-21-M1-ILSEN-cla-Gr1-Index-Education', '2023-11-15 15:00:00', '2023-11-15 18:00:00', 12, 13, 15, 1, 4, 3),
('Cours-5642-26-M1-IA-IL-CLA-Index-Education', '2023-12-18 12:00:00', '2023-12-18 15:00:00', 12, 13, 17, 3, 4, 3),
('Cours-5642-26-M1-ILSEN-cla-Gr1-Index-Education', '2023-12-18 12:00:00', '2023-12-18 15:00:00', 12, 13, 17, 1, 4, 3),
('Cours-56794-22-M1-ILSEN-cla-Gr1-Index-Education', '2023-11-23 09:00:00', '2023-11-23 12:00:00', 8, 8, 15, 1, 5, 3),
('Cours-5683-13-M1-IA-IL-CLA-Index-Education', '2023-09-22 06:30:00', '2023-09-22 11:00:00', 13, 14, 2, 3, 6, 5),
('Cours-5683-13-M1-ILSEN-cla-Gr1-Index-Education', '2023-09-22 06:30:00', '2023-09-22 11:00:00', 13, 14, 2, 1, 6, 5),
('Cours-5684-21-M1-IA-IL-CLA-Index-Education', '2023-11-16 09:00:00', '2023-11-16 10:30:00', 13, 14, 9, 3, 6, 6),
('Cours-5684-21-M1-ILSEN-cla-Gr1-Index-Education', '2023-11-16 09:00:00', '2023-11-16 10:30:00', 13, 14, 9, 1, 6, 6),
('Cours-5686-17-M1-IA-IL-CLA-Index-Education', '2023-10-19 08:00:00', '2023-10-19 11:00:00', 13, 14, 8, 3, 6, 7),
('Cours-5686-17-M1-ILSEN-cla-Gr1-Index-Education', '2023-10-19 08:00:00', '2023-10-19 11:00:00', 13, 14, 8, 1, 6, 7),
('Cours-5689-22-M1-IA-IL-CLA-Index-Education', '2023-11-20 09:00:00', '2023-11-20 12:00:00', 14, 15, 8, 3, 6, 8),
('Cours-5689-22-M1-ILSEN-cla-Gr1-Index-Education', '2023-11-20 09:00:00', '2023-11-20 12:00:00', 14, 15, 8, 1, 6, 8),
('Cours-5699-23-M1-IA-IL-CLA-Index-Education', '2023-11-29 07:30:00', '2023-11-29 10:30:00', 14, 15, 8, 3, 6, 8),
('Cours-5699-23-M1-ILSEN-cla-Gr1-Index-Education', '2023-11-29 07:30:00', '2023-11-29 10:30:00', 14, 15, 8, 1, 6, 8),
('Cours-5715-23-M1-IA-IL-CLA-Index-Education', '2023-11-28 13:30:00', '2023-11-28 16:30:00', 14, 15, 8, 3, 6, 8),
('Cours-5715-23-M1-ILSEN-cla-Gr1-Index-Education', '2023-11-28 13:30:00', '2023-11-28 16:30:00', 14, 15, 8, 1, 6, 8),
('Cours-5716-24-M1-IA-IL-CLA-Index-Education', '2023-12-05 09:00:00', '2023-12-05 10:30:00', 14, 15, 8, 3, 6, 8),
('Cours-5716-24-M1-ILSEN-cla-Gr1-Index-Education', '2023-12-05 09:00:00', '2023-12-05 10:30:00', 14, 15, 8, 1, 6, 8),
('Cours-5845-16-M1-ILSEN-alt-GR1-Index-Education', '2023-10-10 12:30:00', '2023-10-10 14:00:00', 4, 5, 14, 2, 4, 3),
('Cours-5845-16-M1-ILSEN-cla-Gr1-Index-Education', '2023-10-10 12:30:00', '2023-10-10 14:00:00', 4, 5, 14, 1, 4, 3),
('Cours-5846-24-M1-ILSEN-alt-GR1-Index-Education', '2023-12-04 07:30:00', '2023-12-04 09:00:00', 4, 2, 12, 2, 4, 3),
('Cours-5846-24-M1-ILSEN-cla-Gr1-Index-Education', '2023-12-04 07:30:00', '2023-12-04 09:00:00', 4, 2, 12, 1, 4, 3),
('Cours-5848-26-M1-IA-IL-ALT-Index-Education', '2023-12-22 15:00:00', '2023-12-22 16:30:00', 5, 7, 7, 4, 4, 3),
('Cours-58869-25-M1-IA-IL-ALT-Index-Education', '2023-12-11 09:00:00', '2023-12-11 12:00:00', 29, 13, 12, 4, 4, 3),
('Cours-58869-25-M1-IA-IL-CLA-Index-Education', '2023-12-11 09:00:00', '2023-12-11 12:00:00', 29, 13, 12, 3, 4, 3),
('Cours-58872-25-M1-IA-IL-ALT-Index-Education', '2023-12-17 12:00:00', '2023-12-17 13:30:00', 29, 13, 34, 4, 3, 3),
('Cours-58872-25-M1-IA-IL-CLA-Index-Education', '2023-12-17 12:00:00', '2023-12-17 13:30:00', 29, 13, 34, 3, 3, 3),
('Cours-5912-12-M1-IA-IL-ALT-Index-Education', '2023-09-12 06:30:00', '2023-09-12 09:30:00', 26, 16, 8, 4, 3, 3),
('Cours-5912-12-M1-IA-IL-CLA-Index-Education', '2023-09-12 06:30:00', '2023-09-12 09:30:00', 26, 16, 8, 3, 3, 3),
('Cours-5912-13-M1-IA-IL-ALT-Index-Education', '2023-09-19 06:30:00', '2023-09-19 09:30:00', 26, 16, 11, 4, 3, 3),
('Cours-5912-13-M1-IA-IL-CLA-Index-Education', '2023-09-19 06:30:00', '2023-09-19 09:30:00', 26, 16, 11, 3, 3, 3),
('Cours-5914-17-M1-IA-IL-ALT-Index-Education', '2023-10-20 08:00:00', '2023-10-20 09:30:00', 26, 16, 12, 4, 4, 3),
('Cours-5914-17-M1-IA-IL-CLA-Index-Education', '2023-10-20 08:00:00', '2023-10-20 09:30:00', 26, 16, 12, 3, 4, 3),
('Cours-5922-17-M1-IA-IL-CLA-Index-Education', '2023-10-17 08:00:00', '2023-10-17 11:00:00', 10, 11, 5, 3, 4, 3),
('Cours-5925-17-M1-IA-IL-ALT-Index-Education', '2023-10-16 14:00:00', '2023-10-16 17:00:00', 7, 10, 35, 4, 6, 3),
('Cours-5934-17-M1-IA-IL-CLA-Index-Education', '2023-10-16 06:30:00', '2023-10-16 09:30:00', 10, 11, 14, 3, 4, 3),
('Cours-5938-16-M1-IA-IL-ALT-Index-Education', '2023-10-10 12:30:00', '2023-10-10 14:00:00', 26, 16, 22, 4, 4, 3),
('Cours-5938-16-M1-IA-IL-CLA-Index-Education', '2023-10-10 12:30:00', '2023-10-10 14:00:00', 26, 16, 22, 3, 4, 3),
('Cours-5950-18-M1-IA-IL-CLA-Index-Education', '2023-10-26 14:00:00', '2023-10-26 17:00:00', 9, 4, 27, 3, 4, 3),
('Cours-5951-20-M1-IA-IL-ALT-Index-Education', '2023-11-08 09:00:00', '2023-11-08 12:00:00', 26, 16, 29, 4, 4, 3),
('Cours-5951-20-M1-IA-IL-CLA-Index-Education', '2023-11-08 09:00:00', '2023-11-08 12:00:00', 26, 16, 29, 3, 4, 3),
('Cours-5961-12-M1-IA-IL-ALT-Index-Education', '2023-09-15 15:30:00', '2023-09-15 17:00:00', 27, 39, 8, 4, 3, 3),
('Cours-5961-12-M1-IA-IL-CLA-Index-Education', '2023-09-15 15:30:00', '2023-09-15 17:00:00', 27, 39, 8, 3, 3, 3),
('Cours-5964-12-M1-IA-IL-ALT-Index-Education', '2023-09-13 15:30:00', '2023-09-13 17:00:00', 27, 39, 11, 4, 3, 3),
('Cours-5964-12-M1-IA-IL-CLA-Index-Education', '2023-09-13 15:30:00', '2023-09-13 17:00:00', 27, 39, 11, 3, 3, 3),
('Cours-5972-17-M1-IA-IL-ALT-Index-Education', '2023-10-16 12:30:00', '2023-10-16 14:00:00', 27, 39, 29, 4, 3, 3),
('Cours-5972-17-M1-IA-IL-CLA-Index-Education', '2023-10-16 12:30:00', '2023-10-16 14:00:00', 27, 39, 29, 3, 3, 3),
('Cours-5974-20-M1-IA-IL-ALT-Index-Education', '2023-11-09 09:00:00', '2023-11-09 10:30:00', 27, 39, 11, 4, 3, 3),
('Cours-5974-20-M1-IA-IL-CLA-Index-Education', '2023-11-09 09:00:00', '2023-11-09 10:30:00', 27, 39, 11, 3, 3, 3),
('Cours-5975-16-M1-IA-IL-ALT-Index-Education', '2023-10-13 15:30:00', '2023-10-13 17:00:00', 27, 39, 21, 4, 6, 3),
('Cours-5975-16-M1-IA-IL-CLA-Index-Education', '2023-10-13 15:30:00', '2023-10-13 17:00:00', 27, 39, 21, 3, 6, 3),
('Cours-5980-13-M1-IA-IL-ALT-Index-Education', '2023-09-18 06:30:00', '2023-09-18 08:00:00', 27, 39, 11, 4, 3, 3),
('Cours-5980-13-M1-IA-IL-CLA-Index-Education', '2023-09-18 06:30:00', '2023-09-18 08:00:00', 27, 39, 11, 3, 3, 3),
('Cours-5980-16-M1-IA-IL-ALT-Index-Education', '2023-10-09 06:30:00', '2023-10-09 08:00:00', 27, 39, 11, 4, 3, 3),
('Cours-5980-16-M1-IA-IL-CLA-Index-Education', '2023-10-09 06:30:00', '2023-10-09 08:00:00', 27, 39, 11, 3, 3, 3),
('Cours-5980-24-M1-IA-IL-ALT-Index-Education', '2023-12-04 07:30:00', '2023-12-04 09:00:00', 27, 39, 11, 4, 3, 3),
('Cours-5980-24-M1-IA-IL-CLA-Index-Education', '2023-12-04 07:30:00', '2023-12-04 09:00:00', 27, 39, 11, 3, 3, 3),
('Cours-5981-24-M1-IA-IL-ALT-Index-Education', '2023-12-06 10:30:00', '2023-12-06 12:00:00', 27, 39, 11, 4, 6, 3),
('Cours-5981-24-M1-IA-IL-CLA-Index-Education', '2023-12-06 10:30:00', '2023-12-06 12:00:00', 27, 39, 11, 3, 6, 3),
('Cours-5982-24-M1-IA-IL-ALT-Index-Education', '2023-12-05 13:30:00', '2023-12-05 15:00:00', 27, 39, 11, 4, 6, 3),
('Cours-5982-24-M1-IA-IL-CLA-Index-Education', '2023-12-05 13:30:00', '2023-12-05 15:00:00', 27, 39, 11, 3, 6, 3),
('Cours-5983-21-M1-IA-IL-ALT-Index-Education', '2023-11-17 13:30:00', '2023-11-17 15:00:00', 27, 39, 11, 4, 6, 3),
('Cours-5983-21-M1-IA-IL-CLA-Index-Education', '2023-11-17 13:30:00', '2023-11-17 15:00:00', 27, 39, 11, 3, 6, 3),
('Cours-5984-21-M1-IA-IL-ALT-Index-Education', '2023-11-14 07:30:00', '2023-11-14 09:00:00', 27, 39, 21, 4, 3, 3),
('Cours-5984-21-M1-IA-IL-CLA-Index-Education', '2023-11-14 07:30:00', '2023-11-14 09:00:00', 27, 39, 21, 3, 3, 3),
('Cours-5986-26-M1-IA-IL-ALT-Index-Education', '2023-12-21 07:30:00', '2023-12-21 09:30:00', 27, 39, 9, 4, 5, 3),
('Cours-5986-26-M1-IA-IL-CLA-Index-Education', '2023-12-21 07:30:00', '2023-12-21 09:30:00', 27, 39, 9, 3, 5, 3),
('Cours-6007-29-M1-IA-IL-ALT-Index-Education', '2024-01-08 12:00:00', '2024-01-08 13:30:00', 28, 40, 8, 4, 5, 3),
('Cours-6007-29-M1-IA-IL-CLA-Index-Education', '2024-01-08 12:00:00', '2024-01-08 13:30:00', 28, 40, 8, 3, 5, 3),
('Cours-6027-21-M1-IA-IL-ALT-Index-Education', '2023-11-13 13:30:00', '2023-11-13 16:30:00', 28, 40, 22, 4, 3, 3),
('Cours-6027-21-M1-IA-IL-CLA-Index-Education', '2023-11-13 13:30:00', '2023-11-13 16:30:00', 28, 40, 22, 3, 3, 3),
('Cours-60297-37-M1-IA-IL-ALT-Index-Education', '2024-03-06 10:30:00', '2024-03-06 12:00:00', 30, 45, 8, 4, 3, 3),
('Cours-60297-37-M1-IA-IL-CLA-Index-Education', '2024-03-06 10:30:00', '2024-03-06 12:00:00', 30, 45, 8, 3, 3, 3),
('Cours-60298-38-M1-IA-IL-ALT-Index-Education', '2024-03-13 12:00:00', '2024-03-13 13:30:00', 30, 45, 8, 4, 3, 3),
('Cours-60298-38-M1-IA-IL-CLA-Index-Education', '2024-03-13 12:00:00', '2024-03-13 13:30:00', 30, 45, 8, 3, 3, 3),
('Cours-6033-26-M1-IA-IL-ALT-Index-Education', '2023-12-18 07:30:00', '2023-12-18 10:30:00', 28, 40, 13, 4, 3, 3),
('Cours-6033-26-M1-IA-IL-CLA-Index-Education', '2023-12-18 07:30:00', '2023-12-18 10:30:00', 28, 40, 13, 3, 3, 3),
('Cours-6034-25-M1-IA-IL-ALT-Index-Education', '2023-12-15 07:30:00', '2023-12-15 09:00:00', 28, 40, 2, 4, 4, 3),
('Cours-6034-25-M1-IA-IL-CLA-Index-Education', '2023-12-15 07:30:00', '2023-12-15 09:00:00', 28, 40, 2, 3, 4, 3),
('Cours-6035-26-M1-IA-IL-ALT-Index-Education', '2023-12-19 09:00:00', '2023-12-19 12:00:00', 28, 40, 13, 4, 4, 3),
('Cours-6035-26-M1-IA-IL-CLA-Index-Education', '2023-12-19 09:00:00', '2023-12-19 12:00:00', 28, 40, 13, 3, 4, 3),
('Cours-6045-12-M1-IA-IL-ALT-Index-Education', '2023-09-15 12:30:00', '2023-09-15 14:00:00', 29, 13, 8, 4, 3, 3),
('Cours-6045-12-M1-IA-IL-CLA-Index-Education', '2023-09-15 12:30:00', '2023-09-15 14:00:00', 29, 13, 8, 3, 3, 3),
('Cours-6046-13-M1-IA-IL-ALT-Index-Education', '2023-09-21 12:30:00', '2023-09-21 14:00:00', 29, 13, 8, 4, 3, 3),
('Cours-6046-13-M1-IA-IL-CLA-Index-Education', '2023-09-21 12:30:00', '2023-09-21 14:00:00', 29, 13, 8, 3, 3, 3),
('Cours-6050-25-M1-IA-IL-ALT-Index-Education', '2023-12-13 10:30:00', '2023-12-13 12:00:00', 29, 13, 8, 4, 3, 3),
('Cours-6050-25-M1-IA-IL-CLA-Index-Education', '2023-12-13 10:30:00', '2023-12-13 12:00:00', 29, 13, 8, 3, 3, 3),
('Cours-6053-25-M1-IA-IL-ALT-Index-Education', '2023-12-15 09:00:00', '2023-12-15 12:00:00', 29, 13, 12, 4, 4, 3),
('Cours-6053-25-M1-IA-IL-CLA-Index-Education', '2023-12-15 09:00:00', '2023-12-15 12:00:00', 29, 13, 12, 3, 4, 3),
('Cours-6055-29-M1-IA-IL-ALT-Index-Education', '2024-01-10 07:30:00', '2024-01-10 10:30:00', 29, 13, 8, 4, 5, 3),
('Cours-6055-29-M1-IA-IL-CLA-Index-Education', '2024-01-10 07:30:00', '2024-01-10 10:30:00', 29, 13, 8, 3, 5, 3),
('Cours-6057-13-M1-IA-IL-ALT-Index-Education', '2023-09-18 14:00:00', '2023-09-18 15:30:00', 27, 39, 11, 4, 6, 3),
('Cours-6057-13-M1-IA-IL-CLA-Index-Education', '2023-09-18 14:00:00', '2023-09-18 15:30:00', 27, 39, 11, 3, 6, 3),
('Cours-6058-20-M1-ILSEN-cla-Gr1-Index-Education', '2023-11-10 12:00:00', '2023-11-10 15:00:00', 10, 12, 18, 1, 4, 3),
('Cours-6059-17-M1-IA-IL-ALT-Index-Education', '2023-10-19 14:00:00', '2023-10-19 17:00:00', 9, 4, 3, 4, 3, 3),
('Cours-6059-17-M1-IA-IL-CLA-Index-Education', '2023-10-19 14:00:00', '2023-10-19 17:00:00', 9, 4, 3, 3, 3, 3),
('Cours-6059-17-M1-ILSEN-cla-Gr1-Index-Education', '2023-10-19 14:00:00', '2023-10-19 17:00:00', 9, 4, 3, 1, 3, 3),
('Cours-6073-20-M1-ILSEN-alt-GR1-Index-Education', '2023-11-07 09:00:00', '2023-11-07 10:30:00', 4, 6, 14, 2, 4, 3),
('Cours-6073-20-M1-ILSEN-cla-Gr1-Index-Education', '2023-11-07 09:00:00', '2023-11-07 10:30:00', 4, 6, 14, 1, 4, 3),
('Cours-6074-17-M1-IA-IL-ALT-Index-Education', '2023-10-16 11:00:00', '2023-10-16 12:30:00', 29, 13, 29, 4, 3, 3),
('Cours-6074-17-M1-IA-IL-CLA-Index-Education', '2023-10-16 11:00:00', '2023-10-16 12:30:00', 29, 13, 29, 3, 3, 3),
('Cours-6076-16-M1-IA-IL-ALT-Index-Education', '2023-10-13 11:00:00', '2023-10-13 14:00:00', 29, 13, 18, 4, 4, 3),
('Cours-6076-16-M1-IA-IL-CLA-Index-Education', '2023-10-13 11:00:00', '2023-10-13 14:00:00', 29, 13, 18, 3, 4, 3),
('Cours-6078-16-M1-IA-IL-ALT-Index-Education', '2023-10-09 08:00:00', '2023-10-09 11:00:00', 10, 13, 27, 4, 4, 3),
('Cours-6078-20-M1-IA-IL-ALT-Index-Education', '2023-11-06 09:00:00', '2023-11-06 12:00:00', 10, 13, 12, 4, 4, 3),
('Cours-6081-24-M1-IA-IL-ALT-Index-Education', '2023-12-08 10:30:00', '2023-12-08 12:00:00', 5, 7, 7, 4, 4, 3),
('Cours-6087-17-M1-IA-IL-ALT-Index-Education', '2023-10-20 11:00:00', '2023-10-20 12:30:00', 5, 7, 7, 4, 4, 3),
('Cours-6088-29-M1-IA-IL-ALT-Index-Education', '2024-01-09 09:00:00', '2024-01-09 10:30:00', 5, 7, 7, 4, 4, 3),
('Cours-6097-25-M1-IA-IL-ALT-Index-Education', '2023-12-14 12:00:00', '2023-12-14 15:00:00', 8, 8, 18, 4, 4, 3),
('Cours-62620-33-M1-IA-IL-ALT-Index-Education', '2024-02-09 09:00:00', '2024-02-09 12:00:00', 30, 43, 14, 4, 4, 3),
('Cours-62620-33-M1-IA-IL-CLA-Index-Education', '2024-02-09 09:00:00', '2024-02-09 12:00:00', 30, 43, 14, 3, 4, 3),
('Cours-62716-21-M1-IA-IL-ALT-Index-Education', '2023-11-17 12:00:00', '2023-11-17 13:30:00', 2, 41, 11, 4, 2, 38),
('Cours-62716-21-M1-IA-IL-CLA-Index-Education', '2023-11-17 12:00:00', '2023-11-17 13:30:00', 2, 41, 11, 3, 2, 38),
('Cours-62796-29-M1-ILSEN-cla-Gr1-Index-Education', '2024-01-08 09:00:00', '2024-01-08 10:30:00', 5, 7, 7, 1, 4, 3),
('Cours-62797-30-M1-IA-IL-CLA-Index-Education', '2024-01-15 07:30:00', '2024-01-15 18:00:00', 5, 7, 7, 3, 5, 3),
('Cours-62797-30-M1-ILSEN-cla-Gr1-Index-Education', '2024-01-15 07:30:00', '2024-01-15 18:00:00', 5, 7, 7, 1, 5, 3),
('Cours-62801-30-M1-IA-IL-CLA-Index-Education', '2024-01-16 12:00:00', '2024-01-16 18:00:00', 5, 7, 7, 3, 5, 3),
('Cours-62801-30-M1-ILSEN-cla-Gr1-Index-Education', '2024-01-16 12:00:00', '2024-01-16 18:00:00', 5, 7, 7, 1, 5, 3),
('Cours-62806-30-M1-IA-IL-CLA-Index-Education', '2024-01-17 07:30:00', '2024-01-17 18:00:00', 5, 7, 7, 3, 5, 3),
('Cours-62806-30-M1-ILSEN-cla-Gr1-Index-Education', '2024-01-17 07:30:00', '2024-01-17 18:00:00', 5, 7, 7, 1, 5, 3),
('Cours-63390-39-M1-ILSEN-cla-Gr1-Index-Education', '2024-03-21 09:00:00', '2024-03-21 12:00:00', 21, 4, 12, 1, 4, 3),
('Cours-6344-19-M1-IA-IL-ALT-Index-Education', '2023-11-02 07:00:00', '2023-11-02 18:00:00', 2, 26, 29, 4, 2, 23),
('Cours-6344-19-M1-ILSEN-alt-GR1-Index-Education', '2023-11-02 07:00:00', '2023-11-02 18:00:00', 2, 26, 29, 2, 2, 23),
('Cours-6345-19-M1-IA-IL-ALT-Index-Education', '2023-11-03 07:00:00', '2023-11-03 18:00:00', 2, 26, 29, 4, 2, 23),
('Cours-6345-19-M1-ILSEN-alt-GR1-Index-Education', '2023-11-03 07:00:00', '2023-11-03 18:00:00', 2, 26, 29, 2, 2, 23),
('Cours-6347-27-M1-IA-IL-ALT-Index-Education', '2023-12-25 07:00:00', '2023-12-25 18:00:00', 2, 26, 29, 4, 2, 23),
('Cours-6347-27-M1-ILSEN-alt-GR1-Index-Education', '2023-12-25 07:00:00', '2023-12-25 18:00:00', 2, 26, 29, 2, 2, 23),
('Cours-6348-28-M1-IA-IL-ALT-Index-Education', '2024-01-01 07:00:00', '2024-01-01 18:00:00', 2, 26, 29, 4, 2, 23),
('Cours-6348-28-M1-ILSEN-alt-GR1-Index-Education', '2024-01-01 07:00:00', '2024-01-01 18:00:00', 2, 26, 29, 2, 2, 23),
('Cours-63838-25-M1-IA-IL-ALT-Index-Education', '2023-12-15 13:30:00', '2023-12-15 16:30:00', 10, 13, 2, 4, 5, 3),
('Cours-63838-25-M1-IA-IL-CLA-Index-Education', '2023-12-15 13:30:00', '2023-12-15 16:30:00', 10, 13, 2, 3, 5, 3),
('Cours-63838-25-M1-ILSEN-cla-Gr1-Index-Education', '2023-12-15 13:30:00', '2023-12-15 16:30:00', 10, 13, 2, 1, 5, 3),
('Cours-6662-26-M1-IA-IL-ALT-Index-Education', '2023-12-21 13:30:00', '2023-12-21 16:30:00', 8, 8, 18, 4, 5, 3),
('Cours-67540-39-M1-IA-IL-ALT-Index-Education', '2024-03-22 07:30:00', '2024-03-22 09:00:00', 22, 22, 28, 4, 6, 3),
('Cours-67540-39-M1-ILSEN-alt-GR1-Index-Education', '2024-03-22 07:30:00', '2024-03-22 09:00:00', 22, 22, 28, 2, 6, 3),
('Cours-67776-14-M1-IA-IL-CLA-Index-Education', '2023-09-25 06:30:00', '2023-09-25 08:00:00', 5, 7, 7, 3, 4, 3),
('Cours-67776-15-M1-IA-IL-CLA-Index-Education', '2023-10-02 06:30:00', '2023-10-02 08:00:00', 5, 7, 7, 3, 4, 3),
('Cours-67776-18-M1-IA-IL-CLA-Index-Education', '2023-10-23 06:30:00', '2023-10-23 08:00:00', 5, 7, 7, 3, 4, 3),
('Cours-67783-23-M1-ILSEN-cla-Gr1-Index-Education', '2023-12-01 07:30:00', '2023-12-01 09:00:00', 5, 7, 21, 1, 5, 3),
('Cours-69497-26-M1-ILSEN-cla-Gr1-Index-Education', '2023-12-20 15:00:00', '2023-12-20 16:30:00', 5, 7, 7, 1, 4, 3),
('Cours-69630-39-M1-ILSEN-alt-GR1-Index-Education', '2024-03-20 07:30:00', '2024-03-20 10:30:00', 21, 27, 12, 2, 4, 3),
('Cours-69630-42-M1-ILSEN-alt-GR1-Index-Education', '2024-04-10 06:30:00', '2024-04-10 09:30:00', 21, 27, 12, 2, 4, 3),
('Cours-69630-43-M1-ILSEN-alt-GR1-Index-Education', '2024-04-17 06:30:00', '2024-04-17 09:30:00', 21, 27, 12, 2, 4, 3),
('Cours-69632-37-M1-ILSEN-alt-GR1-Index-Education', '2024-03-08 07:30:00', '2024-03-08 10:30:00', 21, 27, 12, 2, 4, 3),
('Cours-70542-26-M1-IA-IL-ALT-Index-Education', '2023-12-19 13:30:00', '2023-12-19 16:30:00', 29, 13, 12, 4, 4, 3),
('Cours-70542-26-M1-IA-IL-CLA-Index-Education', '2023-12-19 13:30:00', '2023-12-19 16:30:00', 29, 13, 12, 3, 4, 3),
('Cours-71065-34-M1-IA-IL-ALT-Index-Education', '2024-02-16 13:30:00', '2024-02-16 15:00:00', 31, 44, 11, 4, 3, 3),
('Cours-71065-34-M1-IA-IL-CLA-Index-Education', '2024-02-16 13:30:00', '2024-02-16 15:00:00', 31, 44, 11, 3, 3, 3),
('Cours-71069-37-M1-IA-IL-ALT-Index-Education', '2024-03-04 16:30:00', '2024-03-04 18:00:00', 31, 44, 11, 4, 3, 3),
('Cours-71069-37-M1-IA-IL-CLA-Index-Education', '2024-03-04 16:30:00', '2024-03-04 18:00:00', 31, 44, 11, 3, 3, 3),
('Cours-7115-18-M1-IA-IL-CLA-Index-Education', '2023-10-26 11:00:00', '2023-10-26 14:00:00', 12, 13, 19, 3, 4, 3),
('Cours-7115-18-M1-ILSEN-cla-Gr1-Index-Education', '2023-10-26 11:00:00', '2023-10-26 14:00:00', 12, 13, 19, 1, 4, 3),
('Cours-71329-39-M1-ILSEN-cla-Gr1-Index-Education', '2024-03-19 10:30:00', '2024-03-19 12:00:00', 15, 16, 12, 1, 4, 3),
('Cours-71330-39-M1-IA-IL-CLA-Index-Education', '2024-03-22 15:00:00', '2024-03-22 16:30:00', 15, 16, 18, 3, 4, 3),
('Cours-71538-26-M1-IA-IL-CLA-Index-Education', '2023-12-22 10:30:00', '2023-12-22 12:00:00', 5, 7, 7, 3, 4, 3),
('Cours-71539-29-M1-IA-IL-CLA-Index-Education', '2024-01-08 13:30:00', '2024-01-08 15:00:00', 5, 7, 7, 3, 4, 3),
('Cours-7182-30-M1-IA-IL-CLA-Index-Education', '2024-01-16 09:00:00', '2024-01-16 12:00:00', 12, 13, 20, 3, 4, 3),
('Cours-7182-30-M1-ILSEN-cla-Gr1-Index-Education', '2024-01-16 09:00:00', '2024-01-16 12:00:00', 12, 13, 20, 1, 4, 3),
('Cours-73535-38-M1-IA-IL-CLA-Index-Education', '2024-03-15 15:00:00', '2024-03-15 18:00:00', 18, 21, 18, 3, 4, 3),
('Cours-73552-37-M1-IA-IL-ALT-Index-Education', '2024-03-05 15:00:00', '2024-03-05 18:00:00', 24, 21, 5, 4, 4, 3),
('Cours-73552-37-M1-ILSEN-alt-GR1-Index-Education', '2024-03-05 15:00:00', '2024-03-05 18:00:00', 24, 21, 5, 2, 4, 3),
('Cours-73553-34-M1-IA-IL-ALT-Index-Education', '2024-02-13 07:30:00', '2024-02-13 10:30:00', 18, 21, 22, 4, 4, 3),
('Cours-73553-34-M1-ILSEN-alt-GR1-Index-Education', '2024-02-13 07:30:00', '2024-02-13 10:30:00', 18, 21, 22, 2, 4, 3),
('Cours-73553-37-M1-IA-IL-ALT-Index-Education', '2024-03-05 07:30:00', '2024-03-05 10:30:00', 18, 21, 5, 4, 4, 3),
('Cours-73553-37-M1-ILSEN-alt-GR1-Index-Education', '2024-03-05 07:30:00', '2024-03-05 10:30:00', 18, 21, 5, 2, 4, 3),
('Cours-73553-38-M1-IA-IL-ALT-Index-Education', '2024-03-12 07:30:00', '2024-03-12 10:30:00', 18, 21, 27, 4, 4, 3),
('Cours-73553-38-M1-ILSEN-alt-GR1-Index-Education', '2024-03-12 07:30:00', '2024-03-12 10:30:00', 18, 21, 27, 2, 4, 3),
('Cours-73555-42-M1-ILSEN-alt-GR1-Index-Education', '2024-04-09 11:00:00', '2024-04-09 14:00:00', 17, 13, 6, 2, 4, 3),
('Cours-73556-39-M1-ILSEN-alt-GR1-Index-Education', '2024-03-21 12:00:00', '2024-03-21 15:00:00', 17, 13, 22, 2, 4, 3),
('Cours-73557-37-M1-IA-IL-ALT-Index-Education', '2024-03-06 16:30:00', '2024-03-06 18:00:00', 22, 22, 10, 4, 6, 3),
('Cours-73557-37-M1-ILSEN-alt-GR1-Index-Education', '2024-03-06 16:30:00', '2024-03-06 18:00:00', 22, 22, 10, 2, 6, 3),
('Cours-73558-42-M1-IA-IL-ALT-Index-Education', '2024-04-09 06:30:00', '2024-04-09 08:00:00', 22, 22, 10, 4, 6, 3),
('Cours-73558-42-M1-ILSEN-alt-GR1-Index-Education', '2024-04-09 06:30:00', '2024-04-09 08:00:00', 22, 22, 10, 2, 6, 3),
('Cours-73559-43-M1-IA-IL-ALT-Index-Education', '2024-04-15 15:30:00', '2024-04-15 17:00:00', 22, 22, 10, 4, 6, 3),
('Cours-73559-43-M1-ILSEN-alt-GR1-Index-Education', '2024-04-15 15:30:00', '2024-04-15 17:00:00', 22, 22, 10, 2, 6, 3),
('Cours-73689-30-M1-IA-IL-CLA-Index-Education', '2024-01-18 10:30:00', '2024-01-18 12:30:00', 2, 41, 11, 3, 2, 36),
('Cours-73701-32-M1-ILSEN-alt-GR1-Index-Education', '2024-01-29 07:30:00', '2024-01-29 10:30:00', 20, 21, 11, 2, 3, 3),
('Cours-73701-32-M1-ILSEN-cla-Gr1-Index-Education', '2024-01-29 07:30:00', '2024-01-29 10:30:00', 20, 21, 11, 1, 3, 3),
('Cours-73708-33-M1-ILSEN-alt-GR1-Index-Education', '2024-02-09 15:00:00', '2024-02-09 18:00:00', 20, 21, 11, 2, 3, 3),
('Cours-73708-33-M1-ILSEN-cla-Gr1-Index-Education', '2024-02-09 15:00:00', '2024-02-09 18:00:00', 20, 21, 11, 1, 3, 3),
('Cours-73709-32-M1-IA-IL-ALT-Index-Education', '2024-01-29 13:30:00', '2024-01-29 15:00:00', 22, 22, 10, 4, 6, 3),
('Cours-73709-32-M1-ILSEN-alt-GR1-Index-Education', '2024-01-29 13:30:00', '2024-01-29 15:00:00', 22, 22, 10, 2, 6, 3),
('Cours-73710-33-M1-ILSEN-alt-GR1-Index-Education', '2024-02-10 12:00:00', '2024-02-10 13:30:00', 20, 21, 2, 2, 3, 3),
('Cours-73710-33-M1-ILSEN-cla-Gr1-Index-Education', '2024-02-10 12:00:00', '2024-02-10 13:30:00', 20, 21, 2, 1, 3, 3),
('Cours-74215-39-M1-ILSEN-cla-Gr1-Index-Education', '2024-03-20 16:30:00', '2024-03-20 18:00:00', 17, 18, 18, 1, 4, 3),
('Cours-75618-31-M1-IA-IL-CLA-Index-Education', '2024-01-22 13:00:00', '2024-01-22 16:00:00', 5, 7, 7, 3, 9, 3),
('Cours-75618-31-M1-ILSEN-cla-Gr1-Index-Education', '2024-01-22 13:00:00', '2024-01-22 16:00:00', 5, 7, 7, 1, 9, 3),
('Cours-75634-34-M1-IA-IL-CLA-Index-Education', '2024-02-15 15:00:00', '2024-02-15 18:00:00', 18, 21, 5, 3, 4, 3),
('Cours-76155-37-M1-IA-IL-ALT-Index-Education', '2024-03-07 16:30:00', '2024-03-07 18:00:00', 30, 43, 8, 4, 5, 3),
('Cours-76155-37-M1-IA-IL-CLA-Index-Education', '2024-03-07 16:30:00', '2024-03-07 18:00:00', 30, 43, 8, 3, 5, 3),
('Cours-76661-43-M1-ILSEN-alt-GR1-Index-Education', '2024-04-17 12:30:00', '2024-04-17 15:30:00', 17, 13, 15, 2, 4, 3),
('Cours-76663-47-M1-IA-IL-ALT-Index-Education', '2024-05-17 06:30:00', '2024-05-17 08:00:00', 22, 22, 7, 4, 6, 3),
('Cours-76663-47-M1-ILSEN-alt-GR1-Index-Education', '2024-05-17 06:30:00', '2024-05-17 08:00:00', 22, 22, 7, 2, 6, 3),
('Cours-76664-43-M1-IA-IL-ALT-Index-Education', '2024-04-16 09:30:00', '2024-04-16 11:00:00', 22, 22, 7, 4, 6, 3),
('Cours-76664-43-M1-ILSEN-alt-GR1-Index-Education', '2024-04-16 09:30:00', '2024-04-16 11:00:00', 22, 22, 7, 2, 6, 3),
('Cours-76665-43-M1-IA-IL-ALT-Index-Education', '2024-04-17 06:30:00', '2024-04-17 09:30:00', 32, 45, 14, 4, 4, 3),
('Cours-76665-43-M1-IA-IL-CLA-Index-Education', '2024-04-17 06:30:00', '2024-04-17 09:30:00', 32, 45, 14, 3, 4, 3),
('Cours-76667-47-M1-IA-IL-ALT-Index-Education', '2024-05-15 14:00:00', '2024-05-15 17:00:00', 32, 45, 12, 4, 4, 3),
('Cours-76667-47-M1-IA-IL-CLA-Index-Education', '2024-05-15 14:00:00', '2024-05-15 17:00:00', 32, 45, 12, 3, 4, 3),
('Cours-76683-45-M1-IA-IL-ALT-Index-Education', '2024-05-02 06:00:00', '2024-05-02 17:00:00', 2, 26, 29, 4, 2, 23),
('Cours-76683-45-M1-ILSEN-alt-GR1-Index-Education', '2024-05-02 06:00:00', '2024-05-02 17:00:00', 2, 26, 29, 2, 2, 23),
('Cours-76684-45-M1-IA-IL-ALT-Index-Education', '2024-05-03 06:00:00', '2024-05-03 17:00:00', 2, 26, 29, 4, 2, 23),
('Cours-76684-45-M1-ILSEN-alt-GR1-Index-Education', '2024-05-03 06:00:00', '2024-05-03 17:00:00', 2, 26, 29, 2, 2, 23),
('Cours-78662-33-M1-IA-IL-ALT-Index-Education', '2024-02-08 10:30:00', '2024-02-08 12:00:00', 2, 26, 3, 4, 2, 37),
('Cours-78662-33-M1-IA-IL-CLA-Index-Education', '2024-02-08 10:30:00', '2024-02-08 12:00:00', 2, 26, 3, 3, 2, 37),
('Cours-79616-42-M1-IA-IL-CLA-Index-Education', '2024-04-12 06:30:00', '2024-04-12 08:00:00', 16, 14, 8, 3, 7, 22),
('Cours-79616-42-M1-ILSEN-cla-Gr1-Index-Education', '2024-04-12 06:30:00', '2024-04-12 08:00:00', 16, 14, 8, 1, 7, 22),
('Cours-80070-20-M1-IA-IL-ALT-Index-Education', '2023-11-07 12:00:00', '2023-11-07 15:00:00', 6, 8, 2, 4, 3, 3),
('Cours-80070-20-M1-IA-IL-CLA-Index-Education', '2023-11-07 12:00:00', '2023-11-07 15:00:00', 6, 8, 2, 3, 3, 3),
('Cours-80070-20-M1-ILSEN-cla-Gr1-Index-Education', '2023-11-07 12:00:00', '2023-11-07 15:00:00', 6, 8, 2, 1, 3, 3),
('Cours-80070-21-M1-IA-IL-ALT-Index-Education', '2023-11-14 12:00:00', '2023-11-14 15:00:00', 6, 8, 2, 4, 3, 3),
('Cours-80070-21-M1-IA-IL-CLA-Index-Education', '2023-11-14 12:00:00', '2023-11-14 15:00:00', 6, 8, 2, 3, 3, 3),
('Cours-80070-21-M1-ILSEN-cla-Gr1-Index-Education', '2023-11-14 12:00:00', '2023-11-14 15:00:00', 6, 8, 2, 1, 3, 3),
('Cours-80573-37-M1-ILSEN-cla-Gr1-Index-Education', '2024-03-05 12:00:00', '2024-03-05 15:00:00', 23, 25, 12, 1, 4, 3),
('Cours-80694-37-M1-IA-IL-ALT-Index-Education', '2024-03-04 15:00:00', '2024-03-04 16:30:00', 31, 28, 8, 4, 3, 3),
('Cours-80694-37-M1-IA-IL-CLA-Index-Education', '2024-03-04 15:00:00', '2024-03-04 16:30:00', 31, 28, 8, 3, 3, 3),
('Cours-80838-42-M1-ILSEN-alt-GR1-Index-Education', '2024-04-09 14:00:00', '2024-04-09 17:00:00', 20, 21, 22, 2, 5, 3),
('Cours-80839-38-M1-ILSEN-alt-GR1-Index-Education', '2024-03-15 09:00:00', '2024-03-15 10:30:00', 20, 21, 22, 2, 4, 3),
('Cours-80842-37-M1-ILSEN-cla-Gr1-Index-Education', '2024-03-08 12:00:00', '2024-03-08 15:00:00', 20, 21, 5, 1, 5, 3),
('Cours-80843-35-M1-ILSEN-cla-Gr1-Index-Education', '2024-02-23 07:30:00', '2024-02-23 10:30:00', 20, 21, 6, 1, 4, 3),
('Cours-81240-39-M1-ILSEN-alt-GR1-Index-Education', '2024-03-19 13:30:00', '2024-03-19 15:00:00', 20, 21, 2, 2, 5, 3),
('Cours-81240-39-M1-ILSEN-cla-Gr1-Index-Education', '2024-03-19 13:30:00', '2024-03-19 15:00:00', 20, 21, 2, 1, 5, 3),
('Cours-81241-34-M1-ILSEN-alt-GR1-Index-Education', '2024-02-17 07:30:00', '2024-02-17 09:00:00', 20, 21, 9, 2, 3, 3),
('Cours-81241-34-M1-ILSEN-cla-Gr1-Index-Education', '2024-02-17 07:30:00', '2024-02-17 09:00:00', 20, 21, 9, 1, 3, 3),
('Cours-81242-41-M1-ILSEN-cla-Gr1-Index-Education', '2024-04-02 12:30:00', '2024-04-02 15:30:00', 23, 25, 12, 1, 4, 3),
('Cours-81557-40-M1-IA-IL-CLA-Index-Education', '2024-03-25 07:30:00', '2024-03-25 10:30:00', 18, 21, 18, 3, 4, 3),
('Cours-82548-40-M1-IA-IL-CLA-Index-Education', '2024-03-25 10:30:00', '2024-03-25 11:30:00', 2, 28, 3, 3, 2, 39),
('Cours-82553-42-M1-IA-IL-CLA-Index-Education', '2024-04-12 09:30:00', '2024-04-12 10:30:00', 2, 28, 2, 3, 2, 40);

-- --------------------------------------------------------

--
-- Structure de la table `type`
--

CREATE TABLE `type` (
  `id` int(11) NOT NULL,
  `name` varchar(50) DEFAULT NULL
) ENGINE=InnoDB DEFAULT CHARSET=utf8mb4 COLLATE=utf8mb4_general_ci;

--
-- Déchargement des données de la table `type`
--

INSERT INTO `type` (`id`, `name`) VALUES
(1, 'Type'),
(2, ''),
(3, 'CM'),
(4, 'TP'),
(5, 'Evaluation'),
(6, 'TD'),
(7, 'CM/TD'),
(8, 'Oraux'),
(9, 'Rattrapage'),
(10, 'Conference');

--
-- Index pour les tables déchargées
--

--
-- Index pour la table `enseignant`
--
ALTER TABLE `enseignant`
  ADD PRIMARY KEY (`id`);

--
-- Index pour la table `etudiant`
--
ALTER TABLE `etudiant`
  ADD PRIMARY KEY (`id`),
  ADD KEY `fk_etudiant_formation` (`formation_id`);

--
-- Index pour la table `formation`
--
ALTER TABLE `formation`
  ADD PRIMARY KEY (`id`);

--
-- Index pour la table `matiere`
--
ALTER TABLE `matiere`
  ADD PRIMARY KEY (`id`);

--
-- Index pour la table `memo`
--
ALTER TABLE `memo`
  ADD PRIMARY KEY (`id`);

--
-- Index pour la table `salle`
--
ALTER TABLE `salle`
  ADD PRIMARY KEY (`id`);

--
-- Index pour la table `seance`
--
ALTER TABLE `seance`
  ADD PRIMARY KEY (`uid`),
  ADD KEY `matiere_id` (`matiere_id`),
  ADD KEY `enseignant_id` (`enseignant_id`),
  ADD KEY `formation_id` (`formation_id`),
  ADD KEY `memo_id` (`memo_id`),
  ADD KEY `salle_id` (`salle_id`),
  ADD KEY `fk_type_id` (`type_id`);

--
-- Index pour la table `type`
--
ALTER TABLE `type`
  ADD PRIMARY KEY (`id`);

--
-- AUTO_INCREMENT pour les tables déchargées
--

--
-- AUTO_INCREMENT pour la table `enseignant`
--
ALTER TABLE `enseignant`
  MODIFY `id` int(11) NOT NULL AUTO_INCREMENT, AUTO_INCREMENT=46;

--
-- AUTO_INCREMENT pour la table `etudiant`
--
ALTER TABLE `etudiant`
  MODIFY `id` int(11) NOT NULL AUTO_INCREMENT, AUTO_INCREMENT=2;

--
-- AUTO_INCREMENT pour la table `formation`
--
ALTER TABLE `formation`
  MODIFY `id` int(11) NOT NULL AUTO_INCREMENT, AUTO_INCREMENT=5;

--
-- AUTO_INCREMENT pour la table `matiere`
--
ALTER TABLE `matiere`
  MODIFY `id` int(11) NOT NULL AUTO_INCREMENT, AUTO_INCREMENT=33;

--
-- AUTO_INCREMENT pour la table `memo`
--
ALTER TABLE `memo`
  MODIFY `id` int(11) NOT NULL AUTO_INCREMENT, AUTO_INCREMENT=41;

--
-- AUTO_INCREMENT pour la table `salle`
--
ALTER TABLE `salle`
  MODIFY `id` int(11) NOT NULL AUTO_INCREMENT, AUTO_INCREMENT=36;

--
-- AUTO_INCREMENT pour la table `type`
--
ALTER TABLE `type`
  MODIFY `id` int(11) NOT NULL AUTO_INCREMENT, AUTO_INCREMENT=11;

--
-- Contraintes pour les tables déchargées
--

--
-- Contraintes pour la table `etudiant`
--
ALTER TABLE `etudiant`
  ADD CONSTRAINT `fk_etudiant_formation` FOREIGN KEY (`formation_id`) REFERENCES `formation` (`id`);

--
-- Contraintes pour la table `seance`
--
ALTER TABLE `seance`
  ADD CONSTRAINT `fk_type_id` FOREIGN KEY (`type_id`) REFERENCES `type` (`id`),
  ADD CONSTRAINT `seance_ibfk_1` FOREIGN KEY (`matiere_id`) REFERENCES `matiere` (`id`),
  ADD CONSTRAINT `seance_ibfk_2` FOREIGN KEY (`enseignant_id`) REFERENCES `enseignant` (`id`),
  ADD CONSTRAINT `seance_ibfk_3` FOREIGN KEY (`salle_id`) REFERENCES `salle` (`id`),
  ADD CONSTRAINT `seance_ibfk_4` FOREIGN KEY (`formation_id`) REFERENCES `formation` (`id`),
  ADD CONSTRAINT `seance_ibfk_5` FOREIGN KEY (`memo_id`) REFERENCES `memo` (`id`);
COMMIT;

/*!40101 SET CHARACTER_SET_CLIENT=@OLD_CHARACTER_SET_CLIENT */;
/*!40101 SET CHARACTER_SET_RESULTS=@OLD_CHARACTER_SET_RESULTS */;
/*!40101 SET COLLATION_CONNECTION=@OLD_COLLATION_CONNECTION */;
